capture_id,pcap_filename,dataset_split,dataset_origin,ps_id,ike_version,ipsec_protocol,mode,ip_version,encryption_algorithm,integrity_algorithm,authentication_method,key_exchange,dh_group,pfs_enabled,replay_protection,sa_lifetime_seconds,nat_traversal,udp_500_seen,udp_4500_seen,spi_in,spi_out,traffic_label,inner_protocol_expected,outer_ip_protocol,esp_next_header,duration_seconds,packet_count,ike_packet_count,esp_packet_count,retransmission_count,avg_packet_size_bytes,std_packet_size_bytes,packets_per_second,bytes_total,bytes_up,bytes_down,uplink_ratio,avg_interarrival_ms,metadata_exposure,security_score,risk_level,highest_finding_severity,security_findings,protocol_identification_confidence_target,traffic_classification_confidence_target,ground_truth_label
IPSEC-001-01,ipsec-001-01.pcap,train,synthetic_lab_ground_truth,26160,IKEv1,ESP,Tunnel,IPv4,AES-128-GCM,AEAD-GCM,RSA-Signature,Diffie-Hellman,DH14,True,True,14400,False,True,False,0x19F91276,0x8E26FA66,Email,TCP,IPv4,50,570,761,11,750,0,412,101,1.34,313532,135632,177900,0.4326,746.269,Low,81,Medium,High,Legacy IKE version detected; Older DH group; policy review recommended,0.801,0.713,IKEv1|Tunnel|AES-128-GCM|DH14|True|IPv4|Email
IPSEC-001-02,ipsec-001-02.pcap,train,synthetic_lab_ground_truth,26160,IKEv1,ESP,Tunnel,IPv4,AES-128-GCM,AEAD-GCM,RSA-Signature,Diffie-Hellman,DH14,True,True,14400,True,True,True,0xD2080D5E,0xC6B4446C,File-Transfer,TCP,IPv4,50,3529,1552,18,1534,2,899,268,0.44,1395248,696653,698595,0.4993,2272.727,Low,81,Medium,High,Legacy IKE version detected; Older DH group; policy review recommended,0.828,0.82,IKEv1|Tunnel|AES-128-GCM|DH14|True|IPv4|File-Transfer
IPSEC-001-03,ipsec-001-03.pcap,train,synthetic_lab_ground_truth,26160,IKEv1,ESP,Tunnel,IPv4,AES-128-GCM,AEAD-GCM,RSA-Signature,Diffie-Hellman,DH14,True,True,7200,False,True,False,0xFA21C286,0xCF4ED00E,VoIP,UDP,IPv4,50,2647,236,36,200,1,193,56,0.09,45548,26227,19321,0.5758,10000.0,Medium,81,Medium,High,Legacy IKE version detected; Older DH group; policy review recommended,0.796,0.771,IKEv1|Tunnel|AES-128-GCM|DH14|True|IPv4|VoIP
IPSEC-001-04,ipsec-001-04.pcap,train,synthetic_lab_ground_truth,26160,IKEv1,ESP,Tunnel,IPv4,AES-128-GCM,AEAD-GCM,RSA-Signature,Diffie-Hellman,DH14,True,True,3600,True,True,True,0xB15B4668,0x96202DF5,ICMP,ICMP/ICMPv6,IPv4,50,238,98,35,63,1,84,14,0.41,8232,5014,3218,0.6092,2439.024,Low,81,Medium,High,Legacy IKE version detected; Older DH group; policy review recommended,0.841,0.863,IKEv1|Tunnel|AES-128-GCM|DH14|True|IPv4|ICMP
IPSEC-001-05,ipsec-001-05.pcap,train,synthetic_lab_ground_truth,26160,IKEv1,ESP,Tunnel,IPv4,AES-128-GCM,AEAD-GCM,RSA-Signature,Diffie-Hellman,DH14,True,False,86400,False,True,False,0x69EAFFBB,0x5B955ADA,Video,TCP/QUIC,IPv4,50,4050,778,38,740,0,628,137,0.19,488584,205000,283584,0.4196,5263.158,Medium,56,High,Critical,Legacy IKE version detected; Older DH group; policy review recommended; Replay protection disabled,0.787,0.786,IKEv1|Tunnel|AES-128-GCM|DH14|True|IPv4|Video
IPSEC-001-06,ipsec-001-06.pcap,train,synthetic_lab_ground_truth,26160,IKEv1,ESP,Tunnel,IPv4,AES-128-GCM,AEAD-GCM,RSA-Signature,Diffie-Hellman,DH14,True,True,7200,False,True,False,0x76B7D80D,0x4F8C11E6,Chat,TCP,IPv4,50,867,359,39,320,0,322,93,0.41,115598,54268,61330,0.4695,2439.024,Low,81,Medium,High,Legacy IKE version detected; Older DH group; policy review recommended,0.77,0.751,IKEv1|Tunnel|AES-128-GCM|DH14|True|IPv4|Chat
IPSEC-001-07,ipsec-001-07.pcap,train,synthetic_lab_ground_truth,26160,IKEv1,ESP,Tunnel,IPv4,AES-128-GCM,AEAD-GCM,RSA-Signature,Diffie-Hellman,DH14,True,True,7200,False,True,False,0xCCA4456F,0x1FB6E7F8,Web,TCP,IPv4,50,2689,1209,41,1168,1,566,61,0.45,684294,205300,478994,0.3,2222.222,Low,81,Medium,High,Legacy IKE version detected; Older DH group; policy review recommended,0.769,0.765,IKEv1|Tunnel|AES-128-GCM|DH14|True|IPv4|Web
IPSEC-001-08,ipsec-001-08.pcap,train,synthetic_lab_ground_truth,26160,IKEv1,ESP,Tunnel,IPv4,AES-128-GCM,AEAD-GCM,RSA-Signature,Diffie-Hellman,DH14,True,True,3600,False,True,False,0xC80EE1BF,0xBAD16F3C,Email,TCP,IPv4,50,720,865,15,850,0,361,96,1.2,312265,164332,147933,0.5263,833.333,Low,81,Medium,High,Legacy IKE version detected; Older DH group; policy review recommended,0.812,0.718,IKEv1|Tunnel|AES-128-GCM|DH14|True|IPv4|Email
IPSEC-001-09,ipsec-001-09.pcap,train,synthetic_lab_ground_truth,26160,IKEv1,ESP,Tunnel,IPv4,AES-128-GCM,AEAD-GCM,RSA-Signature,Diffie-Hellman,DH14,True,True,28800,False,True,False,0x333E0CF1,0xA48521BB,File-Transfer,TCP,IPv4,50,3387,1687,14,1673,0,987,226,0.5,1665069,901294,763775,0.5413,2000.0,Low,81,Medium,High,Legacy IKE version detected; Older DH group; policy review recommended,0.838,0.751,IKEv1|Tunnel|AES-128-GCM|DH14|True|IPv4|File-Transfer
IPSEC-001-10,ipsec-001-10.pcap,train,synthetic_lab_ground_truth,26160,IKEv1,ESP,Tunnel,IPv4,AES-128-GCM,AEAD-GCM,RSA-Signature,Diffie-Hellman,DH14,True,True,86400,True,True,True,0x2900EB05,0xE48BEA9E,VoIP,UDP,IPv4,50,2282,194,15,179,0,180,52,0.09,34920,20878,14042,0.5979,10000.0,Medium,81,Medium,High,Legacy IKE version detected; Older DH group; policy review recommended,0.798,0.795,IKEv1|Tunnel|AES-128-GCM|DH14|True|IPv4|VoIP
IPSEC-001-11,ipsec-001-11.pcap,train,synthetic_lab_ground_truth,26160,IKEv1,ESP,Tunnel,IPv4,AES-128-GCM,AEAD-GCM,RSA-Signature,Diffie-Hellman,DH14,True,True,14400,True,True,True,0x809C2EF7,0x13435406,ICMP,ICMP/ICMPv6,IPv4,50,202,75,24,51,0,115,23,0.37,8625,4450,4175,0.516,2702.703,Low,81,Medium,High,Legacy IKE version detected; Older DH group; policy review recommended,0.829,0.973,IKEv1|Tunnel|AES-128-GCM|DH14|True|IPv4|ICMP
IPSEC-001-12,ipsec-001-12.pcap,train,synthetic_lab_ground_truth,26160,IKEv1,ESP,Tunnel,IPv4,AES-128-GCM,AEAD-GCM,RSA-Signature,Diffie-Hellman,DH14,True,True,600,True,True,True,0xEA8DFA94,0xB17EE687,Video,TCP/QUIC,IPv4,50,6466,1641,40,1601,0,444,160,0.25,728604,260166,468438,0.3571,4000.0,Medium,81,Medium,High,Legacy IKE version detected; Older DH group; policy review recommended,0.826,0.803,IKEv1|Tunnel|AES-128-GCM|DH14|True|IPv4|Video
IPSEC-001-13,ipsec-001-13.pcap,train,synthetic_lab_ground_truth,26160,IKEv1,ESP,Tunnel,IPv4,AES-128-GCM,AEAD-GCM,RSA-Signature,Diffie-Hellman,DH14,True,True,3600,True,True,True,0x21246B3C,0x90F64A74,Chat,TCP,IPv4,50,1337,483,17,466,3,263,68,0.36,127029,53059,73970,0.4177,2777.778,Low,81,Medium,High,Legacy IKE version detected; Older DH group; policy review recommended,0.78,0.707,IKEv1|Tunnel|AES-128-GCM|DH14|True|IPv4|Chat
IPSEC-001-14,ipsec-001-14.pcap,train,synthetic_lab_ground_truth,26160,IKEv1,ESP,Tunnel,IPv4,AES-128-GCM,AEAD-GCM,RSA-Signature,Diffie-Hellman,DH14,True,True,3600,True,True,True,0x28F42422,0x9F0CAF3D,Web,TCP,IPv4,50,2500,1184,40,1144,0,462,134,0.47,547008,294737,252271,0.5388,2127.66,Low,81,Medium,High,Legacy IKE version detected; Older DH group; policy review recommended,0.783,0.789,IKEv1|Tunnel|AES-128-GCM|DH14|True|IPv4|Web
IPSEC-001-15,ipsec-001-15.pcap,validation,synthetic_lab_ground_truth,26160,IKEv1,ESP,Tunnel,IPv4,AES-128-GCM,AEAD-GCM,RSA-Signature,Diffie-Hellman,DH14,True,True,3600,False,True,False,0x948F049C,0x1E132547,Email,TCP,IPv4,50,620,687,14,673,1,461,104,1.11,316707,164179,152528,0.5184,900.901,Low,81,Medium,High,Legacy IKE version detected; Older DH group; policy review recommended,0.819,0.727,IKEv1|Tunnel|AES-128-GCM|DH14|True|IPv4|Email
IPSEC-001-16,ipsec-001-16.pcap,validation,synthetic_lab_ground_truth,26160,IKEv1,ESP,Tunnel,IPv4,AES-128-GCM,AEAD-GCM,RSA-Signature,Diffie-Hellman,DH14,True,True,3600,True,True,True,0x3EE06444,0xDB135236,File-Transfer,TCP,IPv4,50,3472,1594,9,1585,0,1012,257,0.46,1613128,1044442,568686,0.6475,2173.913,Low,81,Medium,High,Legacy IKE version detected; Older DH group; policy review recommended,0.801,0.763,IKEv1|Tunnel|AES-128-GCM|DH14|True|IPv4|File-Transfer
IPSEC-001-17,ipsec-001-17.pcap,validation,synthetic_lab_ground_truth,26160,IKEv1,ESP,Tunnel,IPv4,AES-128-GCM,AEAD-GCM,RSA-Signature,Diffie-Hellman,DH14,True,True,7200,False,True,False,0xAF70FBA6,0xD586C10E,VoIP,UDP,IPv4,50,1862,165,21,144,1,260,70,0.09,42900,13385,29515,0.312,10000.0,Medium,81,Medium,High,Legacy IKE version detected; Older DH group; policy review recommended,0.802,0.757,IKEv1|Tunnel|AES-128-GCM|DH14|True|IPv4|VoIP
IPSEC-001-18,ipsec-001-18.pcap,test,synthetic_lab_ground_truth,26160,IKEv1,ESP,Tunnel,IPv4,AES-128-GCM,AEAD-GCM,RSA-Signature,Diffie-Hellman,DH14,True,True,7200,False,True,False,0x48F27FC4,0x911D9056,ICMP,ICMP/ICMPv6,IPv4,50,235,87,23,64,1,90,26,0.37,7830,4471,3359,0.571,2702.703,Low,81,Medium,High,Legacy IKE version detected; Older DH group; policy review recommended,0.808,0.948,IKEv1|Tunnel|AES-128-GCM|DH14|True|IPv4|ICMP
IPSEC-001-19,ipsec-001-19.pcap,test,synthetic_lab_ground_truth,26160,IKEv1,ESP,Tunnel,IPv4,AES-128-GCM,AEAD-GCM,RSA-Signature,Diffie-Hellman,DH14,True,True,14400,False,True,False,0x9E891755,0xC699DCE8,Video,TCP/QUIC,IPv4,50,4762,1167,37,1130,0,499,89,0.25,582333,173299,409034,0.2976,4000.0,Medium,81,Medium,High,Legacy IKE version detected; Older DH group; policy review recommended,0.853,0.831,IKEv1|Tunnel|AES-128-GCM|DH14|True|IPv4|Video
IPSEC-001-20,ipsec-001-20.pcap,test,synthetic_lab_ground_truth,26160,IKEv1,ESP,Tunnel,IPv4,AES-128-GCM,AEAD-GCM,RSA-Signature,Diffie-Hellman,DH14,True,True,14400,False,True,False,0x99D86AEE,0x4EA51A3C,Chat,TCP,IPv4,50,847,295,37,258,0,241,29,0.35,71095,29510,41585,0.4151,2857.143,Low,81,Medium,High,Legacy IKE version detected; Older DH group; policy review recommended,0.835,0.697,IKEv1|Tunnel|AES-128-GCM|DH14|True|IPv4|Chat
IPSEC-002-01,ipsec-002-01.pcap,train,synthetic_lab_ground_truth,26160,IKEv1,ESP,Transport,IPv6,AES-128-GCM,AEAD-GCM,RSA-Signature,Diffie-Hellman,DH2,False,True,7200,False,True,False,0x5AB4A977,0x33FC59D1,Email,TCP,IPv6,50,554,748,20,728,0,499,155,1.35,373252,189913,183339,0.5088,740.741,Medium,48,Critical,Critical,Legacy IKE version detected; Weak/legacy DH group; Perfect Forward Secrecy disabled,0.834,0.735,IKEv1|Transport|AES-128-GCM|DH2|False|IPv6|Email
IPSEC-002-02,ipsec-002-02.pcap,train,synthetic_lab_ground_truth,26160,IKEv1,ESP,Transport,IPv6,AES-128-GCM,AEAD-GCM,RSA-Signature,Diffie-Hellman,DH2,False,True,28800,False,True,False,0x282F9E5F,0x8D51B11A,File-Transfer,TCP,IPv6,50,2647,909,20,889,0,831,199,0.34,755379,287569,467810,0.3807,2941.176,Medium,48,Critical,Critical,Legacy IKE version detected; Weak/legacy DH group; Perfect Forward Secrecy disabled,0.875,0.79,IKEv1|Transport|AES-128-GCM|DH2|False|IPv6|File-Transfer
IPSEC-002-03,ipsec-002-03.pcap,train,synthetic_lab_ground_truth,26160,IKEv1,ESP,Transport,IPv6,AES-128-GCM,AEAD-GCM,RSA-Signature,Diffie-Hellman,DH2,False,True,7200,False,True,False,0xB6528036,0xD58EC14A,VoIP,UDP,IPv6,50,3221,270,36,234,1,273,92,0.08,73710,28418,45292,0.3855,10000.0,Medium,48,Critical,Critical,Legacy IKE version detected; Weak/legacy DH group; Perfect Forward Secrecy disabled,0.828,0.834,IKEv1|Transport|AES-128-GCM|DH2|False|IPv6|VoIP
IPSEC-002-04,ipsec-002-04.pcap,train,synthetic_lab_ground_truth,26160,IKEv1,ESP,Transport,IPv6,AES-128-GCM,AEAD-GCM,RSA-Signature,Diffie-Hellman,DH2,False,True,28800,True,True,True,0xF1E5FE9C,0xB96900D5,ICMP,ICMP/ICMPv6,IPv6,50,265,107,9,98,0,119,22,0.4,12733,7085,5648,0.5565,2500.0,Medium,48,Critical,Critical,Legacy IKE version detected; Weak/legacy DH group; Perfect Forward Secrecy disabled,0.785,0.903,IKEv1|Transport|AES-128-GCM|DH2|False|IPv6|ICMP
IPSEC-002-05,ipsec-002-05.pcap,train,synthetic_lab_ground_truth,26160,IKEv1,ESP,Transport,IPv6,AES-128-GCM,AEAD-GCM,RSA-Signature,Diffie-Hellman,DH2,False,True,28800,True,True,True,0x990DFD2E,0x6106FAF3,Video,TCP/QUIC,IPv6,50,4870,1362,41,1321,1,473,152,0.28,644226,260157,384069,0.4038,3571.429,Medium,48,Critical,Critical,Legacy IKE version detected; Weak/legacy DH group; Perfect Forward Secrecy disabled,0.801,0.9,IKEv1|Transport|AES-128-GCM|DH2|False|IPv6|Video
IPSEC-002-06,ipsec-002-06.pcap,train,synthetic_lab_ground_truth,26160,IKEv1,ESP,Transport,IPv6,AES-128-GCM,AEAD-GCM,RSA-Signature,Diffie-Hellman,DH2,False,True,3600,True,True,True,0x2946982E,0x587CE7AD,Chat,TCP,IPv6,50,1435,541,12,529,0,307,73,0.38,166087,93234,72853,0.5614,2631.579,Medium,48,Critical,Critical,Legacy IKE version detected; Weak/legacy DH group; Perfect Forward Secrecy disabled,0.791,0.704,IKEv1|Transport|AES-128-GCM|DH2|False|IPv6|Chat
IPSEC-002-07,ipsec-002-07.pcap,train,synthetic_lab_ground_truth,26160,IKEv1,ESP,Transport,IPv6,AES-128-GCM,AEAD-GCM,RSA-Signature,Diffie-Hellman,DH2,False,True,14400,False,True,False,0xCAF9EE16,0xEF558964,Web,TCP,IPv6,50,1767,864,21,843,1,552,129,0.49,476928,165889,311039,0.3478,2040.816,Medium,48,Critical,Critical,Legacy IKE version detected; Weak/legacy DH group; Perfect Forward Secrecy disabled,0.844,0.799,IKEv1|Transport|AES-128-GCM|DH2|False|IPv6|Web
IPSEC-002-08,ipsec-002-08.pcap,train,synthetic_lab_ground_truth,26160,IKEv1,ESP,Transport,IPv6,AES-128-GCM,AEAD-GCM,RSA-Signature,Diffie-Hellman,DH2,False,True,14400,True,True,True,0xF800AD91,0x628E9964,Email,TCP,IPv6,50,690,949,22,927,0,483,153,1.38,458367,191004,267363,0.4167,724.638,Medium,48,Critical,Critical,Legacy IKE version detected; Weak/legacy DH group; Perfect Forward Secrecy disabled,0.823,0.77,IKEv1|Transport|AES-128-GCM|DH2|False|IPv6|Email
IPSEC-002-09,ipsec-002-09.pcap,train,synthetic_lab_ground_truth,26160,IKEv1,ESP,Transport,IPv6,AES-128-GCM,AEAD-GCM,RSA-Signature,Diffie-Hellman,DH2,False,True,14400,True,True,True,0x35586AB3,0xB1AD2A41,File-Transfer,TCP,IPv6,50,3332,1548,32,1516,1,869,319,0.46,1345212,771881,573331,0.5738,2173.913,Medium,48,Critical,Critical,Legacy IKE version detected; Weak/legacy DH group; Perfect Forward Secrecy disabled,0.812,0.817,IKEv1|Transport|AES-128-GCM|DH2|False|IPv6|File-Transfer
IPSEC-002-10,ipsec-002-10.pcap,train,synthetic_lab_ground_truth,26160,IKEv1,ESP,Transport,IPv6,AES-128-GCM,AEAD-GCM,RSA-Signature,Diffie-Hellman,DH2,False,True,3600,True,True,True,0x89FC3052,0xE17ED5CE,VoIP,UDP,IPv6,50,1800,152,24,128,0,229,63,0.08,34808,10093,24715,0.29,10000.0,Medium,48,Critical,Critical,Legacy IKE version detected; Weak/legacy DH group; Perfect Forward Secrecy disabled,0.857,0.763,IKEv1|Transport|AES-128-GCM|DH2|False|IPv6|VoIP
IPSEC-002-11,ipsec-002-11.pcap,train,synthetic_lab_ground_truth,26160,IKEv1,ESP,Transport,IPv6,AES-128-GCM,AEAD-GCM,RSA-Signature,Diffie-Hellman,DH2,False,True,3600,True,True,True,0xCDBE4CF3,0xC982A699,ICMP,ICMP/ICMPv6,IPv6,50,246,110,23,87,1,81,15,0.45,8910,4756,4154,0.5338,2222.222,Medium,48,Critical,Critical,Legacy IKE version detected; Weak/legacy DH group; Perfect Forward Secrecy disabled,0.809,0.856,IKEv1|Transport|AES-128-GCM|DH2|False|IPv6|ICMP
IPSEC-002-12,ipsec-002-12.pcap,train,synthetic_lab_ground_truth,26160,IKEv1,ESP,Transport,IPv6,AES-128-GCM,AEAD-GCM,RSA-Signature,Diffie-Hellman,DH2,False,True,172800,True,True,True,0xB3ECD6DE,0x9AE0C50B,Video,TCP/QUIC,IPv6,50,5284,1233,41,1192,1,494,113,0.23,609102,200392,408710,0.329,4347.826,Medium,40,Critical,Critical,Legacy IKE version detected; Weak/legacy DH group; Perfect Forward Secrecy disabled; Long Security Association lifetime,0.821,0.845,IKEv1|Transport|AES-128-GCM|DH2|False|IPv6|Video
IPSEC-002-13,ipsec-002-13.pcap,train,synthetic_lab_ground_truth,26160,IKEv1,ESP,Transport,IPv6,AES-128-GCM,AEAD-GCM,RSA-Signature,Diffie-Hellman,DH2,False,True,3600,True,True,True,0x9838C821,0x18F64F21,Chat,TCP,IPv6,50,1475,584,21,563,0,272,57,0.4,158848,75665,83183,0.4763,2500.0,Medium,48,Critical,Critical,Legacy IKE version detected; Weak/legacy DH group; Perfect Forward Secrecy disabled,0.797,0.678,IKEv1|Transport|AES-128-GCM|DH2|False|IPv6|Chat
IPSEC-002-14,ipsec-002-14.pcap,train,synthetic_lab_ground_truth,26160,IKEv1,ESP,Transport,IPv6,AES-128-GCM,AEAD-GCM,RSA-Signature,Diffie-Hellman,DH2,False,True,1800,False,True,False,0xE0A7AF1A,0xAC2B7F54,Web,TCP,IPv6,50,2034,855,44,811,0,422,99,0.42,360810,71160,289650,0.1972,2380.952,Medium,48,Critical,Critical,Legacy IKE version detected; Weak/legacy DH group; Perfect Forward Secrecy disabled,0.796,0.774,IKEv1|Transport|AES-128-GCM|DH2|False|IPv6|Web
IPSEC-002-15,ipsec-002-15.pcap,validation,synthetic_lab_ground_truth,26160,IKEv1,ESP,Transport,IPv6,AES-128-GCM,AEAD-GCM,RSA-Signature,Diffie-Hellman,DH2,False,True,3600,False,True,False,0x83889471,0xBACE2A82,Email,TCP,IPv6,50,767,959,36,923,1,375,82,1.25,359625,180928,178697,0.5031,800.0,Medium,48,Critical,Critical,Legacy IKE version detected; Weak/legacy DH group; Perfect Forward Secrecy disabled,0.823,0.735,IKEv1|Transport|AES-128-GCM|DH2|False|IPv6|Email
IPSEC-002-16,ipsec-002-16.pcap,validation,synthetic_lab_ground_truth,26160,IKEv1,ESP,Transport,IPv6,AES-128-GCM,AEAD-GCM,RSA-Signature,Diffie-Hellman,DH2,False,True,1800,True,True,True,0xAC007FE4,0xE3598A12,File-Transfer,TCP,IPv6,50,3266,1115,8,1107,1,868,193,0.34,967820,410321,557499,0.424,2941.176,Medium,48,Critical,Critical,Legacy IKE version detected; Weak/legacy DH group; Perfect Forward Secrecy disabled,0.774,0.797,IKEv1|Transport|AES-128-GCM|DH2|False|IPv6|File-Transfer
IPSEC-002-17,ipsec-002-17.pcap,validation,synthetic_lab_ground_truth,26160,IKEv1,ESP,Transport,IPv6,AES-128-GCM,AEAD-GCM,RSA-Signature,Diffie-Hellman,DH2,False,True,86400,False,True,False,0x5E9AB64A,0xD2FD8C28,VoIP,UDP,IPv6,50,1944,148,27,121,0,188,43,0.08,27824,13381,14443,0.4809,10000.0,Medium,48,Critical,Critical,Legacy IKE version detected; Weak/legacy DH group; Perfect Forward Secrecy disabled,0.783,0.813,IKEv1|Transport|AES-128-GCM|DH2|False|IPv6|VoIP
IPSEC-002-18,ipsec-002-18.pcap,test,synthetic_lab_ground_truth,26160,IKEv1,ESP,Transport,IPv6,AES-128-GCM,AEAD-GCM,RSA-Signature,Diffie-Hellman,DH2,False,True,28800,False,True,False,0xA4F64E92,0xFABBFBCF,ICMP,ICMP/ICMPv6,IPv6,50,224,81,29,52,0,118,35,0.36,9558,4012,5546,0.4198,2777.778,Medium,48,Critical,Critical,Legacy IKE version detected; Weak/legacy DH group; Perfect Forward Secrecy disabled,0.85,0.925,IKEv1|Transport|AES-128-GCM|DH2|False|IPv6|ICMP
IPSEC-002-19,ipsec-002-19.pcap,test,synthetic_lab_ground_truth,26160,IKEv1,ESP,Transport,IPv6,AES-128-GCM,AEAD-GCM,RSA-Signature,Diffie-Hellman,DH2,False,True,1800,False,True,False,0x5A5E0746,0x8D24960F,Video,TCP/QUIC,IPv6,50,4656,1320,14,1306,0,524,197,0.28,691680,232425,459255,0.336,3571.429,Medium,48,Critical,Critical,Legacy IKE version detected; Weak/legacy DH group; Perfect Forward Secrecy disabled,0.811,0.86,IKEv1|Transport|AES-128-GCM|DH2|False|IPv6|Video
IPSEC-002-20,ipsec-002-20.pcap,test,synthetic_lab_ground_truth,26160,IKEv1,ESP,Transport,IPv6,AES-128-GCM,AEAD-GCM,RSA-Signature,Diffie-Hellman,DH2,False,True,14400,False,True,False,0x2721B3B6,0x4286AF05,Chat,TCP,IPv6,50,1292,471,42,429,1,285,50,0.36,134235,95225,39010,0.7094,2777.778,Medium,48,Critical,Critical,Legacy IKE version detected; Weak/legacy DH group; Perfect Forward Secrecy disabled,0.788,0.723,IKEv1|Transport|AES-128-GCM|DH2|False|IPv6|Chat
IPSEC-003-01,ipsec-003-01.pcap,train,synthetic_lab_ground_truth,26160,IKEv1,ESP,Tunnel,IPv4,AES-128-CBC,HMAC-SHA256-128,RSA-Signature,Diffie-Hellman,DH14,False,True,14400,False,True,False,0xCDC4C07F,0x41CE949B,Email,TCP,IPv4,50,413,431,9,422,2,422,133,1.04,181882,77963,103919,0.4287,961.538,Low,61,High,High,Legacy IKE version detected; Older DH group; policy review recommended; Perfect Forward Secrecy disabled,0.806,0.776,IKEv1|Tunnel|AES-128-CBC|DH14|False|IPv4|Email
IPSEC-003-02,ipsec-003-02.pcap,train,synthetic_lab_ground_truth,26160,IKEv1,ESP,Tunnel,IPv4,AES-128-CBC,HMAC-SHA256-128,RSA-Signature,Diffie-Hellman,DH14,False,True,600,False,True,False,0xD2B468C0,0xD94CD03B,File-Transfer,TCP,IPv4,50,4181,1848,28,1820,1,820,172,0.44,1515360,751647,763713,0.496,2272.727,Low,61,High,High,Legacy IKE version detected; Older DH group; policy review recommended; Perfect Forward Secrecy disabled,0.778,0.866,IKEv1|Tunnel|AES-128-CBC|DH14|False|IPv4|File-Transfer
IPSEC-003-03,ipsec-003-03.pcap,train,synthetic_lab_ground_truth,26160,IKEv1,ESP,Tunnel,IPv4,AES-128-CBC,HMAC-SHA256-128,RSA-Signature,Diffie-Hellman,DH14,False,True,14400,True,True,True,0x8CDC9AFD,0x75810A0F,VoIP,UDP,IPv4,50,1924,138,20,118,0,223,86,0.07,30774,13208,17566,0.4292,10000.0,Medium,61,High,High,Legacy IKE version detected; Older DH group; policy review recommended; Perfect Forward Secrecy disabled,0.77,0.829,IKEv1|Tunnel|AES-128-CBC|DH14|False|IPv4|VoIP
IPSEC-003-04,ipsec-003-04.pcap,train,synthetic_lab_ground_truth,26160,IKEv1,ESP,Tunnel,IPv4,AES-128-CBC,HMAC-SHA256-128,RSA-Signature,Diffie-Hellman,DH14,False,True,14400,True,True,True,0xEAA9B9F9,0xB48DF144,ICMP,ICMP/ICMPv6,IPv4,50,231,95,42,53,1,100,25,0.41,9500,4379,5121,0.461,2439.024,Low,61,High,High,Legacy IKE version detected; Older DH group; policy review recommended; Perfect Forward Secrecy disabled,0.77,0.862,IKEv1|Tunnel|AES-128-CBC|DH14|False|IPv4|ICMP
IPSEC-003-05,ipsec-003-05.pcap,train,synthetic_lab_ground_truth,26160,IKEv1,ESP,Tunnel,IPv4,AES-128-CBC,HMAC-SHA256-128,RSA-Signature,Diffie-Hellman,DH14,False,True,172800,False,True,False,0xD40ADDBE,0x6865E205,Video,TCP/QUIC,IPv4,50,6199,1670,16,1654,0,525,143,0.27,876750,113851,762899,0.1299,3703.704,Medium,53,High,High,Legacy IKE version detected; Older DH group; policy review recommended; Perfect Forward Secrecy disabled; Long Security Association lifetime,0.747,0.823,IKEv1|Tunnel|AES-128-CBC|DH14|False|IPv4|Video
IPSEC-003-06,ipsec-003-06.pcap,train,synthetic_lab_ground_truth,26160,IKEv1,ESP,Tunnel,IPv4,AES-128-CBC,HMAC-SHA256-128,RSA-Signature,Diffie-Hellman,DH14,False,True,7200,True,True,True,0x2E07D54B,0x60E9CE1F,Chat,TCP,IPv4,50,760,204,19,185,2,252,93,0.27,51408,25852,25556,0.5029,3703.704,Low,61,High,High,Legacy IKE version detected; Older DH group; policy review recommended; Perfect Forward Secrecy disabled,0.791,0.776,IKEv1|Tunnel|AES-128-CBC|DH14|False|IPv4|Chat
IPSEC-003-07,ipsec-003-07.pcap,train,synthetic_lab_ground_truth,26160,IKEv1,ESP,Tunnel,IPv4,AES-128-CBC,HMAC-SHA256-128,RSA-Signature,Diffie-Hellman,DH14,False,True,14400,False,True,False,0x92676649,0x26446912,Web,TCP,IPv4,50,1899,709,43,666,2,606,162,0.37,429654,171631,258023,0.3995,2702.703,Low,61,High,High,Legacy IKE version detected; Older DH group; policy review recommended; Perfect Forward Secrecy disabled,0.735,0.803,IKEv1|Tunnel|AES-128-CBC|DH14|False|IPv4|Web
IPSEC-003-08,ipsec-003-08.pcap,train,synthetic_lab_ground_truth,26160,IKEv1,ESP,Tunnel,IPv4,AES-128-CBC,HMAC-SHA256-128,RSA-Signature,Diffie-Hellman,DH14,False,True,3600,True,True,True,0x50843A6A,0x6CE97860,Email,TCP,IPv4,50,526,745,9,736,0,429,115,1.42,319605,118791,200814,0.3717,704.225,Low,61,High,High,Legacy IKE version detected; Older DH group; policy review recommended; Perfect Forward Secrecy disabled,0.802,0.706,IKEv1|Tunnel|AES-128-CBC|DH14|False|IPv4|Email
IPSEC-003-09,ipsec-003-09.pcap,train,synthetic_lab_ground_truth,26160,IKEv1,ESP,Tunnel,IPv4,AES-128-CBC,HMAC-SHA256-128,RSA-Signature,Diffie-Hellman,DH14,False,True,3600,False,True,False,0xD8964EA8,0xD16D3EC2,File-Transfer,TCP,IPv4,50,3400,1548,23,1525,1,762,141,0.46,1179576,600057,579519,0.5087,2173.913,Low,61,High,High,Legacy IKE version detected; Older DH group; policy review recommended; Perfect Forward Secrecy disabled,0.756,0.88,IKEv1|Tunnel|AES-128-CBC|DH14|False|IPv4|File-Transfer
IPSEC-003-10,ipsec-003-10.pcap,train,synthetic_lab_ground_truth,26160,IKEv1,ESP,Tunnel,IPv4,AES-128-CBC,HMAC-SHA256-128,RSA-Signature,Diffie-Hellman,DH14,False,True,3600,True,True,True,0xD11637AB,0x687EF2C1,VoIP,UDP,IPv4,50,3041,268,42,226,1,163,39,0.09,43684,14786,28898,0.3385,10000.0,Medium,61,High,High,Legacy IKE version detected; Older DH group; policy review recommended; Perfect Forward Secrecy disabled,0.748,0.781,IKEv1|Tunnel|AES-128-CBC|DH14|False|IPv4|VoIP
IPSEC-003-11,ipsec-003-11.pcap,train,synthetic_lab_ground_truth,26160,IKEv1,ESP,Tunnel,IPv4,AES-128-CBC,HMAC-SHA256-128,RSA-Signature,Diffie-Hellman,DH14,False,True,3600,False,True,False,0xB3824A14,0xD4C82A5C,ICMP,ICMP/ICMPv6,IPv4,50,189,49,37,12,0,101,20,0.26,4949,1662,3287,0.336,3846.154,Low,61,High,High,Legacy IKE version detected; Older DH group; policy review recommended; Perfect Forward Secrecy disabled,0.756,0.898,IKEv1|Tunnel|AES-128-CBC|DH14|False|IPv4|ICMP
IPSEC-003-12,ipsec-003-12.pcap,train,synthetic_lab_ground_truth,26160,IKEv1,ESP,Tunnel,IPv4,AES-128-CBC,HMAC-SHA256-128,RSA-Signature,Diffie-Hellman,DH14,False,True,1800,True,True,True,0xC2123027,0xB9BA9A1B,Video,TCP/QUIC,IPv4,50,4052,1035,25,1010,1,481,84,0.26,497835,180251,317584,0.3621,3846.154,Medium,61,High,High,Legacy IKE version detected; Older DH group; policy review recommended; Perfect Forward Secrecy disabled,0.779,0.85,IKEv1|Tunnel|AES-128-CBC|DH14|False|IPv4|Video
IPSEC-003-13,ipsec-003-13.pcap,train,synthetic_lab_ground_truth,26160,IKEv1,ESP,Tunnel,IPv4,AES-128-CBC,HMAC-SHA256-128,RSA-Signature,Diffie-Hellman,DH14,False,True,600,True,True,True,0xEF42D8C0,0xA41756A2,Chat,TCP,IPv4,50,1194,372,20,352,0,268,75,0.31,99696,56593,43103,0.5677,3225.806,Low,61,High,High,Legacy IKE version detected; Older DH group; policy review recommended; Perfect Forward Secrecy disabled,0.795,0.716,IKEv1|Tunnel|AES-128-CBC|DH14|False|IPv4|Chat
IPSEC-003-14,ipsec-003-14.pcap,train,synthetic_lab_ground_truth,26160,IKEv1,ESP,Tunnel,IPv4,AES-128-CBC,HMAC-SHA256-128,RSA-Signature,Diffie-Hellman,DH14,False,True,14400,False,True,False,0x873BD7C9,0x61968EC4,Web,TCP,IPv4,50,2775,1238,21,1217,1,652,218,0.45,807176,360118,447058,0.4461,2222.222,Low,61,High,High,Legacy IKE version detected; Older DH group; policy review recommended; Perfect Forward Secrecy disabled,0.769,0.815,IKEv1|Tunnel|AES-128-CBC|DH14|False|IPv4|Web
IPSEC-003-15,ipsec-003-15.pcap,validation,synthetic_lab_ground_truth,26160,IKEv1,ESP,Tunnel,IPv4,AES-128-CBC,HMAC-SHA256-128,RSA-Signature,Diffie-Hellman,DH14,False,True,3600,False,True,False,0x89C7514C,0xE6B21F24,Email,TCP,IPv4,50,662,794,18,776,2,429,121,1.2,340626,176005,164621,0.5167,833.333,Low,61,High,High,Legacy IKE version detected; Older DH group; policy review recommended; Perfect Forward Secrecy disabled,0.807,0.729,IKEv1|Tunnel|AES-128-CBC|DH14|False|IPv4|Email
IPSEC-003-16,ipsec-003-16.pcap,validation,synthetic_lab_ground_truth,26160,IKEv1,ESP,Tunnel,IPv4,AES-128-CBC,HMAC-SHA256-128,RSA-Signature,Diffie-Hellman,DH14,False,True,3600,False,True,False,0x2EF35E3B,0xEC41BB3F,File-Transfer,TCP,IPv4,50,4608,2324,13,2311,1,796,170,0.5,1849904,734762,1115142,0.3972,2000.0,Low,61,High,High,Legacy IKE version detected; Older DH group; policy review recommended; Perfect Forward Secrecy disabled,0.777,0.772,IKEv1|Tunnel|AES-128-CBC|DH14|False|IPv4|File-Transfer
IPSEC-003-17,ipsec-003-17.pcap,validation,synthetic_lab_ground_truth,26160,IKEv1,ESP,Tunnel,IPv4,AES-128-CBC,HMAC-SHA256-128,RSA-Signature,Diffie-Hellman,DH14,False,True,86400,True,True,True,0xA194E455,0xB7D1CC8A,VoIP,UDP,IPv4,50,2812,279,29,250,0,225,77,0.1,62775,32335,30440,0.5151,10000.0,Medium,61,High,High,Legacy IKE version detected; Older DH group; policy review recommended; Perfect Forward Secrecy disabled,0.785,0.805,IKEv1|Tunnel|AES-128-CBC|DH14|False|IPv4|VoIP
IPSEC-003-18,ipsec-003-18.pcap,test,synthetic_lab_ground_truth,26160,IKEv1,ESP,Tunnel,IPv4,AES-128-CBC,HMAC-SHA256-128,RSA-Signature,Diffie-Hellman,DH14,False,True,86400,True,True,True,0x2ACE339D,0xA1050754,ICMP,ICMP/ICMPv6,IPv4,50,300,123,30,93,1,102,13,0.41,12546,4268,8278,0.3403,2439.024,Low,61,High,High,Legacy IKE version detected; Older DH group; policy review recommended; Perfect Forward Secrecy disabled,0.784,0.878,IKEv1|Tunnel|AES-128-CBC|DH14|False|IPv4|ICMP
IPSEC-003-19,ipsec-003-19.pcap,test,synthetic_lab_ground_truth,26160,IKEv1,ESP,Tunnel,IPv4,AES-128-CBC,HMAC-SHA256-128,RSA-Signature,Diffie-Hellman,DH14,False,True,3600,True,True,True,0xF9170E75,0xF8F49FA7,Video,TCP/QUIC,IPv4,50,4376,1147,11,1136,0,455,106,0.26,521885,136849,385036,0.2622,3846.154,Medium,61,High,High,Legacy IKE version detected; Older DH group; policy review recommended; Perfect Forward Secrecy disabled,0.834,0.889,IKEv1|Tunnel|AES-128-CBC|DH14|False|IPv4|Video
IPSEC-003-20,ipsec-003-20.pcap,test,synthetic_lab_ground_truth,26160,IKEv1,ESP,Tunnel,IPv4,AES-128-CBC,HMAC-SHA256-128,RSA-Signature,Diffie-Hellman,DH14,False,True,1800,False,True,False,0x591FAC36,0xFFDAA39E,Chat,TCP,IPv4,50,1171,448,29,419,1,228,57,0.38,102144,52718,49426,0.5161,2631.579,Low,61,High,High,Legacy IKE version detected; Older DH group; policy review recommended; Perfect Forward Secrecy disabled,0.821,0.717,IKEv1|Tunnel|AES-128-CBC|DH14|False|IPv4|Chat
IPSEC-004-01,ipsec-004-01.pcap,train,synthetic_lab_ground_truth,26160,IKEv2,ESP,Tunnel,IPv6,AES-128-CBC,HMAC-SHA1-96,RSA-Signature,Diffie-Hellman,DH24,False,True,14400,True,True,True,0xB95E5E20,0xAD104A03,Email,TCP,IPv6,50,477,614,11,603,1,403,64,1.29,247442,125698,121744,0.508,775.194,Low,54,High,High,Legacy integrity algorithm: HMAC-SHA1-96; Perfect Forward Secrecy disabled,0.92,0.727,IKEv2|Tunnel|AES-128-CBC|DH24|False|IPv6|Email
IPSEC-004-02,ipsec-004-02.pcap,train,synthetic_lab_ground_truth,26160,IKEv2,ESP,Tunnel,IPv6,AES-128-CBC,HMAC-SHA1-96,RSA-Signature,Diffie-Hellman,DH24,False,True,1800,False,True,False,0x49BFCBDB,0xFA67F24B,File-Transfer,TCP,IPv6,50,4212,1734,42,1692,1,894,186,0.41,1550196,794102,756094,0.5123,2439.024,Low,54,High,High,Legacy integrity algorithm: HMAC-SHA1-96; Perfect Forward Secrecy disabled,0.904,0.798,IKEv2|Tunnel|AES-128-CBC|DH24|False|IPv6|File-Transfer
IPSEC-004-03,ipsec-004-03.pcap,train,synthetic_lab_ground_truth,26160,IKEv2,ESP,Tunnel,IPv6,AES-128-CBC,HMAC-SHA1-96,RSA-Signature,Diffie-Hellman,DH24,False,True,7200,False,True,False,0x71ECFF45,0xAAAAC2AF,VoIP,UDP,IPv6,50,2576,183,29,154,2,251,72,0.07,45933,19827,26106,0.4317,10000.0,Medium,54,High,High,Legacy integrity algorithm: HMAC-SHA1-96; Perfect Forward Secrecy disabled,0.91,0.763,IKEv2|Tunnel|AES-128-CBC|DH24|False|IPv6|VoIP
IPSEC-004-04,ipsec-004-04.pcap,train,synthetic_lab_ground_truth,26160,IKEv2,ESP,Tunnel,IPv6,AES-128-CBC,HMAC-SHA1-96,RSA-Signature,Diffie-Hellman,DH24,False,True,172800,False,True,False,0xD9210DCF,0x51B7DA80,ICMP,ICMP/ICMPv6,IPv6,50,235,98,20,78,0,88,21,0.42,8624,3823,4801,0.4433,2380.952,Low,46,Critical,High,Legacy integrity algorithm: HMAC-SHA1-96; Perfect Forward Secrecy disabled; Long Security Association lifetime,0.906,0.884,IKEv2|Tunnel|AES-128-CBC|DH24|False|IPv6|ICMP
IPSEC-004-05,ipsec-004-05.pcap,train,synthetic_lab_ground_truth,26160,IKEv2,ESP,Tunnel,IPv6,AES-128-CBC,HMAC-SHA1-96,RSA-Signature,Diffie-Hellman,DH24,False,True,3600,False,True,False,0xA12E6D81,0xDA7A5C23,Video,TCP/QUIC,IPv6,50,5604,1503,27,1476,0,516,139,0.27,775548,172834,602714,0.2229,3703.704,Medium,54,High,High,Legacy integrity algorithm: HMAC-SHA1-96; Perfect Forward Secrecy disabled,0.961,0.824,IKEv2|Tunnel|AES-128-CBC|DH24|False|IPv6|Video
IPSEC-004-06,ipsec-004-06.pcap,train,synthetic_lab_ground_truth,26160,IKEv2,ESP,Tunnel,IPv6,AES-128-CBC,HMAC-SHA1-96,RSA-Signature,Diffie-Hellman,DH24,False,True,7200,False,True,False,0xF462E6B2,0x8B8427A4,Chat,TCP,IPv6,50,1128,341,25,316,1,242,34,0.3,82522,37228,45294,0.4511,3333.333,Low,54,High,High,Legacy integrity algorithm: HMAC-SHA1-96; Perfect Forward Secrecy disabled,0.878,0.765,IKEv2|Tunnel|AES-128-CBC|DH24|False|IPv6|Chat
IPSEC-004-07,ipsec-004-07.pcap,train,synthetic_lab_ground_truth,26160,IKEv2,ESP,Tunnel,IPv6,AES-128-CBC,HMAC-SHA1-96,RSA-Signature,Diffie-Hellman,DH24,False,True,3600,False,True,False,0xE6EECBED,0x9A8D3636,Web,TCP,IPv6,50,2122,712,10,702,1,659,117,0.34,469208,240773,228435,0.5131,2941.176,Low,54,High,High,Legacy integrity algorithm: HMAC-SHA1-96; Perfect Forward Secrecy disabled,0.862,0.771,IKEv2|Tunnel|AES-128-CBC|DH24|False|IPv6|Web
IPSEC-004-08,ipsec-004-08.pcap,train,synthetic_lab_ground_truth,26160,IKEv2,ESP,Tunnel,IPv6,AES-128-CBC,HMAC-SHA1-96,RSA-Signature,Diffie-Hellman,DH24,False,True,86400,False,True,False,0x7BBD4F0F,0xB7F74139,Email,TCP,IPv6,50,670,754,38,716,0,422,141,1.13,318188,165444,152744,0.52,884.956,Low,54,High,High,Legacy integrity algorithm: HMAC-SHA1-96; Perfect Forward Secrecy disabled,0.923,0.675,IKEv2|Tunnel|AES-128-CBC|DH24|False|IPv6|Email
IPSEC-004-09,ipsec-004-09.pcap,train,synthetic_lab_ground_truth,26160,IKEv2,ESP,Tunnel,IPv6,AES-128-CBC,HMAC-SHA1-96,RSA-Signature,Diffie-Hellman,DH24,False,True,600,True,True,True,0xA0155127,0x8141D90C,File-Transfer,TCP,IPv6,50,2662,1165,44,1121,2,952,240,0.44,1109080,903197,205883,0.8144,2272.727,Low,54,High,High,Legacy integrity algorithm: HMAC-SHA1-96; Perfect Forward Secrecy disabled,0.839,0.803,IKEv2|Tunnel|AES-128-CBC|DH24|False|IPv6|File-Transfer
IPSEC-004-10,ipsec-004-10.pcap,train,synthetic_lab_ground_truth,26160,IKEv2,ESP,Tunnel,IPv6,AES-128-CBC,HMAC-SHA1-96,RSA-Signature,Diffie-Hellman,DH24,False,True,3600,True,True,True,0x8E5F4CE2,0x95F1A03D,VoIP,UDP,IPv6,50,2401,232,36,196,0,221,41,0.1,51272,21405,29867,0.4175,10000.0,Medium,54,High,High,Legacy integrity algorithm: HMAC-SHA1-96; Perfect Forward Secrecy disabled,0.898,0.83,IKEv2|Tunnel|AES-128-CBC|DH24|False|IPv6|VoIP
IPSEC-004-11,ipsec-004-11.pcap,train,synthetic_lab_ground_truth,26160,IKEv2,ESP,Tunnel,IPv6,AES-128-CBC,HMAC-SHA1-96,RSA-Signature,Diffie-Hellman,DH24,False,True,7200,False,True,False,0x1006AB4C,0x2373CD87,ICMP,ICMP/ICMPv6,IPv6,50,246,104,40,64,0,78,18,0.42,8112,4673,3439,0.5761,2380.952,Low,54,High,High,Legacy integrity algorithm: HMAC-SHA1-96; Perfect Forward Secrecy disabled,0.88,0.98,IKEv2|Tunnel|AES-128-CBC|DH24|False|IPv6|ICMP
IPSEC-004-12,ipsec-004-12.pcap,train,synthetic_lab_ground_truth,26160,IKEv2,ESP,Tunnel,IPv6,AES-128-CBC,HMAC-SHA1-96,RSA-Signature,Diffie-Hellman,DH24,False,True,600,False,True,False,0x442D0849,0x1DD0817A,Video,TCP/QUIC,IPv6,50,4596,1159,43,1116,2,533,91,0.25,617747,219754,397993,0.3557,4000.0,Medium,54,High,High,Legacy integrity algorithm: HMAC-SHA1-96; Perfect Forward Secrecy disabled,0.899,0.858,IKEv2|Tunnel|AES-128-CBC|DH24|False|IPv6|Video
IPSEC-004-13,ipsec-004-13.pcap,train,synthetic_lab_ground_truth,26160,IKEv2,ESP,Tunnel,IPv6,AES-128-CBC,HMAC-SHA1-96,RSA-Signature,Diffie-Hellman,DH24,False,True,300,False,True,False,0xA3C7F182,0xFAF7DE65,Chat,TCP,IPv6,50,1137,539,10,529,1,266,39,0.47,143374,82437,60937,0.575,2127.66,Low,54,High,High,Legacy integrity algorithm: HMAC-SHA1-96; Perfect Forward Secrecy disabled,0.886,0.718,IKEv2|Tunnel|AES-128-CBC|DH24|False|IPv6|Chat
IPSEC-004-14,ipsec-004-14.pcap,train,synthetic_lab_ground_truth,26160,IKEv2,ESP,Tunnel,IPv6,AES-128-CBC,HMAC-SHA1-96,RSA-Signature,Diffie-Hellman,DH24,False,True,600,False,True,False,0xD6D88415,0xAAF5C4F0,Web,TCP,IPv6,50,2061,904,33,871,0,570,168,0.44,515280,133082,382198,0.2583,2272.727,Low,54,High,High,Legacy integrity algorithm: HMAC-SHA1-96; Perfect Forward Secrecy disabled,0.896,0.823,IKEv2|Tunnel|AES-128-CBC|DH24|False|IPv6|Web
IPSEC-004-15,ipsec-004-15.pcap,validation,synthetic_lab_ground_truth,26160,IKEv2,ESP,Tunnel,IPv6,AES-128-CBC,HMAC-SHA1-96,RSA-Signature,Diffie-Hellman,DH24,False,True,14400,True,True,True,0x45CD1D32,0x951AA8C4,Email,TCP,IPv6,50,551,588,33,555,1,365,81,1.07,214620,86422,128198,0.4027,934.579,Low,54,High,High,Legacy integrity algorithm: HMAC-SHA1-96; Perfect Forward Secrecy disabled,0.875,0.724,IKEv2|Tunnel|AES-128-CBC|DH24|False|IPv6|Email
IPSEC-004-16,ipsec-004-16.pcap,validation,synthetic_lab_ground_truth,26160,IKEv2,ESP,Tunnel,IPv6,AES-128-CBC,HMAC-SHA1-96,RSA-Signature,Diffie-Hellman,DH24,False,True,14400,True,True,True,0x7904B3FC,0xBBE176A3,File-Transfer,TCP,IPv6,50,3120,1269,12,1257,0,807,222,0.41,1024083,481028,543055,0.4697,2439.024,Low,54,High,High,Legacy integrity algorithm: HMAC-SHA1-96; Perfect Forward Secrecy disabled,0.937,0.838,IKEv2|Tunnel|AES-128-CBC|DH24|False|IPv6|File-Transfer
IPSEC-004-17,ipsec-004-17.pcap,validation,synthetic_lab_ground_truth,26160,IKEv2,ESP,Tunnel,IPv6,AES-128-CBC,HMAC-SHA1-96,RSA-Signature,Diffie-Hellman,DH24,False,True,3600,False,True,False,0x78656BA8,0x51918084,VoIP,UDP,IPv6,50,2122,150,28,122,3,215,27,0.07,32250,19118,13132,0.5928,10000.0,Medium,54,High,High,Legacy integrity algorithm: HMAC-SHA1-96; Perfect Forward Secrecy disabled,0.904,0.8,IKEv2|Tunnel|AES-128-CBC|DH24|False|IPv6|VoIP
IPSEC-004-18,ipsec-004-18.pcap,test,synthetic_lab_ground_truth,26160,IKEv2,ESP,Tunnel,IPv6,AES-128-CBC,HMAC-SHA1-96,RSA-Signature,Diffie-Hellman,DH24,False,True,3600,True,True,True,0xB287E2AD,0x62BD3993,ICMP,ICMP/ICMPv6,IPv6,50,256,105,32,73,0,97,24,0.41,10185,4084,6101,0.401,2439.024,Low,54,High,High,Legacy integrity algorithm: HMAC-SHA1-96; Perfect Forward Secrecy disabled,0.92,0.968,IKEv2|Tunnel|AES-128-CBC|DH24|False|IPv6|ICMP
IPSEC-004-19,ipsec-004-19.pcap,test,synthetic_lab_ground_truth,26160,IKEv2,ESP,Tunnel,IPv6,AES-128-CBC,HMAC-SHA1-96,RSA-Signature,Diffie-Hellman,DH24,False,True,172800,False,True,False,0xD3067D49,0x7AAEEA37,Video,TCP/QUIC,IPv6,50,4296,1001,27,974,1,474,132,0.23,474474,144489,329985,0.3045,4347.826,Medium,46,Critical,High,Legacy integrity algorithm: HMAC-SHA1-96; Perfect Forward Secrecy disabled; Long Security Association lifetime,0.893,0.856,IKEv2|Tunnel|AES-128-CBC|DH24|False|IPv6|Video
IPSEC-004-20,ipsec-004-20.pcap,test,synthetic_lab_ground_truth,26160,IKEv2,ESP,Tunnel,IPv6,AES-128-CBC,HMAC-SHA1-96,RSA-Signature,Diffie-Hellman,DH24,False,True,7200,False,True,False,0x24CCA994,0x17F6AE5B,Chat,TCP,IPv6,50,1498,537,28,509,2,279,41,0.36,149823,81579,68244,0.5445,2777.778,Low,54,High,High,Legacy integrity algorithm: HMAC-SHA1-96; Perfect Forward Secrecy disabled,0.908,0.721,IKEv2|Tunnel|AES-128-CBC|DH24|False|IPv6|Chat
IPSEC-005-01,ipsec-005-01.pcap,train,synthetic_lab_ground_truth,26160,IKEv1,ESP,Transport,IPv6,AES-128-CBC,HMAC-SHA256-128,PSK,Diffie-Hellman,DH14,True,True,1800,False,True,False,0xC66430E8,0xB8E432B4,Email,TCP,IPv6,50,621,777,18,759,0,423,77,1.25,328671,126571,202100,0.3851,800.0,Medium,71,Medium,High,Legacy IKE version detected; Older DH group; policy review recommended,0.8,0.753,IKEv1|Transport|AES-128-CBC|DH14|True|IPv6|Email
IPSEC-005-02,ipsec-005-02.pcap,train,synthetic_lab_ground_truth,26160,IKEv1,ESP,Transport,IPv6,AES-128-CBC,HMAC-SHA256-128,PSK,Diffie-Hellman,DH14,True,True,7200,False,True,False,0x5C1441EA,0x85611411,File-Transfer,TCP,IPv6,50,3398,1196,38,1158,0,817,149,0.35,977132,380342,596790,0.3892,2857.143,Medium,71,Medium,High,Legacy IKE version detected; Older DH group; policy review recommended,0.784,0.806,IKEv1|Transport|AES-128-CBC|DH14|True|IPv6|File-Transfer
IPSEC-005-03,ipsec-005-03.pcap,train,synthetic_lab_ground_truth,26160,IKEv1,ESP,Transport,IPv6,AES-128-CBC,HMAC-SHA256-128,PSK,Diffie-Hellman,DH14,True,True,14400,False,True,False,0x8FD3E519,0xFFA61FCF,VoIP,UDP,IPv6,50,2120,187,35,152,0,204,46,0.09,38148,23456,14692,0.6149,10000.0,Medium,71,Medium,High,Legacy IKE version detected; Older DH group; policy review recommended,0.758,0.788,IKEv1|Transport|AES-128-CBC|DH14|True|IPv6|VoIP
IPSEC-005-04,ipsec-005-04.pcap,train,synthetic_lab_ground_truth,26160,IKEv1,ESP,Transport,IPv6,AES-128-CBC,HMAC-SHA256-128,PSK,Diffie-Hellman,DH14,True,True,172800,False,True,False,0x7748E2BB,0x2BBE694C,ICMP,ICMP/ICMPv6,IPv6,50,231,84,37,47,1,102,32,0.36,8568,3844,4724,0.4487,2777.778,Medium,63,High,High,Legacy IKE version detected; Older DH group; policy review recommended; Long Security Association lifetime,0.805,0.897,IKEv1|Transport|AES-128-CBC|DH14|True|IPv6|ICMP
IPSEC-005-05,ipsec-005-05.pcap,train,synthetic_lab_ground_truth,26160,IKEv1,ESP,Transport,IPv6,AES-128-CBC,HMAC-SHA256-128,PSK,Diffie-Hellman,DH14,True,True,1800,False,True,False,0xB4515CD5,0x2962FDCD,Video,TCP/QUIC,IPv6,50,6317,1460,36,1424,3,478,139,0.23,697880,282788,415092,0.4052,4347.826,Medium,71,Medium,High,Legacy IKE version detected; Older DH group; policy review recommended,0.777,0.841,IKEv1|Transport|AES-128-CBC|DH14|True|IPv6|Video
IPSEC-005-06,ipsec-005-06.pcap,train,synthetic_lab_ground_truth,26160,IKEv1,ESP,Transport,IPv6,AES-128-CBC,HMAC-SHA256-128,PSK,Diffie-Hellman,DH14,True,True,3600,False,True,False,0xE2A615A6,0x4E7E69FB,Chat,TCP,IPv6,50,1394,489,34,455,2,238,50,0.35,116382,63402,52980,0.5448,2857.143,Medium,71,Medium,High,Legacy IKE version detected; Older DH group; policy review recommended,0.745,0.7,IKEv1|Transport|AES-128-CBC|DH14|True|IPv6|Chat
IPSEC-005-07,ipsec-005-07.pcap,train,synthetic_lab_ground_truth,26160,IKEv1,ESP,Transport,IPv6,AES-128-CBC,HMAC-SHA256-128,PSK,Diffie-Hellman,DH14,True,True,600,False,True,False,0x4B1F92C4,0xED13A23F,Web,TCP,IPv6,50,1855,695,16,679,0,527,158,0.37,366265,183240,183025,0.5003,2702.703,Medium,71,Medium,High,Legacy IKE version detected; Older DH group; policy review recommended,0.801,0.803,IKEv1|Transport|AES-128-CBC|DH14|True|IPv6|Web
IPSEC-005-08,ipsec-005-08.pcap,train,synthetic_lab_ground_truth,26160,IKEv1,ESP,Transport,IPv6,AES-128-CBC,HMAC-SHA256-128,PSK,Diffie-Hellman,DH14,True,True,7200,True,True,True,0x3C705158,0xB4413FBC,Email,TCP,IPv6,50,560,807,14,793,2,484,157,1.44,390588,196401,194187,0.5028,694.444,Medium,71,Medium,High,Legacy IKE version detected; Older DH group; policy review recommended,0.781,0.765,IKEv1|Transport|AES-128-CBC|DH14|True|IPv6|Email
IPSEC-005-09,ipsec-005-09.pcap,train,synthetic_lab_ground_truth,26160,IKEv1,ESP,Transport,IPv6,AES-128-CBC,HMAC-SHA256-128,PSK,Diffie-Hellman,DH14,True,True,300,False,True,False,0xE3848FAF,0x5F2F0FA4,File-Transfer,TCP,IPv6,50,3899,1757,26,1731,0,1027,195,0.45,1804439,997528,806911,0.5528,2222.222,Medium,71,Medium,High,Legacy IKE version detected; Older DH group; policy review recommended,0.759,0.815,IKEv1|Transport|AES-128-CBC|DH14|True|IPv6|File-Transfer
IPSEC-005-10,ipsec-005-10.pcap,train,synthetic_lab_ground_truth,26160,IKEv1,ESP,Transport,IPv6,AES-128-CBC,HMAC-SHA256-128,PSK,Diffie-Hellman,DH14,True,True,86400,False,True,False,0x243AB50B,0xA497D516,VoIP,UDP,IPv6,50,2100,167,20,147,0,212,44,0.08,35404,12262,23142,0.3464,10000.0,Medium,71,Medium,High,Legacy IKE version detected; Older DH group; policy review recommended,0.828,0.771,IKEv1|Transport|AES-128-CBC|DH14|True|IPv6|VoIP
IPSEC-005-11,ipsec-005-11.pcap,train,synthetic_lab_ground_truth,26160,IKEv1,ESP,Transport,IPv6,AES-128-CBC,HMAC-SHA256-128,PSK,Diffie-Hellman,DH14,True,True,14400,False,True,False,0x9A84AE92,0x1EEC0F82,ICMP,ICMP/ICMPv6,IPv6,50,247,82,16,66,2,112,18,0.33,9184,5274,3910,0.5743,3030.303,Medium,71,Medium,High,Legacy IKE version detected; Older DH group; policy review recommended,0.77,0.886,IKEv1|Transport|AES-128-CBC|DH14|True|IPv6|ICMP
IPSEC-005-12,ipsec-005-12.pcap,train,synthetic_lab_ground_truth,26160,IKEv1,ESP,Transport,IPv6,AES-128-CBC,HMAC-SHA256-128,PSK,Diffie-Hellman,DH14,True,True,14400,False,True,False,0x3D8A29E2,0x5FBBE396,Video,TCP/QUIC,IPv6,50,4873,1230,37,1193,0,563,161,0.25,692490,237217,455273,0.3426,4000.0,Medium,71,Medium,High,Legacy IKE version detected; Older DH group; policy review recommended,0.791,0.841,IKEv1|Transport|AES-128-CBC|DH14|True|IPv6|Video
IPSEC-005-13,ipsec-005-13.pcap,train,synthetic_lab_ground_truth,26160,IKEv1,ESP,Transport,IPv6,AES-128-CBC,HMAC-SHA256-128,PSK,Diffie-Hellman,DH14,True,True,86400,True,True,True,0xF2EEAB47,0x809AF8E0,Chat,TCP,IPv6,50,724,221,41,180,0,307,101,0.31,67847,26564,41283,0.3915,3225.806,Medium,71,Medium,High,Legacy IKE version detected; Older DH group; policy review recommended,0.797,0.792,IKEv1|Transport|AES-128-CBC|DH14|True|IPv6|Chat
IPSEC-005-14,ipsec-005-14.pcap,train,synthetic_lab_ground_truth,26160,IKEv1,ESP,Transport,IPv6,AES-128-CBC,HMAC-SHA256-128,PSK,Diffie-Hellman,DH14,True,True,3600,False,True,False,0xB5058725,0xDAF77391,Web,TCP,IPv6,50,2586,1005,18,987,0,467,87,0.39,469335,187393,281942,0.3993,2564.103,Medium,71,Medium,High,Legacy IKE version detected; Older DH group; policy review recommended,0.749,0.76,IKEv1|Transport|AES-128-CBC|DH14|True|IPv6|Web
IPSEC-005-15,ipsec-005-15.pcap,validation,synthetic_lab_ground_truth,26160,IKEv1,ESP,Transport,IPv6,AES-128-CBC,HMAC-SHA256-128,PSK,Diffie-Hellman,DH14,True,True,7200,True,True,True,0xAB17745F,0xCA74A82A,Email,TCP,IPv6,50,548,611,15,596,0,418,90,1.11,255398,115320,140078,0.4515,900.901,Medium,71,Medium,High,Legacy IKE version detected; Older DH group; policy review recommended,0.825,0.794,IKEv1|Transport|AES-128-CBC|DH14|True|IPv6|Email
IPSEC-005-16,ipsec-005-16.pcap,validation,synthetic_lab_ground_truth,26160,IKEv1,ESP,Transport,IPv6,AES-128-CBC,HMAC-SHA256-128,PSK,Diffie-Hellman,DH14,True,True,28800,True,True,True,0x40458F76,0xE6D9086D,File-Transfer,TCP,IPv6,50,3140,1291,9,1282,0,973,306,0.41,1256143,632827,623316,0.5038,2439.024,Medium,71,Medium,High,Legacy IKE version detected; Older DH group; policy review recommended,0.784,0.823,IKEv1|Transport|AES-128-CBC|DH14|True|IPv6|File-Transfer
IPSEC-005-17,ipsec-005-17.pcap,validation,synthetic_lab_ground_truth,26160,IKEv1,ESP,Transport,IPv6,AES-128-CBC,HMAC-SHA256-128,PSK,Diffie-Hellman,DH14,True,True,28800,True,True,True,0x6B69E0F4,0xBED8B11C,VoIP,UDP,IPv6,50,2784,215,26,189,2,230,51,0.08,49450,21127,28323,0.4272,10000.0,Medium,71,Medium,High,Legacy IKE version detected; Older DH group; policy review recommended,0.795,0.843,IKEv1|Transport|AES-128-CBC|DH14|True|IPv6|VoIP
IPSEC-005-18,ipsec-005-18.pcap,test,synthetic_lab_ground_truth,26160,IKEv1,ESP,Transport,IPv6,AES-128-CBC,HMAC-SHA256-128,PSK,Diffie-Hellman,DH14,True,True,14400,False,True,False,0xB8FDC7E3,0xAFE9789E,ICMP,ICMP/ICMPv6,IPv6,50,229,87,12,75,0,96,15,0.38,8352,4639,3713,0.5556,2631.579,Medium,71,Medium,High,Legacy IKE version detected; Older DH group; policy review recommended,0.769,0.952,IKEv1|Transport|AES-128-CBC|DH14|True|IPv6|ICMP
IPSEC-005-19,ipsec-005-19.pcap,test,synthetic_lab_ground_truth,26160,IKEv1,ESP,Transport,IPv6,AES-128-CBC,HMAC-SHA256-128,PSK,Diffie-Hellman,DH14,True,False,3600,False,True,False,0xBACBAD64,0x8093FB4A,Video,TCP/QUIC,IPv6,50,3765,1020,13,1007,0,560,78,0.27,571200,286460,284740,0.5015,3703.704,Medium,46,Critical,Critical,Legacy IKE version detected; Older DH group; policy review recommended; Replay protection disabled,0.768,0.811,IKEv1|Transport|AES-128-CBC|DH14|True|IPv6|Video
IPSEC-005-20,ipsec-005-20.pcap,test,synthetic_lab_ground_truth,26160,IKEv1,ESP,Transport,IPv6,AES-128-CBC,HMAC-SHA256-128,PSK,Diffie-Hellman,DH14,True,True,3600,False,True,False,0x9CAB96EB,0x5DFE9BAB,Chat,TCP,IPv6,50,1001,311,11,300,0,247,46,0.31,76817,34668,42149,0.4513,3225.806,Medium,71,Medium,High,Legacy IKE version detected; Older DH group; policy review recommended,0.841,0.731,IKEv1|Transport|AES-128-CBC|DH14|True|IPv6|Chat
IPSEC-006-01,ipsec-006-01.pcap,train,synthetic_lab_ground_truth,26160,IKEv2,ESP,Transport,IPv4,AES-256-GCM,AEAD-GCM,PSK,Diffie-Hellman,DH14,True,True,86400,False,True,False,0x51D09D3D,0x2393881B,Email,TCP,IPv4,50,481,511,23,488,0,476,93,1.06,243236,122352,120884,0.503,943.396,Medium,94,Low,Low,Older DH group; policy review recommended,0.917,0.725,IKEv2|Transport|AES-256-GCM|DH14|True|IPv4|Email
IPSEC-006-02,ipsec-006-02.pcap,train,synthetic_lab_ground_truth,26160,IKEv2,ESP,Transport,IPv4,AES-256-GCM,AEAD-GCM,PSK,Diffie-Hellman,DH14,True,True,14400,True,True,True,0xE2747F3E,0x27B4AA06,File-Transfer,TCP,IPv4,50,3880,1655,29,1626,3,836,160,0.43,1383580,682088,701492,0.493,2325.581,Medium,94,Low,Low,Older DH group; policy review recommended,0.972,0.835,IKEv2|Transport|AES-256-GCM|DH14|True|IPv4|File-Transfer
IPSEC-006-03,ipsec-006-03.pcap,train,synthetic_lab_ground_truth,26160,IKEv2,ESP,Transport,IPv4,AES-256-GCM,AEAD-GCM,PSK,Diffie-Hellman,DH14,True,True,7200,False,True,False,0x78CA1F12,0xA6B87A4E,VoIP,UDP,IPv4,50,2173,196,21,175,0,294,80,0.09,57624,29894,27730,0.5188,10000.0,Medium,94,Low,Low,Older DH group; policy review recommended,0.963,0.831,IKEv2|Transport|AES-256-GCM|DH14|True|IPv4|VoIP
IPSEC-006-04,ipsec-006-04.pcap,train,synthetic_lab_ground_truth,26160,IKEv2,ESP,Transport,IPv4,AES-256-GCM,AEAD-GCM,PSK,Diffie-Hellman,DH14,True,True,28800,False,True,False,0x13C3D942,0x188F9B20,ICMP,ICMP/ICMPv6,IPv4,50,129,60,26,34,0,75,15,0.47,4500,1927,2573,0.4284,2127.66,Medium,94,Low,Low,Older DH group; policy review recommended,0.927,0.888,IKEv2|Transport|AES-256-GCM|DH14|True|IPv4|ICMP
IPSEC-006-05,ipsec-006-05.pcap,train,synthetic_lab_ground_truth,26160,IKEv2,ESP,Transport,IPv4,AES-256-GCM,AEAD-GCM,PSK,Diffie-Hellman,DH14,True,True,14400,False,True,False,0xA0BE15EC,0x3E191FE6,Video,TCP/QUIC,IPv4,50,3738,887,14,873,1,452,90,0.24,400924,133195,267729,0.3322,4166.667,Medium,94,Low,Low,Older DH group; policy review recommended,0.9,0.821,IKEv2|Transport|AES-256-GCM|DH14|True|IPv4|Video
IPSEC-006-06,ipsec-006-06.pcap,train,synthetic_lab_ground_truth,26160,IKEv2,ESP,Transport,IPv4,AES-256-GCM,AEAD-GCM,PSK,Diffie-Hellman,DH14,True,False,7200,False,True,False,0x690D3E11,0x992913B7,Chat,TCP,IPv4,50,1001,337,27,310,3,306,48,0.34,103122,55969,47153,0.5427,2941.176,Medium,69,High,Critical,Older DH group; policy review recommended; Replay protection disabled,0.912,0.74,IKEv2|Transport|AES-256-GCM|DH14|True|IPv4|Chat
IPSEC-006-07,ipsec-006-07.pcap,train,synthetic_lab_ground_truth,26160,IKEv2,ESP,Transport,IPv4,AES-256-GCM,AEAD-GCM,PSK,Diffie-Hellman,DH14,True,True,172800,False,True,False,0xC3F68941,0x3E106F55,Web,TCP,IPv4,50,2510,1115,39,1076,3,406,75,0.44,452690,177693,274997,0.3925,2272.727,Medium,86,Low,Medium,Older DH group; policy review recommended; Long Security Association lifetime,0.962,0.827,IKEv2|Transport|AES-256-GCM|DH14|True|IPv4|Web
IPSEC-006-08,ipsec-006-08.pcap,train,synthetic_lab_ground_truth,26160,IKEv2,ESP,Transport,IPv4,AES-256-GCM,AEAD-GCM,PSK,Diffie-Hellman,DH14,True,True,14400,True,True,True,0x473FA9B7,0x2953BDEA,Email,TCP,IPv4,50,599,679,17,662,0,506,190,1.13,343574,182355,161219,0.5308,884.956,Medium,94,Low,Low,Older DH group; policy review recommended,0.99,0.773,IKEv2|Transport|AES-256-GCM|DH14|True|IPv4|Email
IPSEC-006-09,ipsec-006-09.pcap,train,synthetic_lab_ground_truth,26160,IKEv2,ESP,Transport,IPv4,AES-256-GCM,AEAD-GCM,PSK,Diffie-Hellman,DH14,True,True,1800,True,True,True,0x19517529,0xE9E13E4E,File-Transfer,TCP,IPv4,50,1919,669,26,643,0,831,216,0.35,555939,281429,274510,0.5062,2857.143,Medium,94,Low,Low,Older DH group; policy review recommended,0.918,0.823,IKEv2|Transport|AES-256-GCM|DH14|True|IPv4|File-Transfer
IPSEC-006-10,ipsec-006-10.pcap,train,synthetic_lab_ground_truth,26160,IKEv2,ESP,Transport,IPv4,AES-256-GCM,AEAD-GCM,PSK,Diffie-Hellman,DH14,True,True,7200,True,True,True,0xED2629CC,0xCD452DCD,VoIP,UDP,IPv4,50,2206,160,33,127,0,241,66,0.07,38560,17472,21088,0.4531,10000.0,Medium,94,Low,Low,Older DH group; policy review recommended,0.951,0.814,IKEv2|Transport|AES-256-GCM|DH14|True|IPv4|VoIP
IPSEC-006-11,ipsec-006-11.pcap,train,synthetic_lab_ground_truth,26160,IKEv2,ESP,Transport,IPv4,AES-256-GCM,AEAD-GCM,PSK,Diffie-Hellman,DH14,True,True,86400,True,True,True,0x13034F39,0x8ACA5782,ICMP,ICMP/ICMPv6,IPv4,50,196,90,10,80,0,101,26,0.46,9090,4080,5010,0.4489,2173.913,Medium,94,Low,Low,Older DH group; policy review recommended,0.981,0.93,IKEv2|Transport|AES-256-GCM|DH14|True|IPv4|ICMP
IPSEC-006-12,ipsec-006-12.pcap,train,synthetic_lab_ground_truth,26160,IKEv2,ESP,Transport,IPv4,AES-256-GCM,AEAD-GCM,PSK,Diffie-Hellman,DH14,True,True,14400,False,True,False,0x7CAAB7BF,0xD21D812D,Video,TCP/QUIC,IPv4,50,5880,1510,14,1496,0,416,129,0.26,628160,209109,419051,0.3329,3846.154,Medium,94,Low,Low,Older DH group; policy review recommended,0.888,0.819,IKEv2|Transport|AES-256-GCM|DH14|True|IPv4|Video
IPSEC-006-13,ipsec-006-13.pcap,train,synthetic_lab_ground_truth,26160,IKEv2,ESP,Transport,IPv4,AES-256-GCM,AEAD-GCM,PSK,Diffie-Hellman,DH14,True,True,3600,False,True,False,0xE8637C98,0x56D45AD7,Chat,TCP,IPv4,50,1240,480,13,467,0,249,48,0.39,119520,56375,63145,0.4717,2564.103,Medium,94,Low,Low,Older DH group; policy review recommended,0.904,0.765,IKEv2|Transport|AES-256-GCM|DH14|True|IPv4|Chat
IPSEC-006-14,ipsec-006-14.pcap,train,synthetic_lab_ground_truth,26160,IKEv2,ESP,Transport,IPv4,AES-256-GCM,AEAD-GCM,PSK,Diffie-Hellman,DH14,True,False,3600,False,True,False,0x65FC67BC,0x6B5243A0,Web,TCP,IPv4,50,1489,497,10,487,2,635,153,0.33,315595,92527,223068,0.2932,3030.303,Medium,69,High,Critical,Older DH group; policy review recommended; Replay protection disabled,0.956,0.869,IKEv2|Transport|AES-256-GCM|DH14|True|IPv4|Web
IPSEC-006-15,ipsec-006-15.pcap,validation,synthetic_lab_ground_truth,26160,IKEv2,ESP,Transport,IPv4,AES-256-GCM,AEAD-GCM,PSK,Diffie-Hellman,DH14,True,True,7200,False,True,False,0xD19FB5C6,0xA6C580FE,Email,TCP,IPv4,50,638,784,29,755,0,488,161,1.23,382592,207831,174761,0.5432,813.008,Medium,94,Low,Low,Older DH group; policy review recommended,0.939,0.766,IKEv2|Transport|AES-256-GCM|DH14|True|IPv4|Email
IPSEC-006-16,ipsec-006-16.pcap,validation,synthetic_lab_ground_truth,26160,IKEv2,ESP,Transport,IPv4,AES-256-GCM,AEAD-GCM,PSK,Diffie-Hellman,DH14,True,True,28800,False,True,False,0xA7EAB330,0xCCEDB148,File-Transfer,TCP,IPv4,50,3189,1337,24,1313,0,734,185,0.42,981358,533920,447438,0.5441,2380.952,Medium,94,Low,Low,Older DH group; policy review recommended,0.941,0.75,IKEv2|Transport|AES-256-GCM|DH14|True|IPv4|File-Transfer
IPSEC-006-17,ipsec-006-17.pcap,validation,synthetic_lab_ground_truth,26160,IKEv2,ESP,Transport,IPv4,AES-256-GCM,AEAD-GCM,PSK,Diffie-Hellman,DH14,True,True,86400,False,True,False,0xC9CAD68B,0x51C00023,VoIP,UDP,IPv4,50,2168,210,16,194,0,198,51,0.1,41580,20140,21440,0.4844,10000.0,Medium,94,Low,Low,Older DH group; policy review recommended,0.97,0.803,IKEv2|Transport|AES-256-GCM|DH14|True|IPv4|VoIP
IPSEC-006-18,ipsec-006-18.pcap,test,synthetic_lab_ground_truth,26160,IKEv2,ESP,Transport,IPv4,AES-256-GCM,AEAD-GCM,PSK,Diffie-Hellman,DH14,True,True,172800,True,True,True,0xD4C4489F,0x226DFD0D,ICMP,ICMP/ICMPv6,IPv4,50,254,84,43,41,0,112,33,0.33,9408,4909,4499,0.5218,3030.303,Medium,86,Low,Medium,Older DH group; policy review recommended; Long Security Association lifetime,0.981,0.944,IKEv2|Transport|AES-256-GCM|DH14|True|IPv4|ICMP
IPSEC-006-19,ipsec-006-19.pcap,test,synthetic_lab_ground_truth,26160,IKEv2,ESP,Transport,IPv4,AES-256-GCM,AEAD-GCM,PSK,Diffie-Hellman,DH14,True,True,28800,False,True,False,0x77CE40D9,0xE292C805,Video,TCP/QUIC,IPv4,50,5029,1270,44,1226,0,480,102,0.25,609600,164903,444697,0.2705,4000.0,Medium,94,Low,Low,Older DH group; policy review recommended,0.955,0.848,IKEv2|Transport|AES-256-GCM|DH14|True|IPv4|Video
IPSEC-006-20,ipsec-006-20.pcap,test,synthetic_lab_ground_truth,26160,IKEv2,ESP,Transport,IPv4,AES-256-GCM,AEAD-GCM,PSK,Diffie-Hellman,DH14,True,True,28800,False,True,False,0x8CAD5012,0x3F8CC926,Chat,TCP,IPv4,50,1121,429,32,397,0,284,72,0.38,121836,36038,85798,0.2958,2631.579,Medium,94,Low,Low,Older DH group; policy review recommended,0.95,0.651,IKEv2|Transport|AES-256-GCM|DH14|True|IPv4|Chat
IPSEC-007-01,ipsec-007-01.pcap,train,synthetic_lab_ground_truth,26160,IKEv1,ESP,Tunnel,IPv4,AES-128-GCM,AEAD-GCM,PSK,Diffie-Hellman,DH19,True,True,28800,False,True,False,0x81E5E732,0xB57F3B07,Email,TCP,IPv4,50,323,495,12,483,1,498,83,1.53,246510,115022,131488,0.4666,653.595,Low,83,Medium,High,Legacy IKE version detected,0.818,0.783,IKEv1|Tunnel|AES-128-GCM|DH19|True|IPv4|Email
IPSEC-007-02,ipsec-007-02.pcap,train,synthetic_lab_ground_truth,26160,IKEv1,ESP,Tunnel,IPv4,AES-128-GCM,AEAD-GCM,PSK,Diffie-Hellman,DH19,True,True,86400,True,True,True,0x8AAADF25,0x9CA7FB7B,File-Transfer,TCP,IPv4,50,3582,1698,31,1667,1,827,219,0.47,1404246,858651,545595,0.6115,2127.66,Low,83,Medium,High,Legacy IKE version detected,0.796,0.831,IKEv1|Tunnel|AES-128-GCM|DH19|True|IPv4|File-Transfer
IPSEC-007-03,ipsec-007-03.pcap,train,synthetic_lab_ground_truth,26160,IKEv1,ESP,Tunnel,IPv4,AES-128-GCM,AEAD-GCM,PSK,Diffie-Hellman,DH19,True,True,86400,False,True,False,0xDEB46A08,0x86C7EF37,VoIP,UDP,IPv4,50,3613,299,30,269,0,196,66,0.08,58604,27630,30974,0.4715,10000.0,Medium,83,Medium,High,Legacy IKE version detected,0.832,0.833,IKEv1|Tunnel|AES-128-GCM|DH19|True|IPv4|VoIP
IPSEC-007-04,ipsec-007-04.pcap,train,synthetic_lab_ground_truth,26160,IKEv1,ESP,Tunnel,IPv4,AES-128-GCM,AEAD-GCM,PSK,Diffie-Hellman,DH19,True,True,86400,True,True,True,0xA627246C,0x35784461,ICMP,ICMP/ICMPv6,IPv4,50,305,138,27,111,1,72,16,0.45,9936,4584,5352,0.4614,2222.222,Low,83,Medium,High,Legacy IKE version detected,0.796,0.926,IKEv1|Tunnel|AES-128-GCM|DH19|True|IPv4|ICMP
IPSEC-007-05,ipsec-007-05.pcap,train,synthetic_lab_ground_truth,26160,IKEv1,ESP,Tunnel,IPv4,AES-128-GCM,AEAD-GCM,PSK,Diffie-Hellman,DH19,True,True,14400,False,True,False,0x496FAE56,0x309F9275,Video,TCP/QUIC,IPv4,50,5711,1352,21,1331,0,522,141,0.24,705744,201706,504038,0.2858,4166.667,Medium,83,Medium,High,Legacy IKE version detected,0.802,0.808,IKEv1|Tunnel|AES-128-GCM|DH19|True|IPv4|Video
IPSEC-007-06,ipsec-007-06.pcap,train,synthetic_lab_ground_truth,26160,IKEv1,ESP,Tunnel,IPv4,AES-128-GCM,AEAD-GCM,PSK,Diffie-Hellman,DH19,True,True,3600,True,True,True,0xD9C44124,0xC0952493,Chat,TCP,IPv4,50,1234,434,22,412,0,296,71,0.35,128464,70124,58340,0.5459,2857.143,Low,83,Medium,High,Legacy IKE version detected,0.868,0.725,IKEv1|Tunnel|AES-128-GCM|DH19|True|IPv4|Chat
IPSEC-007-07,ipsec-007-07.pcap,train,synthetic_lab_ground_truth,26160,IKEv1,ESP,Tunnel,IPv4,AES-128-GCM,AEAD-GCM,PSK,Diffie-Hellman,DH19,True,True,86400,False,True,False,0xB88A9805,0x15AC6319,Web,TCP,IPv4,50,1729,758,19,739,0,384,58,0.44,291072,46317,244755,0.1591,2272.727,Low,83,Medium,High,Legacy IKE version detected,0.811,0.774,IKEv1|Tunnel|AES-128-GCM|DH19|True|IPv4|Web
IPSEC-007-08,ipsec-007-08.pcap,train,synthetic_lab_ground_truth,26160,IKEv1,ESP,Tunnel,IPv4,AES-128-GCM,AEAD-GCM,PSK,Diffie-Hellman,DH19,True,True,300,False,True,False,0x45BBC9EC,0xA26B3AE2,Email,TCP,IPv4,50,498,603,16,587,0,466,99,1.21,280998,120762,160236,0.4298,826.446,Low,83,Medium,High,Legacy IKE version detected,0.79,0.728,IKEv1|Tunnel|AES-128-GCM|DH19|True|IPv4|Email
IPSEC-007-09,ipsec-007-09.pcap,train,synthetic_lab_ground_truth,26160,IKEv1,ESP,Tunnel,IPv4,AES-128-GCM,AEAD-GCM,PSK,Diffie-Hellman,DH19,True,True,14400,False,True,False,0xBF78F78F,0x4AC3D2C7,File-Transfer,TCP,IPv4,50,3021,1167,41,1126,1,975,190,0.39,1137825,605857,531968,0.5325,2564.103,Low,83,Medium,High,Legacy IKE version detected,0.776,0.807,IKEv1|Tunnel|AES-128-GCM|DH19|True|IPv4|File-Transfer
IPSEC-007-10,ipsec-007-10.pcap,train,synthetic_lab_ground_truth,26160,IKEv1,ESP,Tunnel,IPv4,AES-128-GCM,AEAD-GCM,PSK,Diffie-Hellman,DH19,True,True,7200,False,True,False,0x31F8AC16,0xD291C5E9,VoIP,UDP,IPv4,50,3384,278,30,248,1,201,51,0.08,55878,23414,32464,0.419,10000.0,Medium,83,Medium,High,Legacy IKE version detected,0.834,0.838,IKEv1|Tunnel|AES-128-GCM|DH19|True|IPv4|VoIP
IPSEC-007-11,ipsec-007-11.pcap,train,synthetic_lab_ground_truth,26160,IKEv1,ESP,Tunnel,IPv4,AES-128-GCM,AEAD-GCM,PSK,Diffie-Hellman,DH19,True,True,3600,False,True,False,0xFFB8057D,0xB367B503,ICMP,ICMP/ICMPv6,IPv4,50,236,87,15,72,0,91,17,0.37,7917,3635,4282,0.4592,2702.703,Low,83,Medium,High,Legacy IKE version detected,0.768,0.854,IKEv1|Tunnel|AES-128-GCM|DH19|True|IPv4|ICMP
IPSEC-007-12,ipsec-007-12.pcap,train,synthetic_lab_ground_truth,26160,IKEv1,ESP,Tunnel,IPv4,AES-128-GCM,AEAD-GCM,PSK,Diffie-Hellman,DH19,True,True,28800,True,True,True,0xB9825F35,0xBCFF4E0B,Video,TCP/QUIC,IPv4,50,4495,1076,10,1066,0,462,89,0.24,497112,174028,323084,0.3501,4166.667,Medium,83,Medium,High,Legacy IKE version detected,0.833,0.885,IKEv1|Tunnel|AES-128-GCM|DH19|True|IPv4|Video
IPSEC-007-13,ipsec-007-13.pcap,train,synthetic_lab_ground_truth,26160,IKEv1,ESP,Tunnel,IPv4,AES-128-GCM,AEAD-GCM,PSK,Diffie-Hellman,DH19,True,True,86400,False,True,False,0x9CEAE931,0xD1A20C33,Chat,TCP,IPv4,50,1320,414,38,376,0,239,54,0.31,98946,44001,54945,0.4447,3225.806,Low,83,Medium,High,Legacy IKE version detected,0.834,0.69,IKEv1|Tunnel|AES-128-GCM|DH19|True|IPv4|Chat
IPSEC-007-14,ipsec-007-14.pcap,train,synthetic_lab_ground_truth,26160,IKEv1,ESP,Tunnel,IPv4,AES-128-GCM,AEAD-GCM,PSK,Diffie-Hellman,DH19,True,True,3600,False,True,False,0x264571BF,0x4D435D43,Web,TCP,IPv4,50,1128,328,10,318,2,528,168,0.29,173184,29305,143879,0.1692,3448.276,Low,83,Medium,High,Legacy IKE version detected,0.823,0.852,IKEv1|Tunnel|AES-128-GCM|DH19|True|IPv4|Web
IPSEC-007-15,ipsec-007-15.pcap,validation,synthetic_lab_ground_truth,26160,IKEv1,ESP,Tunnel,IPv4,AES-128-GCM,AEAD-GCM,PSK,Diffie-Hellman,DH19,True,True,3600,False,True,False,0x32049026,0x63A15BFD,Email,TCP,IPv4,50,687,819,28,791,0,475,109,1.19,389025,174286,214739,0.448,840.336,Low,83,Medium,High,Legacy IKE version detected,0.835,0.708,IKEv1|Tunnel|AES-128-GCM|DH19|True|IPv4|Email
IPSEC-007-16,ipsec-007-16.pcap,validation,synthetic_lab_ground_truth,26160,IKEv1,ESP,Tunnel,IPv4,AES-128-GCM,AEAD-GCM,PSK,Diffie-Hellman,DH19,True,False,1800,False,True,False,0xE0D4F552,0x5B3D0175,File-Transfer,TCP,IPv4,50,3063,1291,33,1258,1,984,155,0.42,1270344,440591,829753,0.3468,2380.952,Low,58,High,Critical,Legacy IKE version detected; Replay protection disabled,0.821,0.819,IKEv1|Tunnel|AES-128-GCM|DH19|True|IPv4|File-Transfer
IPSEC-007-17,ipsec-007-17.pcap,validation,synthetic_lab_ground_truth,26160,IKEv1,ESP,Tunnel,IPv4,AES-128-GCM,AEAD-GCM,PSK,Diffie-Hellman,DH19,True,True,3600,False,True,False,0x378E46AB,0x6B2CD79D,VoIP,UDP,IPv4,50,2665,247,26,221,0,244,84,0.09,60268,28950,31318,0.4804,10000.0,Medium,83,Medium,High,Legacy IKE version detected,0.798,0.794,IKEv1|Tunnel|AES-128-GCM|DH19|True|IPv4|VoIP
IPSEC-007-18,ipsec-007-18.pcap,test,synthetic_lab_ground_truth,26160,IKEv1,ESP,Tunnel,IPv4,AES-128-GCM,AEAD-GCM,PSK,Diffie-Hellman,DH19,True,True,600,False,True,False,0xB95EF174,0xDF209ABD,ICMP,ICMP/ICMPv6,IPv4,50,266,100,23,77,0,94,35,0.38,9400,4567,4833,0.486,2631.579,Low,83,Medium,High,Legacy IKE version detected,0.854,0.925,IKEv1|Tunnel|AES-128-GCM|DH19|True|IPv4|ICMP
IPSEC-007-19,ipsec-007-19.pcap,test,synthetic_lab_ground_truth,26160,IKEv1,ESP,Tunnel,IPv4,AES-128-GCM,AEAD-GCM,PSK,Diffie-Hellman,DH19,True,True,28800,False,True,False,0x2BD064B5,0xC7351994,Video,TCP/QUIC,IPv4,50,3119,863,28,835,0,550,147,0.28,474650,152717,321933,0.3217,3571.429,Medium,83,Medium,High,Legacy IKE version detected,0.812,0.813,IKEv1|Tunnel|AES-128-GCM|DH19|True|IPv4|Video
IPSEC-007-20,ipsec-007-20.pcap,test,synthetic_lab_ground_truth,26160,IKEv1,ESP,Tunnel,IPv4,AES-128-GCM,AEAD-GCM,PSK,Diffie-Hellman,DH19,True,True,7200,False,True,False,0x8CA1800F,0x8A6FB5E8,Chat,TCP,IPv4,50,1023,395,27,368,1,224,60,0.39,88480,61135,27345,0.6909,2564.103,Low,83,Medium,High,Legacy IKE version detected,0.809,0.71,IKEv1|Tunnel|AES-128-GCM|DH19|True|IPv4|Chat
IPSEC-008-01,ipsec-008-01.pcap,train,synthetic_lab_ground_truth,26160,IKEv2,ESP,Transport,IPv4,AES-256-GCM,AEAD-GCM,ECDSA-Signature,Diffie-Hellman,DH24,True,True,1800,False,True,False,0x5F2A2B6D,0xEE241A80,Email,TCP,IPv4,50,597,849,35,814,0,422,74,1.42,358278,206648,151630,0.5768,704.225,Medium,92,Low,Informational,No major policy violations detected,0.973,0.725,IKEv2|Transport|AES-256-GCM|DH24|True|IPv4|Email
IPSEC-008-02,ipsec-008-02.pcap,train,synthetic_lab_ground_truth,26160,IKEv2,ESP,Transport,IPv4,AES-256-GCM,AEAD-GCM,ECDSA-Signature,Diffie-Hellman,DH24,True,True,300,True,True,True,0x56B45382,0xA7E8CC07,File-Transfer,TCP,IPv4,50,3885,1599,14,1585,0,913,172,0.41,1459887,564780,895107,0.3869,2439.024,Medium,92,Low,Informational,No major policy violations detected,0.936,0.807,IKEv2|Transport|AES-256-GCM|DH24|True|IPv4|File-Transfer
IPSEC-008-03,ipsec-008-03.pcap,train,synthetic_lab_ground_truth,26160,IKEv2,ESP,Transport,IPv4,AES-256-GCM,AEAD-GCM,ECDSA-Signature,Diffie-Hellman,DH24,True,True,3600,False,True,False,0xC78F7F51,0x9FCBFF5A,VoIP,UDP,IPv4,50,1672,136,17,119,0,244,57,0.08,33184,16360,16824,0.493,10000.0,Medium,92,Low,Informational,No major policy violations detected,0.964,0.721,IKEv2|Transport|AES-256-GCM|DH24|True|IPv4|VoIP
IPSEC-008-04,ipsec-008-04.pcap,train,synthetic_lab_ground_truth,26160,IKEv2,ESP,Transport,IPv4,AES-256-GCM,AEAD-GCM,ECDSA-Signature,Diffie-Hellman,DH24,True,False,28800,False,True,False,0xAB542FE8,0xC4AA5F7A,ICMP,ICMP/ICMPv6,IPv4,50,274,101,19,82,1,90,16,0.37,9090,4941,4149,0.5436,2702.703,Medium,67,High,Critical,Replay protection disabled,0.946,0.879,IKEv2|Transport|AES-256-GCM|DH24|True|IPv4|ICMP
IPSEC-008-05,ipsec-008-05.pcap,train,synthetic_lab_ground_truth,26160,IKEv2,ESP,Transport,IPv4,AES-256-GCM,AEAD-GCM,ECDSA-Signature,Diffie-Hellman,DH24,True,True,7200,False,True,False,0x453EF346,0x49EA363C,Video,TCP/QUIC,IPv4,50,5540,1547,44,1503,0,428,120,0.28,662116,173269,488847,0.2617,3571.429,Medium,92,Low,Informational,No major policy violations detected,0.967,0.797,IKEv2|Transport|AES-256-GCM|DH24|True|IPv4|Video
IPSEC-008-06,ipsec-008-06.pcap,train,synthetic_lab_ground_truth,26160,IKEv2,ESP,Transport,IPv4,AES-256-GCM,AEAD-GCM,ECDSA-Signature,Diffie-Hellman,DH24,True,True,7200,True,True,True,0x6EC82CFC,0x1BBA35FE,Chat,TCP,IPv4,50,1451,478,35,443,0,289,33,0.33,138142,65413,72729,0.4735,3030.303,Medium,92,Low,Informational,No major policy violations detected,0.918,0.657,IKEv2|Transport|AES-256-GCM|DH24|True|IPv4|Chat
IPSEC-008-07,ipsec-008-07.pcap,train,synthetic_lab_ground_truth,26160,IKEv2,ESP,Transport,IPv4,AES-256-GCM,AEAD-GCM,ECDSA-Signature,Diffie-Hellman,DH24,True,False,7200,False,True,False,0x2F3F27F5,0xCE33E61F,Web,TCP,IPv4,50,2632,1035,12,1023,0,542,100,0.39,560970,151918,409052,0.2708,2564.103,Medium,67,High,Critical,Replay protection disabled,0.962,0.832,IKEv2|Transport|AES-256-GCM|DH24|True|IPv4|Web
IPSEC-008-08,ipsec-008-08.pcap,train,synthetic_lab_ground_truth,26160,IKEv2,ESP,Transport,IPv4,AES-256-GCM,AEAD-GCM,ECDSA-Signature,Diffie-Hellman,DH24,True,True,3600,False,True,False,0xDCD614DD,0x61607885,Email,TCP,IPv4,50,509,630,8,622,1,321,71,1.24,202230,99210,103020,0.4906,806.452,Medium,92,Low,Informational,No major policy violations detected,0.968,0.788,IKEv2|Transport|AES-256-GCM|DH24|True|IPv4|Email
IPSEC-008-09,ipsec-008-09.pcap,train,synthetic_lab_ground_truth,26160,IKEv2,ESP,Transport,IPv4,AES-256-GCM,AEAD-GCM,ECDSA-Signature,Diffie-Hellman,DH24,True,True,28800,True,True,True,0x1BDC9E60,0xAB9A1974,File-Transfer,TCP,IPv4,50,3123,1506,17,1489,2,1165,295,0.48,1754490,857107,897383,0.4885,2083.333,Medium,92,Low,Informational,No major policy violations detected,0.92,0.804,IKEv2|Transport|AES-256-GCM|DH24|True|IPv4|File-Transfer
IPSEC-008-10,ipsec-008-10.pcap,train,synthetic_lab_ground_truth,26160,IKEv2,ESP,Transport,IPv4,AES-256-GCM,AEAD-GCM,ECDSA-Signature,Diffie-Hellman,DH24,True,True,7200,True,True,True,0xE2E8859A,0xF82C3F10,VoIP,UDP,IPv4,50,2805,207,19,188,0,208,69,0.07,43056,21544,21512,0.5004,10000.0,Medium,92,Low,Informational,No major policy violations detected,0.961,0.787,IKEv2|Transport|AES-256-GCM|DH24|True|IPv4|VoIP
IPSEC-008-11,ipsec-008-11.pcap,train,synthetic_lab_ground_truth,26160,IKEv2,ESP,Transport,IPv4,AES-256-GCM,AEAD-GCM,ECDSA-Signature,Diffie-Hellman,DH24,True,True,86400,True,True,True,0x25940335,0xFEB2A7C2,ICMP,ICMP/ICMPv6,IPv4,50,272,110,28,82,2,102,22,0.4,11220,5346,5874,0.4765,2500.0,Medium,92,Low,Informational,No major policy violations detected,0.95,0.903,IKEv2|Transport|AES-256-GCM|DH24|True|IPv4|ICMP
IPSEC-008-12,ipsec-008-12.pcap,train,synthetic_lab_ground_truth,26160,IKEv2,ESP,Transport,IPv4,AES-256-GCM,AEAD-GCM,ECDSA-Signature,Diffie-Hellman,DH24,True,True,172800,True,True,True,0xFF3AD78D,0x5537687F,Video,TCP/QUIC,IPv4,50,6598,1672,14,1658,0,407,90,0.25,680504,289497,391007,0.4254,4000.0,Medium,84,Medium,Medium,Long Security Association lifetime,0.891,0.804,IKEv2|Transport|AES-256-GCM|DH24|True|IPv4|Video
IPSEC-008-13,ipsec-008-13.pcap,train,synthetic_lab_ground_truth,26160,IKEv2,ESP,Transport,IPv4,AES-256-GCM,AEAD-GCM,ECDSA-Signature,Diffie-Hellman,DH24,True,True,28800,False,True,False,0xEDAD568D,0x3CF9899A,Chat,TCP,IPv4,50,888,303,18,285,0,247,69,0.34,74841,34282,40559,0.4581,2941.176,Medium,92,Low,Informational,No major policy violations detected,0.936,0.713,IKEv2|Transport|AES-256-GCM|DH24|True|IPv4|Chat
IPSEC-008-14,ipsec-008-14.pcap,train,synthetic_lab_ground_truth,26160,IKEv2,ESP,Transport,IPv4,AES-256-GCM,AEAD-GCM,ECDSA-Signature,Diffie-Hellman,DH24,True,True,28800,False,True,False,0x2B5D12F8,0x3095F54D,Web,TCP,IPv4,50,2559,1066,19,1047,1,516,96,0.42,550056,167933,382123,0.3053,2380.952,Medium,92,Low,Informational,No major policy violations detected,0.935,0.775,IKEv2|Transport|AES-256-GCM|DH24|True|IPv4|Web
IPSEC-008-15,ipsec-008-15.pcap,validation,synthetic_lab_ground_truth,26160,IKEv2,ESP,Transport,IPv4,AES-256-GCM,AEAD-GCM,ECDSA-Signature,Diffie-Hellman,DH24,True,True,300,True,True,True,0x8B07D80D,0x959DE099,Email,TCP,IPv4,50,654,737,34,703,1,390,96,1.13,287430,142327,145103,0.4952,884.956,Medium,92,Low,Informational,No major policy violations detected,0.94,0.743,IKEv2|Transport|AES-256-GCM|DH24|True|IPv4|Email
IPSEC-008-16,ipsec-008-16.pcap,validation,synthetic_lab_ground_truth,26160,IKEv2,ESP,Transport,IPv4,AES-256-GCM,AEAD-GCM,ECDSA-Signature,Diffie-Hellman,DH24,True,True,3600,False,True,False,0x3290FCAF,0x639C2C66,File-Transfer,TCP,IPv4,50,3742,1324,31,1293,1,959,211,0.35,1269716,545015,724701,0.4292,2857.143,Medium,92,Low,Informational,No major policy violations detected,0.935,0.865,IKEv2|Transport|AES-256-GCM|DH24|True|IPv4|File-Transfer
IPSEC-008-17,ipsec-008-17.pcap,validation,synthetic_lab_ground_truth,26160,IKEv2,ESP,Transport,IPv4,AES-256-GCM,AEAD-GCM,ECDSA-Signature,Diffie-Hellman,DH24,True,True,3600,True,True,True,0xD67687C1,0xF76C7DAD,VoIP,UDP,IPv4,50,3381,273,43,230,0,216,23,0.08,58968,35398,23570,0.6003,10000.0,Medium,92,Low,Informational,No major policy violations detected,0.99,0.755,IKEv2|Transport|AES-256-GCM|DH24|True|IPv4|VoIP
IPSEC-008-18,ipsec-008-18.pcap,test,synthetic_lab_ground_truth,26160,IKEv2,ESP,Transport,IPv4,AES-256-GCM,AEAD-GCM,ECDSA-Signature,Diffie-Hellman,DH24,True,False,86400,False,True,False,0x6C2CEF22,0x4012F5CA,ICMP,ICMP/ICMPv6,IPv4,50,224,91,18,73,0,100,16,0.41,9100,6223,2877,0.6839,2439.024,Medium,67,High,Critical,Replay protection disabled,0.931,0.923,IKEv2|Transport|AES-256-GCM|DH24|True|IPv4|ICMP
IPSEC-008-19,ipsec-008-19.pcap,test,synthetic_lab_ground_truth,26160,IKEv2,ESP,Transport,IPv4,AES-256-GCM,AEAD-GCM,ECDSA-Signature,Diffie-Hellman,DH24,True,True,7200,False,True,False,0x107E26CF,0xDEFDD696,Video,TCP/QUIC,IPv4,50,6832,1848,20,1828,0,539,185,0.27,996072,361043,635029,0.3625,3703.704,Medium,92,Low,Informational,No major policy violations detected,0.932,0.843,IKEv2|Transport|AES-256-GCM|DH24|True|IPv4|Video
IPSEC-008-20,ipsec-008-20.pcap,test,synthetic_lab_ground_truth,26160,IKEv2,ESP,Transport,IPv4,AES-256-GCM,AEAD-GCM,ECDSA-Signature,Diffie-Hellman,DH24,True,True,3600,True,True,True,0x9F362435,0x7081A5AC,Chat,TCP,IPv4,50,898,297,19,278,0,224,75,0.33,66528,29421,37107,0.4422,3030.303,Medium,92,Low,Informational,No major policy violations detected,0.96,0.706,IKEv2|Transport|AES-256-GCM|DH24|True|IPv4|Chat
IPSEC-009-01,ipsec-009-01.pcap,train,synthetic_lab_ground_truth,26160,IKEv1,ESP,Transport,IPv4,AES-256-GCM,AEAD-GCM,RSA-Signature,Diffie-Hellman,DH14,True,True,1800,True,True,True,0x56A30630,0xC688F61D,Email,TCP,IPv4,50,609,654,13,641,3,515,64,1.07,336810,132179,204631,0.3924,934.579,Medium,81,Medium,High,Legacy IKE version detected; Older DH group; policy review recommended,0.848,0.768,IKEv1|Transport|AES-256-GCM|DH14|True|IPv4|Email
IPSEC-009-02,ipsec-009-02.pcap,train,synthetic_lab_ground_truth,26160,IKEv1,ESP,Transport,IPv4,AES-256-GCM,AEAD-GCM,RSA-Signature,Diffie-Hellman,DH14,True,True,28800,False,True,False,0x5130C173,0x5275EDB2,File-Transfer,TCP,IPv4,50,4408,1802,21,1781,0,847,232,0.41,1526294,773262,753032,0.5066,2439.024,Medium,81,Medium,High,Legacy IKE version detected; Older DH group; policy review recommended,0.841,0.763,IKEv1|Transport|AES-256-GCM|DH14|True|IPv4|File-Transfer
IPSEC-009-03,ipsec-009-03.pcap,train,synthetic_lab_ground_truth,26160,IKEv1,ESP,Transport,IPv4,AES-256-GCM,AEAD-GCM,RSA-Signature,Diffie-Hellman,DH14,True,True,86400,False,True,False,0x20204243,0xADE80DC1,VoIP,UDP,IPv4,50,3353,242,11,231,0,231,61,0.07,55902,18240,37662,0.3263,10000.0,Medium,81,Medium,High,Legacy IKE version detected; Older DH group; policy review recommended,0.804,0.779,IKEv1|Transport|AES-256-GCM|DH14|True|IPv4|VoIP
IPSEC-009-04,ipsec-009-04.pcap,train,synthetic_lab_ground_truth,26160,IKEv1,ESP,Transport,IPv4,AES-256-GCM,AEAD-GCM,RSA-Signature,Diffie-Hellman,DH14,True,True,3600,False,True,False,0xADA22E4F,0x50CEB455,ICMP,ICMP/ICMPv6,IPv4,50,180,73,30,43,1,100,22,0.41,7300,4341,2959,0.5948,2439.024,Medium,81,Medium,High,Legacy IKE version detected; Older DH group; policy review recommended,0.804,0.884,IKEv1|Transport|AES-256-GCM|DH14|True|IPv4|ICMP
IPSEC-009-05,ipsec-009-05.pcap,train,synthetic_lab_ground_truth,26160,IKEv1,ESP,Transport,IPv4,AES-256-GCM,AEAD-GCM,RSA-Signature,Diffie-Hellman,DH14,True,True,1800,False,True,False,0x20A0C926,0xF6041B8E,Video,TCP/QUIC,IPv4,50,5204,1298,14,1284,0,536,137,0.25,695728,253835,441893,0.3648,4000.0,Medium,81,Medium,High,Legacy IKE version detected; Older DH group; policy review recommended,0.826,0.812,IKEv1|Transport|AES-256-GCM|DH14|True|IPv4|Video
IPSEC-009-06,ipsec-009-06.pcap,train,synthetic_lab_ground_truth,26160,IKEv1,ESP,Transport,IPv4,AES-256-GCM,AEAD-GCM,RSA-Signature,Diffie-Hellman,DH14,True,True,14400,False,True,False,0xFBD187BB,0x4D316C20,Chat,TCP,IPv4,50,1233,392,17,375,0,273,71,0.32,107016,42244,64772,0.3948,3125.0,Medium,81,Medium,High,Legacy IKE version detected; Older DH group; policy review recommended,0.818,0.712,IKEv1|Transport|AES-256-GCM|DH14|True|IPv4|Chat
IPSEC-009-07,ipsec-009-07.pcap,train,synthetic_lab_ground_truth,26160,IKEv1,ESP,Transport,IPv4,AES-256-GCM,AEAD-GCM,RSA-Signature,Diffie-Hellman,DH14,True,True,14400,False,True,False,0x4709865C,0x3AF7BDE4,Web,TCP,IPv4,50,2004,903,37,866,1,551,124,0.45,497553,154969,342584,0.3115,2222.222,Medium,81,Medium,High,Legacy IKE version detected; Older DH group; policy review recommended,0.872,0.8,IKEv1|Transport|AES-256-GCM|DH14|True|IPv4|Web
IPSEC-009-08,ipsec-009-08.pcap,train,synthetic_lab_ground_truth,26160,IKEv1,ESP,Transport,IPv4,AES-256-GCM,AEAD-GCM,RSA-Signature,Diffie-Hellman,DH14,True,True,7200,False,True,False,0x7345274B,0x91E998F6,Email,TCP,IPv4,50,636,769,28,741,0,372,98,1.21,286068,145646,140422,0.5091,826.446,Medium,81,Medium,High,Legacy IKE version detected; Older DH group; policy review recommended,0.832,0.744,IKEv1|Transport|AES-256-GCM|DH14|True|IPv4|Email
IPSEC-009-09,ipsec-009-09.pcap,train,synthetic_lab_ground_truth,26160,IKEv1,ESP,Transport,IPv4,AES-256-GCM,AEAD-GCM,RSA-Signature,Diffie-Hellman,DH14,True,False,28800,True,True,True,0x80A225C7,0x454EE456,File-Transfer,TCP,IPv4,50,2500,1158,24,1134,0,805,245,0.46,932190,582508,349682,0.6249,2173.913,Medium,56,High,Critical,Legacy IKE version detected; Older DH group; policy review recommended; Replay protection disabled,0.829,0.792,IKEv1|Transport|AES-256-GCM|DH14|True|IPv4|File-Transfer
IPSEC-009-10,ipsec-009-10.pcap,train,synthetic_lab_ground_truth,26160,IKEv1,ESP,Transport,IPv4,AES-256-GCM,AEAD-GCM,RSA-Signature,Diffie-Hellman,DH14,True,False,28800,False,True,False,0x4FF5BADC,0x3D2F1BF1,VoIP,UDP,IPv4,50,2874,245,12,233,0,222,44,0.09,54390,29915,24475,0.55,10000.0,Medium,56,High,Critical,Legacy IKE version detected; Older DH group; policy review recommended; Replay protection disabled,0.834,0.767,IKEv1|Transport|AES-256-GCM|DH14|True|IPv4|VoIP
IPSEC-009-11,ipsec-009-11.pcap,train,synthetic_lab_ground_truth,26160,IKEv1,ESP,Transport,IPv4,AES-256-GCM,AEAD-GCM,RSA-Signature,Diffie-Hellman,DH14,True,True,14400,False,True,False,0xBB29ED47,0xE2F4545C,ICMP,ICMP/ICMPv6,IPv4,50,273,100,13,87,0,94,26,0.37,9400,4865,4535,0.5176,2702.703,Medium,81,Medium,High,Legacy IKE version detected; Older DH group; policy review recommended,0.794,0.975,IKEv1|Transport|AES-256-GCM|DH14|True|IPv4|ICMP
IPSEC-009-12,ipsec-009-12.pcap,train,synthetic_lab_ground_truth,26160,IKEv1,ESP,Transport,IPv4,AES-256-GCM,AEAD-GCM,RSA-Signature,Diffie-Hellman,DH14,True,False,7200,True,True,True,0xEC09DEAF,0xD689E8C4,Video,TCP/QUIC,IPv4,50,4623,1060,16,1044,2,433,122,0.23,458980,173560,285420,0.3781,4347.826,Medium,56,High,Critical,Legacy IKE version detected; Older DH group; policy review recommended; Replay protection disabled,0.824,0.822,IKEv1|Transport|AES-256-GCM|DH14|True|IPv4|Video
IPSEC-009-13,ipsec-009-13.pcap,train,synthetic_lab_ground_truth,26160,IKEv1,ESP,Transport,IPv4,AES-256-GCM,AEAD-GCM,RSA-Signature,Diffie-Hellman,DH14,True,True,28800,False,True,False,0x19E00596,0x7FFDD8F7,Chat,TCP,IPv4,50,1305,398,8,390,0,343,116,0.3,136514,86269,50245,0.6319,3333.333,Medium,81,Medium,High,Legacy IKE version detected; Older DH group; policy review recommended,0.833,0.777,IKEv1|Transport|AES-256-GCM|DH14|True|IPv4|Chat
IPSEC-009-14,ipsec-009-14.pcap,train,synthetic_lab_ground_truth,26160,IKEv1,ESP,Transport,IPv4,AES-256-GCM,AEAD-GCM,RSA-Signature,Diffie-Hellman,DH14,True,True,7200,False,True,False,0x78DB12B4,0x3A325BCC,Web,TCP,IPv4,50,2348,1047,11,1036,0,479,141,0.45,501513,121541,379972,0.2423,2222.222,Medium,81,Medium,High,Legacy IKE version detected; Older DH group; policy review recommended,0.855,0.811,IKEv1|Transport|AES-256-GCM|DH14|True|IPv4|Web
IPSEC-009-15,ipsec-009-15.pcap,validation,synthetic_lab_ground_truth,26160,IKEv1,ESP,Transport,IPv4,AES-256-GCM,AEAD-GCM,RSA-Signature,Diffie-Hellman,DH14,True,True,7200,False,True,False,0x2740EA90,0xFE0FA77A,Email,TCP,IPv4,50,776,1027,33,994,0,475,160,1.32,487825,205483,282342,0.4212,757.576,Medium,81,Medium,High,Legacy IKE version detected; Older DH group; policy review recommended,0.798,0.707,IKEv1|Transport|AES-256-GCM|DH14|True|IPv4|Email
IPSEC-009-16,ipsec-009-16.pcap,validation,synthetic_lab_ground_truth,26160,IKEv1,ESP,Transport,IPv4,AES-256-GCM,AEAD-GCM,RSA-Signature,Diffie-Hellman,DH14,True,True,3600,False,True,False,0xF067A38F,0x4D085C6E,File-Transfer,TCP,IPv4,50,3166,1209,21,1188,0,1025,252,0.38,1239225,605656,633569,0.4887,2631.579,Medium,81,Medium,High,Legacy IKE version detected; Older DH group; policy review recommended,0.832,0.795,IKEv1|Transport|AES-256-GCM|DH14|True|IPv4|File-Transfer
IPSEC-009-17,ipsec-009-17.pcap,validation,synthetic_lab_ground_truth,26160,IKEv1,ESP,Transport,IPv4,AES-256-GCM,AEAD-GCM,RSA-Signature,Diffie-Hellman,DH14,True,True,28800,True,True,True,0xBB73D85A,0x3EDB09CF,VoIP,UDP,IPv4,50,2499,234,34,200,1,222,59,0.09,51948,29237,22711,0.5628,10000.0,Medium,81,Medium,High,Legacy IKE version detected; Older DH group; policy review recommended,0.83,0.732,IKEv1|Transport|AES-256-GCM|DH14|True|IPv4|VoIP
IPSEC-009-18,ipsec-009-18.pcap,test,synthetic_lab_ground_truth,26160,IKEv1,ESP,Transport,IPv4,AES-256-GCM,AEAD-GCM,RSA-Signature,Diffie-Hellman,DH14,True,True,28800,True,True,True,0x77E94E18,0x4AA9EB13,ICMP,ICMP/ICMPv6,IPv4,50,317,127,39,88,0,96,33,0.4,12192,6275,5917,0.5147,2500.0,Medium,81,Medium,High,Legacy IKE version detected; Older DH group; policy review recommended,0.838,0.947,IKEv1|Transport|AES-256-GCM|DH14|True|IPv4|ICMP
IPSEC-009-19,ipsec-009-19.pcap,test,synthetic_lab_ground_truth,26160,IKEv1,ESP,Transport,IPv4,AES-256-GCM,AEAD-GCM,RSA-Signature,Diffie-Hellman,DH14,True,True,14400,False,True,False,0xECADB714,0x12F5075A,Video,TCP/QUIC,IPv4,50,3409,944,12,932,0,505,96,0.28,476720,117678,359042,0.2468,3571.429,Medium,81,Medium,High,Legacy IKE version detected; Older DH group; policy review recommended,0.778,0.886,IKEv1|Transport|AES-256-GCM|DH14|True|IPv4|Video
IPSEC-009-20,ipsec-009-20.pcap,test,synthetic_lab_ground_truth,26160,IKEv1,ESP,Transport,IPv4,AES-256-GCM,AEAD-GCM,RSA-Signature,Diffie-Hellman,DH14,True,False,14400,True,True,True,0x69E00CF2,0x4A2F7EE2,Chat,TCP,IPv4,50,1282,325,16,309,0,260,82,0.25,84500,49010,35490,0.58,4000.0,Medium,56,High,Critical,Legacy IKE version detected; Older DH group; policy review recommended; Replay protection disabled,0.811,0.733,IKEv1|Transport|AES-256-GCM|DH14|True|IPv4|Chat
IPSEC-010-01,ipsec-010-01.pcap,train,synthetic_lab_ground_truth,26160,IKEv1,ESP,Tunnel,IPv4,AES-128-CBC,HMAC-SHA256-128,RSA-Signature,Diffie-Hellman,DH24,False,True,14400,False,True,False,0x75651699,0xAD5E7790,Email,TCP,IPv4,50,582,743,22,721,1,409,94,1.28,303887,175205,128682,0.5765,781.25,Low,57,High,High,Legacy IKE version detected; Perfect Forward Secrecy disabled,0.788,0.75,IKEv1|Tunnel|AES-128-CBC|DH24|False|IPv4|Email
IPSEC-010-02,ipsec-010-02.pcap,train,synthetic_lab_ground_truth,26160,IKEv1,ESP,Tunnel,IPv4,AES-128-CBC,HMAC-SHA256-128,RSA-Signature,Diffie-Hellman,DH24,False,True,86400,False,True,False,0x42A8F166,0x42061C41,File-Transfer,TCP,IPv4,50,4429,2048,35,2013,2,948,242,0.46,1941504,1095915,845589,0.5645,2173.913,Low,57,High,High,Legacy IKE version detected; Perfect Forward Secrecy disabled,0.792,0.744,IKEv1|Tunnel|AES-128-CBC|DH24|False|IPv4|File-Transfer
IPSEC-010-03,ipsec-010-03.pcap,train,synthetic_lab_ground_truth,26160,IKEv1,ESP,Tunnel,IPv4,AES-128-CBC,HMAC-SHA256-128,RSA-Signature,Diffie-Hellman,DH24,False,True,28800,False,True,False,0x8263185C,0x9C80DA2E,VoIP,UDP,IPv4,50,1218,115,32,83,0,214,65,0.09,24610,12906,11704,0.5244,10000.0,Medium,57,High,High,Legacy IKE version detected; Perfect Forward Secrecy disabled,0.766,0.796,IKEv1|Tunnel|AES-128-CBC|DH24|False|IPv4|VoIP
IPSEC-010-04,ipsec-010-04.pcap,train,synthetic_lab_ground_truth,26160,IKEv1,ESP,Tunnel,IPv4,AES-128-CBC,HMAC-SHA256-128,RSA-Signature,Diffie-Hellman,DH24,False,True,86400,False,True,False,0x7840589C,0xFAE89496,ICMP,ICMP/ICMPv6,IPv4,50,322,135,23,112,0,96,14,0.42,12960,8315,4645,0.6416,2380.952,Low,57,High,High,Legacy IKE version detected; Perfect Forward Secrecy disabled,0.731,0.945,IKEv1|Tunnel|AES-128-CBC|DH24|False|IPv4|ICMP
IPSEC-010-05,ipsec-010-05.pcap,train,synthetic_lab_ground_truth,26160,IKEv1,ESP,Tunnel,IPv4,AES-128-CBC,HMAC-SHA256-128,RSA-Signature,Diffie-Hellman,DH24,False,True,14400,False,True,False,0x7A9B3994,0x36F9246D,Video,TCP/QUIC,IPv4,50,3884,1176,32,1144,0,351,87,0.3,412776,122303,290473,0.2963,3333.333,Medium,57,High,High,Legacy IKE version detected; Perfect Forward Secrecy disabled,0.779,0.842,IKEv1|Tunnel|AES-128-CBC|DH24|False|IPv4|Video
IPSEC-010-06,ipsec-010-06.pcap,train,synthetic_lab_ground_truth,26160,IKEv1,ESP,Tunnel,IPv4,AES-128-CBC,HMAC-SHA256-128,RSA-Signature,Diffie-Hellman,DH24,False,True,3600,False,True,False,0x1789AE3F,0x8C910193,Chat,TCP,IPv4,50,1036,358,28,330,1,255,91,0.35,91290,48464,42826,0.5309,2857.143,Low,57,High,High,Legacy IKE version detected; Perfect Forward Secrecy disabled,0.802,0.756,IKEv1|Tunnel|AES-128-CBC|DH24|False|IPv4|Chat
IPSEC-010-07,ipsec-010-07.pcap,train,synthetic_lab_ground_truth,26160,IKEv1,ESP,Tunnel,IPv4,AES-128-CBC,HMAC-SHA256-128,RSA-Signature,Diffie-Hellman,DH24,False,True,86400,False,True,False,0x1CAA7425,0x8BBB7DF7,Web,TCP,IPv4,50,3045,1292,39,1253,0,684,231,0.42,883728,355982,527746,0.4028,2380.952,Low,57,High,High,Legacy IKE version detected; Perfect Forward Secrecy disabled,0.787,0.843,IKEv1|Tunnel|AES-128-CBC|DH24|False|IPv4|Web
IPSEC-010-08,ipsec-010-08.pcap,train,synthetic_lab_ground_truth,26160,IKEv1,ESP,Tunnel,IPv4,AES-128-CBC,HMAC-SHA256-128,RSA-Signature,Diffie-Hellman,DH24,False,True,86400,False,True,False,0x6085AEF8,0x6FF2BFF0,Email,TCP,IPv4,50,681,784,35,749,0,563,140,1.15,441392,212418,228974,0.4812,869.565,Low,57,High,High,Legacy IKE version detected; Perfect Forward Secrecy disabled,0.805,0.739,IKEv1|Tunnel|AES-128-CBC|DH24|False|IPv4|Email
IPSEC-010-09,ipsec-010-09.pcap,train,synthetic_lab_ground_truth,26160,IKEv1,ESP,Tunnel,IPv4,AES-128-CBC,HMAC-SHA256-128,RSA-Signature,Diffie-Hellman,DH24,False,True,3600,False,True,False,0x85D841BD,0xA6281C06,File-Transfer,TCP,IPv4,50,4739,2103,12,2091,0,759,139,0.44,1596177,731488,864689,0.4583,2272.727,Low,57,High,High,Legacy IKE version detected; Perfect Forward Secrecy disabled,0.763,0.854,IKEv1|Tunnel|AES-128-CBC|DH24|False|IPv4|File-Transfer
IPSEC-010-10,ipsec-010-10.pcap,train,synthetic_lab_ground_truth,26160,IKEv1,ESP,Tunnel,IPv4,AES-128-CBC,HMAC-SHA256-128,RSA-Signature,Diffie-Hellman,DH24,False,True,1800,False,True,False,0xD6F0CDD1,0x8BC8E8E4,VoIP,UDP,IPv4,50,2475,193,28,165,0,228,54,0.08,44004,21153,22851,0.4807,10000.0,Medium,57,High,High,Legacy IKE version detected; Perfect Forward Secrecy disabled,0.856,0.771,IKEv1|Tunnel|AES-128-CBC|DH24|False|IPv4|VoIP
IPSEC-010-11,ipsec-010-11.pcap,train,synthetic_lab_ground_truth,26160,IKEv1,ESP,Tunnel,IPv4,AES-128-CBC,HMAC-SHA256-128,RSA-Signature,Diffie-Hellman,DH24,False,False,300,False,True,False,0xB2859700,0xFD3ACB4D,ICMP,ICMP/ICMPv6,IPv4,50,213,92,19,73,3,87,15,0.43,8004,4646,3358,0.5805,2325.581,Low,32,Critical,Critical,Legacy IKE version detected; Perfect Forward Secrecy disabled; Replay protection disabled,0.811,0.953,IKEv1|Tunnel|AES-128-CBC|DH24|False|IPv4|ICMP
IPSEC-010-12,ipsec-010-12.pcap,train,synthetic_lab_ground_truth,26160,IKEv1,ESP,Tunnel,IPv4,AES-128-CBC,HMAC-SHA256-128,RSA-Signature,Diffie-Hellman,DH24,False,True,28800,False,True,False,0x5A816CBF,0x40EF1F27,Video,TCP/QUIC,IPv4,50,5764,1414,41,1373,2,466,113,0.25,658924,203631,455293,0.309,4000.0,Medium,57,High,High,Legacy IKE version detected; Perfect Forward Secrecy disabled,0.779,0.855,IKEv1|Tunnel|AES-128-CBC|DH24|False|IPv4|Video
IPSEC-010-13,ipsec-010-13.pcap,train,synthetic_lab_ground_truth,26160,IKEv1,ESP,Tunnel,IPv4,AES-128-CBC,HMAC-SHA256-128,RSA-Signature,Diffie-Hellman,DH24,False,True,86400,True,True,True,0x34AE5ADC,0x5156E064,Chat,TCP,IPv4,50,949,316,17,299,0,314,74,0.33,99224,56166,43058,0.5661,3030.303,Low,57,High,High,Legacy IKE version detected; Perfect Forward Secrecy disabled,0.785,0.766,IKEv1|Tunnel|AES-128-CBC|DH24|False|IPv4|Chat
IPSEC-010-14,ipsec-010-14.pcap,train,synthetic_lab_ground_truth,26160,IKEv1,ESP,Tunnel,IPv4,AES-128-CBC,HMAC-SHA256-128,RSA-Signature,Diffie-Hellman,DH24,False,True,14400,False,True,False,0xAC4BE3B2,0x229850B1,Web,TCP,IPv4,50,2098,865,20,845,1,607,187,0.41,525055,132943,392112,0.2532,2439.024,Low,57,High,High,Legacy IKE version detected; Perfect Forward Secrecy disabled,0.8,0.78,IKEv1|Tunnel|AES-128-CBC|DH24|False|IPv4|Web
IPSEC-010-15,ipsec-010-15.pcap,validation,synthetic_lab_ground_truth,26160,IKEv1,ESP,Tunnel,IPv4,AES-128-CBC,HMAC-SHA256-128,RSA-Signature,Diffie-Hellman,DH24,False,True,86400,True,True,True,0x4FAB3453,0xBEAD0829,Email,TCP,IPv4,50,445,514,43,471,1,542,106,1.16,278588,116127,162461,0.4168,862.069,Low,57,High,High,Legacy IKE version detected; Perfect Forward Secrecy disabled,0.751,0.736,IKEv1|Tunnel|AES-128-CBC|DH24|False|IPv4|Email
IPSEC-010-16,ipsec-010-16.pcap,validation,synthetic_lab_ground_truth,26160,IKEv1,ESP,Tunnel,IPv4,AES-128-CBC,HMAC-SHA256-128,RSA-Signature,Diffie-Hellman,DH24,False,False,1800,False,True,False,0xEEB6C411,0x5C0D6472,File-Transfer,TCP,IPv4,50,3008,1079,23,1056,0,888,194,0.36,958152,440152,518000,0.4594,2777.778,Low,32,Critical,Critical,Legacy IKE version detected; Perfect Forward Secrecy disabled; Replay protection disabled,0.786,0.766,IKEv1|Tunnel|AES-128-CBC|DH24|False|IPv4|File-Transfer
IPSEC-010-17,ipsec-010-17.pcap,validation,synthetic_lab_ground_truth,26160,IKEv1,ESP,Tunnel,IPv4,AES-128-CBC,HMAC-SHA256-128,RSA-Signature,Diffie-Hellman,DH24,False,True,1800,True,True,True,0xDF050AD7,0xC278657E,VoIP,UDP,IPv4,50,1794,139,27,112,1,283,84,0.08,39337,20413,18924,0.5189,10000.0,Medium,57,High,High,Legacy IKE version detected; Perfect Forward Secrecy disabled,0.767,0.797,IKEv1|Tunnel|AES-128-CBC|DH24|False|IPv4|VoIP
IPSEC-010-18,ipsec-010-18.pcap,test,synthetic_lab_ground_truth,26160,IKEv1,ESP,Tunnel,IPv4,AES-128-CBC,HMAC-SHA256-128,RSA-Signature,Diffie-Hellman,DH24,False,True,28800,False,True,False,0xBFB9549F,0x71627F80,ICMP,ICMP/ICMPv6,IPv4,50,254,117,32,85,1,119,21,0.46,13923,6212,7711,0.4462,2173.913,Low,57,High,High,Legacy IKE version detected; Perfect Forward Secrecy disabled,0.809,0.913,IKEv1|Tunnel|AES-128-CBC|DH24|False|IPv4|ICMP
IPSEC-010-19,ipsec-010-19.pcap,test,synthetic_lab_ground_truth,26160,IKEv1,ESP,Tunnel,IPv4,AES-128-CBC,HMAC-SHA256-128,RSA-Signature,Diffie-Hellman,DH24,False,True,1800,False,True,False,0x98EEDC4F,0xF32D92EA,Video,TCP/QUIC,IPv4,50,4660,1385,44,1341,1,515,95,0.3,713275,210742,502533,0.2955,3333.333,Medium,57,High,High,Legacy IKE version detected; Perfect Forward Secrecy disabled,0.78,0.84,IKEv1|Tunnel|AES-128-CBC|DH24|False|IPv4|Video
IPSEC-010-20,ipsec-010-20.pcap,test,synthetic_lab_ground_truth,26160,IKEv1,ESP,Tunnel,IPv4,AES-128-CBC,HMAC-SHA256-128,RSA-Signature,Diffie-Hellman,DH24,False,True,1800,False,True,False,0x32FF348C,0xA5931A44,Chat,TCP,IPv4,50,1672,581,9,572,1,242,71,0.35,140602,62875,77727,0.4472,2857.143,Low,57,High,High,Legacy IKE version detected; Perfect Forward Secrecy disabled,0.783,0.74,IKEv1|Tunnel|AES-128-CBC|DH24|False|IPv4|Chat
IPSEC-011-01,ipsec-011-01.pcap,train,synthetic_lab_ground_truth,26160,IKEv2,ESP,Transport,IPv6,AES-256-CBC,HMAC-SHA256-128,PSK,Diffie-Hellman,DH2,True,False,600,False,True,False,0x8140A792,0xE49F5DDB,Email,TCP,IPv6,50,380,491,24,467,1,458,150,1.29,224878,90526,134352,0.4026,775.194,Medium,44,Critical,Critical,Weak/legacy DH group; Replay protection disabled,0.922,0.758,IKEv2|Transport|AES-256-CBC|DH2|True|IPv6|Email
IPSEC-011-02,ipsec-011-02.pcap,train,synthetic_lab_ground_truth,26160,IKEv2,ESP,Transport,IPv6,AES-256-CBC,HMAC-SHA256-128,PSK,Diffie-Hellman,DH2,True,True,86400,False,True,False,0xB50DF177,0x3F8EB0FB,File-Transfer,TCP,IPv6,50,3942,1714,9,1705,0,922,279,0.43,1580308,442566,1137742,0.2801,2325.581,Medium,69,High,Critical,Weak/legacy DH group,0.928,0.807,IKEv2|Transport|AES-256-CBC|DH2|True|IPv6|File-Transfer
IPSEC-011-03,ipsec-011-03.pcap,train,synthetic_lab_ground_truth,26160,IKEv2,ESP,Transport,IPv6,AES-256-CBC,HMAC-SHA256-128,PSK,Diffie-Hellman,DH2,True,True,14400,False,True,False,0x3B121760,0xFE9ED0C9,VoIP,UDP,IPv6,50,2558,234,40,194,0,246,87,0.09,57564,36361,21203,0.6317,10000.0,Medium,69,High,Critical,Weak/legacy DH group,0.878,0.775,IKEv2|Transport|AES-256-CBC|DH2|True|IPv6|VoIP
IPSEC-011-04,ipsec-011-04.pcap,train,synthetic_lab_ground_truth,26160,IKEv2,ESP,Transport,IPv6,AES-256-CBC,HMAC-SHA256-128,PSK,Diffie-Hellman,DH2,True,True,1800,False,True,False,0xFCD69396,0x2CCFF956,ICMP,ICMP/ICMPv6,IPv6,50,172,61,16,45,3,96,31,0.35,5856,2269,3587,0.3876,2857.143,Medium,69,High,Critical,Weak/legacy DH group,0.924,0.924,IKEv2|Transport|AES-256-CBC|DH2|True|IPv6|ICMP
IPSEC-011-05,ipsec-011-05.pcap,train,synthetic_lab_ground_truth,26160,IKEv2,ESP,Transport,IPv6,AES-256-CBC,HMAC-SHA256-128,PSK,Diffie-Hellman,DH2,True,True,3600,True,True,True,0x99836985,0x243A30B2,Video,TCP/QUIC,IPv6,50,5135,1466,15,1451,2,471,104,0.29,690486,328350,362136,0.4755,3448.276,Medium,69,High,Critical,Weak/legacy DH group,0.947,0.903,IKEv2|Transport|AES-256-CBC|DH2|True|IPv6|Video
IPSEC-011-06,ipsec-011-06.pcap,train,synthetic_lab_ground_truth,26160,IKEv2,ESP,Transport,IPv6,AES-256-CBC,HMAC-SHA256-128,PSK,Diffie-Hellman,DH2,True,True,28800,True,True,True,0x904DB17E,0x3B1FB20F,Chat,TCP,IPv6,50,1353,531,33,498,1,235,73,0.39,124785,62848,61937,0.5037,2564.103,Medium,69,High,Critical,Weak/legacy DH group,0.904,0.722,IKEv2|Transport|AES-256-CBC|DH2|True|IPv6|Chat
IPSEC-011-07,ipsec-011-07.pcap,train,synthetic_lab_ground_truth,26160,IKEv2,ESP,Transport,IPv6,AES-256-CBC,HMAC-SHA256-128,PSK,Diffie-Hellman,DH2,True,True,28800,False,True,False,0x5E7240F0,0x88317290,Web,TCP,IPv6,50,2314,1005,16,989,2,493,100,0.43,495465,242910,252555,0.4903,2325.581,Medium,69,High,Critical,Weak/legacy DH group,0.894,0.785,IKEv2|Transport|AES-256-CBC|DH2|True|IPv6|Web
IPSEC-011-08,ipsec-011-08.pcap,train,synthetic_lab_ground_truth,26160,IKEv2,ESP,Transport,IPv6,AES-256-CBC,HMAC-SHA256-128,PSK,Diffie-Hellman,DH2,True,True,1800,True,True,True,0xBF1588F2,0xB295E62B,Email,TCP,IPv6,50,648,774,30,744,1,435,108,1.19,336690,163831,172859,0.4866,840.336,Medium,69,High,Critical,Weak/legacy DH group,0.921,0.801,IKEv2|Transport|AES-256-CBC|DH2|True|IPv6|Email
IPSEC-011-09,ipsec-011-09.pcap,train,synthetic_lab_ground_truth,26160,IKEv2,ESP,Transport,IPv6,AES-256-CBC,HMAC-SHA256-128,PSK,Diffie-Hellman,DH2,True,True,14400,False,True,False,0x3DAEB390,0xC025C089,File-Transfer,TCP,IPv6,50,4784,2019,35,1984,1,699,158,0.42,1411281,829026,582255,0.5874,2380.952,Medium,69,High,Critical,Weak/legacy DH group,0.906,0.787,IKEv2|Transport|AES-256-CBC|DH2|True|IPv6|File-Transfer
IPSEC-011-10,ipsec-011-10.pcap,train,synthetic_lab_ground_truth,26160,IKEv2,ESP,Transport,IPv6,AES-256-CBC,HMAC-SHA256-128,PSK,Diffie-Hellman,DH2,True,True,14400,False,True,False,0x4D51DF6A,0xAAC9677F,VoIP,UDP,IPv6,50,3465,279,29,250,1,252,63,0.08,70308,33062,37246,0.4702,10000.0,Medium,69,High,Critical,Weak/legacy DH group,0.931,0.799,IKEv2|Transport|AES-256-CBC|DH2|True|IPv6|VoIP
IPSEC-011-11,ipsec-011-11.pcap,train,synthetic_lab_ground_truth,26160,IKEv2,ESP,Transport,IPv6,AES-256-CBC,HMAC-SHA256-128,PSK,Diffie-Hellman,DH2,True,True,3600,True,True,True,0xB3918E78,0xED0BCFB0,ICMP,ICMP/ICMPv6,IPv6,50,292,125,43,82,1,114,37,0.43,14250,6372,7878,0.4472,2325.581,Medium,69,High,Critical,Weak/legacy DH group,0.893,0.926,IKEv2|Transport|AES-256-CBC|DH2|True|IPv6|ICMP
IPSEC-011-12,ipsec-011-12.pcap,train,synthetic_lab_ground_truth,26160,IKEv2,ESP,Transport,IPv6,AES-256-CBC,HMAC-SHA256-128,PSK,Diffie-Hellman,DH2,True,True,14400,True,True,True,0x87182C35,0x5E7DE63E,Video,TCP/QUIC,IPv6,50,3805,829,32,797,0,402,98,0.22,333258,90430,242828,0.2714,4545.455,Medium,69,High,Critical,Weak/legacy DH group,0.904,0.876,IKEv2|Transport|AES-256-CBC|DH2|True|IPv6|Video
IPSEC-011-13,ipsec-011-13.pcap,train,synthetic_lab_ground_truth,26160,IKEv2,ESP,Transport,IPv6,AES-256-CBC,HMAC-SHA256-128,PSK,Diffie-Hellman,DH2,True,True,172800,False,True,False,0x29AAF7A6,0x6CDA6A01,Chat,TCP,IPv6,50,789,317,41,276,2,224,49,0.4,71008,33035,37973,0.4652,2500.0,Medium,61,High,Critical,Weak/legacy DH group; Long Security Association lifetime,0.867,0.747,IKEv2|Transport|AES-256-CBC|DH2|True|IPv6|Chat
IPSEC-011-14,ipsec-011-14.pcap,train,synthetic_lab_ground_truth,26160,IKEv2,ESP,Transport,IPv6,AES-256-CBC,HMAC-SHA256-128,PSK,Diffie-Hellman,DH2,True,True,14400,True,True,True,0xC1961468,0x8795531E,Web,TCP,IPv6,50,2233,945,32,913,0,542,117,0.42,512190,131270,380920,0.2563,2380.952,Medium,69,High,Critical,Weak/legacy DH group,0.931,0.801,IKEv2|Transport|AES-256-CBC|DH2|True|IPv6|Web
IPSEC-011-15,ipsec-011-15.pcap,validation,synthetic_lab_ground_truth,26160,IKEv2,ESP,Transport,IPv6,AES-256-CBC,HMAC-SHA256-128,PSK,Diffie-Hellman,DH2,True,True,28800,True,True,True,0xF00A3A63,0x17027524,Email,TCP,IPv6,50,376,424,31,393,0,408,128,1.13,172992,85360,87632,0.4934,884.956,Medium,69,High,Critical,Weak/legacy DH group,0.866,0.706,IKEv2|Transport|AES-256-CBC|DH2|True|IPv6|Email
IPSEC-011-16,ipsec-011-16.pcap,validation,synthetic_lab_ground_truth,26160,IKEv2,ESP,Transport,IPv6,AES-256-CBC,HMAC-SHA256-128,PSK,Diffie-Hellman,DH2,True,True,1800,False,True,False,0xDE0A8925,0x2E3F7A38,File-Transfer,TCP,IPv6,50,2671,1097,44,1053,2,964,279,0.41,1057508,348992,708516,0.33,2439.024,Medium,69,High,Critical,Weak/legacy DH group,0.911,0.804,IKEv2|Transport|AES-256-CBC|DH2|True|IPv6|File-Transfer
IPSEC-011-17,ipsec-011-17.pcap,validation,synthetic_lab_ground_truth,26160,IKEv2,ESP,Transport,IPv6,AES-256-CBC,HMAC-SHA256-128,PSK,Diffie-Hellman,DH2,True,False,7200,True,True,True,0xD2F92932,0xB9F049B8,VoIP,UDP,IPv6,50,1982,177,19,158,0,217,69,0.09,38409,20614,17795,0.5367,10000.0,Medium,44,Critical,Critical,Weak/legacy DH group; Replay protection disabled,0.855,0.796,IKEv2|Transport|AES-256-CBC|DH2|True|IPv6|VoIP
IPSEC-011-18,ipsec-011-18.pcap,test,synthetic_lab_ground_truth,26160,IKEv2,ESP,Transport,IPv6,AES-256-CBC,HMAC-SHA256-128,PSK,Diffie-Hellman,DH2,True,True,14400,False,True,False,0x32D1A83E,0x64161D49,ICMP,ICMP/ICMPv6,IPv6,50,214,93,38,55,2,89,26,0.43,8277,4410,3867,0.5328,2325.581,Medium,69,High,Critical,Weak/legacy DH group,0.887,0.853,IKEv2|Transport|AES-256-CBC|DH2|True|IPv6|ICMP
IPSEC-011-19,ipsec-011-19.pcap,test,synthetic_lab_ground_truth,26160,IKEv2,ESP,Transport,IPv6,AES-256-CBC,HMAC-SHA256-128,PSK,Diffie-Hellman,DH2,True,True,7200,False,True,False,0x8817CE2A,0x2658CFF4,Video,TCP/QUIC,IPv6,50,3315,1005,43,962,0,556,115,0.3,558780,201148,357632,0.36,3333.333,Medium,69,High,Critical,Weak/legacy DH group,0.877,0.823,IKEv2|Transport|AES-256-CBC|DH2|True|IPv6|Video
IPSEC-011-20,ipsec-011-20.pcap,test,synthetic_lab_ground_truth,26160,IKEv2,ESP,Transport,IPv6,AES-256-CBC,HMAC-SHA256-128,PSK,Diffie-Hellman,DH2,True,True,1800,False,True,False,0xC48ADC7C,0x5DB8C188,Chat,TCP,IPv6,50,930,354,14,340,1,258,62,0.38,91332,44055,47277,0.4824,2631.579,Medium,69,High,Critical,Weak/legacy DH group,0.914,0.697,IKEv2|Transport|AES-256-CBC|DH2|True|IPv6|Chat
IPSEC-012-01,ipsec-012-01.pcap,train,synthetic_lab_ground_truth,26160,IKEv2,ESP,Transport,IPv6,AES-256-CBC,HMAC-SHA1-96,PSK,Diffie-Hellman,DH2,False,True,14400,True,True,True,0xAD1CB524,0x84333C67,Email,TCP,IPv6,50,600,642,24,618,0,408,118,1.07,261936,102541,159395,0.3915,934.579,Medium,39,Critical,Critical,Legacy integrity algorithm: HMAC-SHA1-96; Weak/legacy DH group; Perfect Forward Secrecy disabled,0.912,0.76,IKEv2|Transport|AES-256-CBC|DH2|False|IPv6|Email
IPSEC-012-02,ipsec-012-02.pcap,train,synthetic_lab_ground_truth,26160,IKEv2,ESP,Transport,IPv6,AES-256-CBC,HMAC-SHA1-96,PSK,Diffie-Hellman,DH2,False,True,7200,False,True,False,0x31490698,0x29FCCA49,File-Transfer,TCP,IPv6,50,3783,1683,12,1671,1,769,148,0.44,1294227,857184,437043,0.6623,2272.727,Medium,39,Critical,Critical,Legacy integrity algorithm: HMAC-SHA1-96; Weak/legacy DH group; Perfect Forward Secrecy disabled,0.911,0.868,IKEv2|Transport|AES-256-CBC|DH2|False|IPv6|File-Transfer
IPSEC-012-03,ipsec-012-03.pcap,train,synthetic_lab_ground_truth,26160,IKEv2,ESP,Transport,IPv6,AES-256-CBC,HMAC-SHA1-96,PSK,Diffie-Hellman,DH2,False,True,7200,False,True,False,0xD9603D98,0x8521181D,VoIP,UDP,IPv6,50,3135,275,14,261,1,200,48,0.09,55000,29610,25390,0.5384,10000.0,Medium,39,Critical,Critical,Legacy integrity algorithm: HMAC-SHA1-96; Weak/legacy DH group; Perfect Forward Secrecy disabled,0.888,0.807,IKEv2|Transport|AES-256-CBC|DH2|False|IPv6|VoIP
IPSEC-012-04,ipsec-012-04.pcap,train,synthetic_lab_ground_truth,26160,IKEv2,ESP,Transport,IPv6,AES-256-CBC,HMAC-SHA1-96,PSK,Diffie-Hellman,DH2,False,True,3600,False,True,False,0x93991124,0xE7611EDD,ICMP,ICMP/ICMPv6,IPv6,50,179,69,10,59,1,85,22,0.39,5865,2643,3222,0.4506,2564.103,Medium,39,Critical,Critical,Legacy integrity algorithm: HMAC-SHA1-96; Weak/legacy DH group; Perfect Forward Secrecy disabled,0.882,0.929,IKEv2|Transport|AES-256-CBC|DH2|False|IPv6|ICMP
IPSEC-012-05,ipsec-012-05.pcap,train,synthetic_lab_ground_truth,26160,IKEv2,ESP,Transport,IPv6,AES-256-CBC,HMAC-SHA1-96,PSK,Diffie-Hellman,DH2,False,True,86400,False,True,False,0x49E6C36D,0x114BBAB5,Video,TCP/QUIC,IPv6,50,6813,1790,25,1765,1,512,114,0.26,916480,277980,638500,0.3033,3846.154,Medium,39,Critical,Critical,Legacy integrity algorithm: HMAC-SHA1-96; Weak/legacy DH group; Perfect Forward Secrecy disabled,0.911,0.883,IKEv2|Transport|AES-256-CBC|DH2|False|IPv6|Video
IPSEC-012-06,ipsec-012-06.pcap,train,synthetic_lab_ground_truth,26160,IKEv2,ESP,Transport,IPv6,AES-256-CBC,HMAC-SHA1-96,PSK,Diffie-Hellman,DH2,False,True,1800,True,True,True,0x4DCC1147,0x409B6B22,Chat,TCP,IPv6,50,1160,420,41,379,0,294,59,0.36,123480,55006,68474,0.4455,2777.778,Medium,39,Critical,Critical,Legacy integrity algorithm: HMAC-SHA1-96; Weak/legacy DH group; Perfect Forward Secrecy disabled,0.884,0.724,IKEv2|Transport|AES-256-CBC|DH2|False|IPv6|Chat
IPSEC-012-07,ipsec-012-07.pcap,train,synthetic_lab_ground_truth,26160,IKEv2,ESP,Transport,IPv6,AES-256-CBC,HMAC-SHA1-96,PSK,Diffie-Hellman,DH2,False,True,172800,False,True,False,0x1D7983DA,0x7B3D89E3,Web,TCP,IPv6,50,2290,973,22,951,0,616,137,0.42,599368,282801,316567,0.4718,2380.952,Medium,31,Critical,Critical,Legacy integrity algorithm: HMAC-SHA1-96; Weak/legacy DH group; Perfect Forward Secrecy disabled; Long Security Association lifetime,0.923,0.804,IKEv2|Transport|AES-256-CBC|DH2|False|IPv6|Web
IPSEC-012-08,ipsec-012-08.pcap,train,synthetic_lab_ground_truth,26160,IKEv2,ESP,Transport,IPv6,AES-256-CBC,HMAC-SHA1-96,PSK,Diffie-Hellman,DH2,False,True,3600,False,True,False,0xFD4861BC,0x471318B9,Email,TCP,IPv6,50,595,681,8,673,1,444,89,1.14,302364,124574,177790,0.412,877.193,Medium,39,Critical,Critical,Legacy integrity algorithm: HMAC-SHA1-96; Weak/legacy DH group; Perfect Forward Secrecy disabled,0.937,0.764,IKEv2|Transport|AES-256-CBC|DH2|False|IPv6|Email
IPSEC-012-09,ipsec-012-09.pcap,train,synthetic_lab_ground_truth,26160,IKEv2,ESP,Transport,IPv6,AES-256-CBC,HMAC-SHA1-96,PSK,Diffie-Hellman,DH2,False,False,7200,False,True,False,0x1C4306D2,0xAB15D99C,File-Transfer,TCP,IPv6,50,3056,1486,15,1471,1,981,193,0.49,1457766,884899,572867,0.607,2040.816,Medium,20,Critical,Critical,Legacy integrity algorithm: HMAC-SHA1-96; Weak/legacy DH group; Perfect Forward Secrecy disabled; Replay protection disabled,0.912,0.774,IKEv2|Transport|AES-256-CBC|DH2|False|IPv6|File-Transfer
IPSEC-012-10,ipsec-012-10.pcap,train,synthetic_lab_ground_truth,26160,IKEv2,ESP,Transport,IPv6,AES-256-CBC,HMAC-SHA1-96,PSK,Diffie-Hellman,DH2,False,True,28800,False,True,False,0x18160A9B,0x684B87F2,VoIP,UDP,IPv6,50,3032,226,41,185,0,232,45,0.07,52432,19911,32521,0.3798,10000.0,Medium,39,Critical,Critical,Legacy integrity algorithm: HMAC-SHA1-96; Weak/legacy DH group; Perfect Forward Secrecy disabled,0.941,0.82,IKEv2|Transport|AES-256-CBC|DH2|False|IPv6|VoIP
IPSEC-012-11,ipsec-012-11.pcap,train,synthetic_lab_ground_truth,26160,IKEv2,ESP,Transport,IPv6,AES-256-CBC,HMAC-SHA1-96,PSK,Diffie-Hellman,DH2,False,True,3600,True,True,True,0x36DA275D,0x95C27E27,ICMP,ICMP/ICMPv6,IPv6,50,201,95,37,58,0,116,33,0.47,11020,6061,4959,0.55,2127.66,Medium,39,Critical,Critical,Legacy integrity algorithm: HMAC-SHA1-96; Weak/legacy DH group; Perfect Forward Secrecy disabled,0.885,0.868,IKEv2|Transport|AES-256-CBC|DH2|False|IPv6|ICMP
IPSEC-012-12,ipsec-012-12.pcap,train,synthetic_lab_ground_truth,26160,IKEv2,ESP,Transport,IPv6,AES-256-CBC,HMAC-SHA1-96,PSK,Diffie-Hellman,DH2,False,True,300,False,True,False,0xAC4AEC52,0x81930356,Video,TCP/QUIC,IPv6,50,4701,1169,41,1128,0,333,79,0.25,389277,111757,277520,0.2871,4000.0,Medium,39,Critical,Critical,Legacy integrity algorithm: HMAC-SHA1-96; Weak/legacy DH group; Perfect Forward Secrecy disabled,0.906,0.94,IKEv2|Transport|AES-256-CBC|DH2|False|IPv6|Video
IPSEC-012-13,ipsec-012-13.pcap,train,synthetic_lab_ground_truth,26160,IKEv2,ESP,Transport,IPv6,AES-256-CBC,HMAC-SHA1-96,PSK,Diffie-Hellman,DH2,False,True,14400,False,True,False,0x205AD6A6,0xA7E2F99A,Chat,TCP,IPv6,50,1318,473,32,441,0,318,119,0.36,150414,73992,76422,0.4919,2777.778,Medium,39,Critical,Critical,Legacy integrity algorithm: HMAC-SHA1-96; Weak/legacy DH group; Perfect Forward Secrecy disabled,0.895,0.716,IKEv2|Transport|AES-256-CBC|DH2|False|IPv6|Chat
IPSEC-012-14,ipsec-012-14.pcap,train,synthetic_lab_ground_truth,26160,IKEv2,ESP,Transport,IPv6,AES-256-CBC,HMAC-SHA1-96,PSK,Diffie-Hellman,DH2,False,False,3600,False,True,False,0xC516FDAA,0x523E6E93,Web,TCP,IPv6,50,2291,1062,11,1051,1,641,179,0.46,680742,231981,448761,0.3408,2173.913,Medium,20,Critical,Critical,Legacy integrity algorithm: HMAC-SHA1-96; Weak/legacy DH group; Perfect Forward Secrecy disabled; Replay protection disabled,0.875,0.777,IKEv2|Transport|AES-256-CBC|DH2|False|IPv6|Web
IPSEC-012-15,ipsec-012-15.pcap,validation,synthetic_lab_ground_truth,26160,IKEv2,ESP,Transport,IPv6,AES-256-CBC,HMAC-SHA1-96,PSK,Diffie-Hellman,DH2,False,True,14400,True,True,True,0xB958EC44,0x2F035DB4,Email,TCP,IPv6,50,562,814,17,797,1,557,167,1.45,453398,240405,212993,0.5302,689.655,Medium,39,Critical,Critical,Legacy integrity algorithm: HMAC-SHA1-96; Weak/legacy DH group; Perfect Forward Secrecy disabled,0.929,0.72,IKEv2|Transport|AES-256-CBC|DH2|False|IPv6|Email
IPSEC-012-16,ipsec-012-16.pcap,validation,synthetic_lab_ground_truth,26160,IKEv2,ESP,Transport,IPv6,AES-256-CBC,HMAC-SHA1-96,PSK,Diffie-Hellman,DH2,False,True,7200,True,True,True,0xCC715FA6,0xF185D4DF,File-Transfer,TCP,IPv6,50,2503,1112,26,1086,0,777,218,0.44,864024,439598,424426,0.5088,2272.727,Medium,39,Critical,Critical,Legacy integrity algorithm: HMAC-SHA1-96; Weak/legacy DH group; Perfect Forward Secrecy disabled,0.901,0.821,IKEv2|Transport|AES-256-CBC|DH2|False|IPv6|File-Transfer
IPSEC-012-17,ipsec-012-17.pcap,validation,synthetic_lab_ground_truth,26160,IKEv2,ESP,Transport,IPv6,AES-256-CBC,HMAC-SHA1-96,PSK,Diffie-Hellman,DH2,False,True,7200,False,True,False,0xC3E55123,0x361678EE,VoIP,UDP,IPv6,50,3478,307,13,294,1,207,64,0.09,63549,32772,30777,0.5157,10000.0,Medium,39,Critical,Critical,Legacy integrity algorithm: HMAC-SHA1-96; Weak/legacy DH group; Perfect Forward Secrecy disabled,0.899,0.796,IKEv2|Transport|AES-256-CBC|DH2|False|IPv6|VoIP
IPSEC-012-18,ipsec-012-18.pcap,test,synthetic_lab_ground_truth,26160,IKEv2,ESP,Transport,IPv6,AES-256-CBC,HMAC-SHA1-96,PSK,Diffie-Hellman,DH2,False,True,7200,True,True,True,0xB8A14D46,0xDA9B9F0A,ICMP,ICMP/ICMPv6,IPv6,50,293,122,31,91,2,95,19,0.42,11590,6013,5577,0.5189,2380.952,Medium,39,Critical,Critical,Legacy integrity algorithm: HMAC-SHA1-96; Weak/legacy DH group; Perfect Forward Secrecy disabled,0.853,0.895,IKEv2|Transport|AES-256-CBC|DH2|False|IPv6|ICMP
IPSEC-012-19,ipsec-012-19.pcap,test,synthetic_lab_ground_truth,26160,IKEv2,ESP,Transport,IPv6,AES-256-CBC,HMAC-SHA1-96,PSK,Diffie-Hellman,DH2,False,True,28800,True,True,True,0xD22628E0,0x5D55F145,Video,TCP/QUIC,IPv6,50,3556,1055,8,1047,1,507,91,0.3,534885,102116,432769,0.1909,3333.333,Medium,39,Critical,Critical,Legacy integrity algorithm: HMAC-SHA1-96; Weak/legacy DH group; Perfect Forward Secrecy disabled,0.864,0.879,IKEv2|Transport|AES-256-CBC|DH2|False|IPv6|Video
IPSEC-012-20,ipsec-012-20.pcap,test,synthetic_lab_ground_truth,26160,IKEv2,ESP,Transport,IPv6,AES-256-CBC,HMAC-SHA1-96,PSK,Diffie-Hellman,DH2,False,True,3600,False,True,False,0x5ED3FC96,0x14CDAA55,Chat,TCP,IPv6,50,1119,379,13,366,1,249,41,0.34,94371,38998,55373,0.4132,2941.176,Medium,39,Critical,Critical,Legacy integrity algorithm: HMAC-SHA1-96; Weak/legacy DH group; Perfect Forward Secrecy disabled,0.933,0.702,IKEv2|Transport|AES-256-CBC|DH2|False|IPv6|Chat
IPSEC-013-01,ipsec-013-01.pcap,train,synthetic_lab_ground_truth,26160,IKEv1,ESP,Transport,IPv6,AES-128-GCM,AEAD-GCM,RSA-Signature,Diffie-Hellman,DH24,True,True,3600,False,True,False,0xBF76FDD4,0x4C3F707F,Email,TCP,IPv6,50,801,1023,23,1000,0,364,128,1.28,372372,144502,227870,0.3881,781.25,Medium,77,Medium,High,Legacy IKE version detected,0.784,0.723,IKEv1|Transport|AES-128-GCM|DH24|True|IPv6|Email
IPSEC-013-02,ipsec-013-02.pcap,train,synthetic_lab_ground_truth,26160,IKEv1,ESP,Transport,IPv6,AES-128-GCM,AEAD-GCM,RSA-Signature,Diffie-Hellman,DH24,True,True,600,False,True,False,0xE8E18FD6,0x8D2130A7,File-Transfer,TCP,IPv6,50,3070,1453,32,1421,0,794,153,0.47,1153682,496435,657247,0.4303,2127.66,Medium,77,Medium,High,Legacy IKE version detected,0.833,0.813,IKEv1|Transport|AES-128-GCM|DH24|True|IPv6|File-Transfer
IPSEC-013-03,ipsec-013-03.pcap,train,synthetic_lab_ground_truth,26160,IKEv1,ESP,Transport,IPv6,AES-128-GCM,AEAD-GCM,RSA-Signature,Diffie-Hellman,DH24,True,True,172800,False,True,False,0xA6937829,0x85D904DF,VoIP,UDP,IPv6,50,3474,265,24,241,0,225,62,0.08,59625,29794,29831,0.4997,10000.0,Medium,69,High,High,Legacy IKE version detected; Long Security Association lifetime,0.786,0.791,IKEv1|Transport|AES-128-GCM|DH24|True|IPv6|VoIP
IPSEC-013-04,ipsec-013-04.pcap,train,synthetic_lab_ground_truth,26160,IKEv1,ESP,Transport,IPv6,AES-128-GCM,AEAD-GCM,RSA-Signature,Diffie-Hellman,DH24,True,True,86400,False,True,False,0xF585F535,0xC8341E4D,ICMP,ICMP/ICMPv6,IPv6,50,239,98,11,87,0,107,25,0.41,10486,4611,5875,0.4398,2439.024,Medium,77,Medium,High,Legacy IKE version detected,0.844,0.944,IKEv1|Transport|AES-128-GCM|DH24|True|IPv6|ICMP
IPSEC-013-05,ipsec-013-05.pcap,train,synthetic_lab_ground_truth,26160,IKEv1,ESP,Transport,IPv6,AES-128-GCM,AEAD-GCM,RSA-Signature,Diffie-Hellman,DH24,True,False,7200,False,True,False,0x6230B12C,0xB07D53E2,Video,TCP/QUIC,IPv6,50,3850,1020,12,1008,1,404,85,0.26,412080,179278,232802,0.4351,3846.154,Medium,52,High,Critical,Legacy IKE version detected; Replay protection disabled,0.831,0.745,IKEv1|Transport|AES-128-GCM|DH24|True|IPv6|Video
IPSEC-013-06,ipsec-013-06.pcap,train,synthetic_lab_ground_truth,26160,IKEv1,ESP,Transport,IPv6,AES-128-GCM,AEAD-GCM,RSA-Signature,Diffie-Hellman,DH24,True,True,172800,False,True,False,0xC0650ED9,0x4ABD8467,Chat,TCP,IPv6,50,1203,358,29,329,1,227,64,0.3,81266,40538,40728,0.4988,3333.333,Medium,69,High,High,Legacy IKE version detected; Long Security Association lifetime,0.803,0.715,IKEv1|Transport|AES-128-GCM|DH24|True|IPv6|Chat
IPSEC-013-07,ipsec-013-07.pcap,train,synthetic_lab_ground_truth,26160,IKEv1,ESP,Transport,IPv6,AES-128-GCM,AEAD-GCM,RSA-Signature,Diffie-Hellman,DH24,True,True,172800,False,True,False,0xF7DA7BB4,0x71E1E0A3,Web,TCP,IPv6,50,2296,1011,28,983,2,605,184,0.44,611655,164772,446883,0.2694,2272.727,Medium,69,High,High,Legacy IKE version detected; Long Security Association lifetime,0.865,0.81,IKEv1|Transport|AES-128-GCM|DH24|True|IPv6|Web
IPSEC-013-08,ipsec-013-08.pcap,train,synthetic_lab_ground_truth,26160,IKEv1,ESP,Transport,IPv6,AES-128-GCM,AEAD-GCM,RSA-Signature,Diffie-Hellman,DH24,True,True,7200,True,True,True,0x3CF63BCB,0x23577F36,Email,TCP,IPv6,50,587,751,8,743,0,439,103,1.28,329689,165211,164478,0.5011,781.25,Medium,77,Medium,High,Legacy IKE version detected,0.845,0.767,IKEv1|Transport|AES-128-GCM|DH24|True|IPv6|Email
IPSEC-013-09,ipsec-013-09.pcap,train,synthetic_lab_ground_truth,26160,IKEv1,ESP,Transport,IPv6,AES-128-GCM,AEAD-GCM,RSA-Signature,Diffie-Hellman,DH24,True,True,14400,False,True,False,0xA610A969,0xB268601A,File-Transfer,TCP,IPv6,50,2914,1289,40,1249,2,850,231,0.44,1095650,460804,634846,0.4206,2272.727,Medium,77,Medium,High,Legacy IKE version detected,0.793,0.742,IKEv1|Transport|AES-128-GCM|DH24|True|IPv6|File-Transfer
IPSEC-013-10,ipsec-013-10.pcap,train,synthetic_lab_ground_truth,26160,IKEv1,ESP,Transport,IPv6,AES-128-GCM,AEAD-GCM,RSA-Signature,Diffie-Hellman,DH24,True,True,14400,True,True,True,0x6D025F35,0xF3A0D79B,VoIP,UDP,IPv6,50,3181,275,12,263,2,223,59,0.09,61325,36637,24688,0.5974,10000.0,Medium,77,Medium,High,Legacy IKE version detected,0.86,0.808,IKEv1|Transport|AES-128-GCM|DH24|True|IPv6|VoIP
IPSEC-013-11,ipsec-013-11.pcap,train,synthetic_lab_ground_truth,26160,IKEv1,ESP,Transport,IPv6,AES-128-GCM,AEAD-GCM,RSA-Signature,Diffie-Hellman,DH24,True,True,28800,False,True,False,0x3FD90157,0x62B57898,ICMP,ICMP/ICMPv6,IPv6,50,218,94,20,74,0,83,19,0.43,7802,4506,3296,0.5776,2325.581,Medium,77,Medium,High,Legacy IKE version detected,0.799,0.98,IKEv1|Transport|AES-128-GCM|DH24|True|IPv6|ICMP
IPSEC-013-12,ipsec-013-12.pcap,train,synthetic_lab_ground_truth,26160,IKEv1,ESP,Transport,IPv6,AES-128-GCM,AEAD-GCM,RSA-Signature,Diffie-Hellman,DH24,True,True,14400,False,True,False,0xCBE88F00,0x933284DE,Video,TCP/QUIC,IPv6,50,6027,1682,34,1648,0,555,153,0.28,933510,374122,559388,0.4008,3571.429,Medium,77,Medium,High,Legacy IKE version detected,0.815,0.853,IKEv1|Transport|AES-128-GCM|DH24|True|IPv6|Video
IPSEC-013-13,ipsec-013-13.pcap,train,synthetic_lab_ground_truth,26160,IKEv1,ESP,Transport,IPv6,AES-128-GCM,AEAD-GCM,RSA-Signature,Diffie-Hellman,DH24,True,True,3600,True,True,True,0x5D4841CA,0xDEC9EE97,Chat,TCP,IPv6,50,1349,421,28,393,1,252,84,0.31,106092,52530,53562,0.4951,3225.806,Medium,77,Medium,High,Legacy IKE version detected,0.781,0.713,IKEv1|Transport|AES-128-GCM|DH24|True|IPv6|Chat
IPSEC-013-14,ipsec-013-14.pcap,train,synthetic_lab_ground_truth,26160,IKEv1,ESP,Transport,IPv6,AES-128-GCM,AEAD-GCM,RSA-Signature,Diffie-Hellman,DH24,True,False,7200,True,True,True,0xA57B6A15,0xE7929DF5,Web,TCP,IPv6,50,2374,1008,10,998,0,548,79,0.42,552384,161088,391296,0.2916,2380.952,Medium,52,High,Critical,Legacy IKE version detected; Replay protection disabled,0.785,0.804,IKEv1|Transport|AES-128-GCM|DH24|True|IPv6|Web
IPSEC-013-15,ipsec-013-15.pcap,validation,synthetic_lab_ground_truth,26160,IKEv1,ESP,Transport,IPv6,AES-128-GCM,AEAD-GCM,RSA-Signature,Diffie-Hellman,DH24,True,True,172800,False,True,False,0xF0429696,0x195EF087,Email,TCP,IPv6,50,746,950,14,936,2,443,115,1.27,420850,230316,190534,0.5473,787.402,Medium,69,High,High,Legacy IKE version detected; Long Security Association lifetime,0.839,0.751,IKEv1|Transport|AES-128-GCM|DH24|True|IPv6|Email
IPSEC-013-16,ipsec-013-16.pcap,validation,synthetic_lab_ground_truth,26160,IKEv1,ESP,Transport,IPv6,AES-128-GCM,AEAD-GCM,RSA-Signature,Diffie-Hellman,DH24,True,True,1800,False,True,False,0xB6FA4DD0,0x97ACBE98,File-Transfer,TCP,IPv6,50,3261,1534,28,1506,0,644,192,0.47,987896,439942,547954,0.4453,2127.66,Medium,77,Medium,High,Legacy IKE version detected,0.776,0.807,IKEv1|Transport|AES-128-GCM|DH24|True|IPv6|File-Transfer
IPSEC-013-17,ipsec-013-17.pcap,validation,synthetic_lab_ground_truth,26160,IKEv1,ESP,Transport,IPv6,AES-128-GCM,AEAD-GCM,RSA-Signature,Diffie-Hellman,DH24,True,True,28800,True,True,True,0x458B9233,0x3E7DA821,VoIP,UDP,IPv6,50,3370,278,9,269,0,224,50,0.08,62272,25374,36898,0.4075,10000.0,Medium,77,Medium,High,Legacy IKE version detected,0.833,0.867,IKEv1|Transport|AES-128-GCM|DH24|True|IPv6|VoIP
IPSEC-013-18,ipsec-013-18.pcap,test,synthetic_lab_ground_truth,26160,IKEv1,ESP,Transport,IPv6,AES-128-GCM,AEAD-GCM,RSA-Signature,Diffie-Hellman,DH24,True,True,7200,True,True,True,0xC86FD346,0x4EDB4D0F,ICMP,ICMP/ICMPv6,IPv6,50,284,115,18,97,1,95,23,0.4,10925,5660,5265,0.5181,2500.0,Medium,77,Medium,High,Legacy IKE version detected,0.788,0.906,IKEv1|Transport|AES-128-GCM|DH24|True|IPv6|ICMP
IPSEC-013-19,ipsec-013-19.pcap,test,synthetic_lab_ground_truth,26160,IKEv1,ESP,Transport,IPv6,AES-128-GCM,AEAD-GCM,RSA-Signature,Diffie-Hellman,DH24,True,True,28800,False,True,False,0x77527283,0xCFAF2CCC,Video,TCP/QUIC,IPv6,50,5362,1451,8,1443,0,492,114,0.27,713892,419750,294142,0.588,3703.704,Medium,77,Medium,High,Legacy IKE version detected,0.848,0.858,IKEv1|Transport|AES-128-GCM|DH24|True|IPv6|Video
IPSEC-013-20,ipsec-013-20.pcap,test,synthetic_lab_ground_truth,26160,IKEv1,ESP,Transport,IPv6,AES-128-GCM,AEAD-GCM,RSA-Signature,Diffie-Hellman,DH24,True,True,7200,False,True,False,0xB096D83B,0xEFCF7EAD,Chat,TCP,IPv6,50,947,305,37,268,1,329,108,0.32,100345,50374,49971,0.502,3125.0,Medium,77,Medium,High,Legacy IKE version detected,0.821,0.703,IKEv1|Transport|AES-128-GCM|DH24|True|IPv6|Chat
IPSEC-014-01,ipsec-014-01.pcap,train,synthetic_lab_ground_truth,26160,IKEv1,ESP,Transport,IPv6,AES-256-CBC,HMAC-SHA256-128,RSA-Signature,Diffie-Hellman,DH14,True,True,86400,False,True,False,0x2CACE1B9,0xADAB347C,Email,TCP,IPv6,50,698,780,21,759,1,388,78,1.12,302640,114429,188211,0.3781,892.857,Medium,77,Medium,High,Legacy IKE version detected; Older DH group; policy review recommended,0.798,0.731,IKEv1|Transport|AES-256-CBC|DH14|True|IPv6|Email
IPSEC-014-02,ipsec-014-02.pcap,train,synthetic_lab_ground_truth,26160,IKEv1,ESP,Transport,IPv6,AES-256-CBC,HMAC-SHA256-128,RSA-Signature,Diffie-Hellman,DH14,True,True,300,False,True,False,0xF7737093,0xB3C5A7C1,File-Transfer,TCP,IPv6,50,3334,1511,20,1491,1,1064,319,0.45,1607704,750391,857313,0.4667,2222.222,Medium,77,Medium,High,Legacy IKE version detected; Older DH group; policy review recommended,0.787,0.861,IKEv1|Transport|AES-256-CBC|DH14|True|IPv6|File-Transfer
IPSEC-014-03,ipsec-014-03.pcap,train,synthetic_lab_ground_truth,26160,IKEv1,ESP,Transport,IPv6,AES-256-CBC,HMAC-SHA256-128,RSA-Signature,Diffie-Hellman,DH14,True,True,86400,False,True,False,0xA86EECE4,0xD825B779,VoIP,UDP,IPv6,50,3536,284,10,274,0,218,46,0.08,61912,35177,26735,0.5682,10000.0,Medium,77,Medium,High,Legacy IKE version detected; Older DH group; policy review recommended,0.784,0.775,IKEv1|Transport|AES-256-CBC|DH14|True|IPv6|VoIP
IPSEC-014-04,ipsec-014-04.pcap,train,synthetic_lab_ground_truth,26160,IKEv1,ESP,Transport,IPv6,AES-256-CBC,HMAC-SHA256-128,RSA-Signature,Diffie-Hellman,DH14,True,True,600,True,True,True,0xAE9F7C81,0xC6F67D2F,ICMP,ICMP/ICMPv6,IPv6,50,323,125,30,95,0,91,21,0.39,11375,6142,5233,0.54,2564.103,Medium,77,Medium,High,Legacy IKE version detected; Older DH group; policy review recommended,0.775,0.962,IKEv1|Transport|AES-256-CBC|DH14|True|IPv6|ICMP
IPSEC-014-05,ipsec-014-05.pcap,train,synthetic_lab_ground_truth,26160,IKEv1,ESP,Transport,IPv6,AES-256-CBC,HMAC-SHA256-128,RSA-Signature,Diffie-Hellman,DH14,True,True,28800,False,True,False,0x8D3B788C,0xC44598ED,Video,TCP/QUIC,IPv6,50,5263,1123,34,1089,2,479,103,0.21,537917,191779,346138,0.3565,4761.905,Medium,77,Medium,High,Legacy IKE version detected; Older DH group; policy review recommended,0.742,0.806,IKEv1|Transport|AES-256-CBC|DH14|True|IPv6|Video
IPSEC-014-06,ipsec-014-06.pcap,train,synthetic_lab_ground_truth,26160,IKEv1,ESP,Transport,IPv6,AES-256-CBC,HMAC-SHA256-128,RSA-Signature,Diffie-Hellman,DH14,True,True,7200,True,True,True,0x9472244B,0xDECD12C4,Chat,TCP,IPv6,50,1223,425,34,391,0,282,42,0.35,119850,41595,78255,0.3471,2857.143,Medium,77,Medium,High,Legacy IKE version detected; Older DH group; policy review recommended,0.782,0.724,IKEv1|Transport|AES-256-CBC|DH14|True|IPv6|Chat
IPSEC-014-07,ipsec-014-07.pcap,train,synthetic_lab_ground_truth,26160,IKEv1,ESP,Transport,IPv6,AES-256-CBC,HMAC-SHA256-128,RSA-Signature,Diffie-Hellman,DH14,True,True,3600,False,True,False,0xD062774B,0x56A7F3AF,Web,TCP,IPv6,50,2076,907,12,895,0,543,71,0.44,492501,145514,346987,0.2955,2272.727,Medium,77,Medium,High,Legacy IKE version detected; Older DH group; policy review recommended,0.761,0.822,IKEv1|Transport|AES-256-CBC|DH14|True|IPv6|Web
IPSEC-014-08,ipsec-014-08.pcap,train,synthetic_lab_ground_truth,26160,IKEv1,ESP,Transport,IPv6,AES-256-CBC,HMAC-SHA256-128,RSA-Signature,Diffie-Hellman,DH14,True,True,600,False,True,False,0xEC01F31D,0x32EE4FDC,Email,TCP,IPv6,50,587,675,33,642,0,392,101,1.15,264600,157091,107509,0.5937,869.565,Medium,77,Medium,High,Legacy IKE version detected; Older DH group; policy review recommended,0.811,0.718,IKEv1|Transport|AES-256-CBC|DH14|True|IPv6|Email
IPSEC-014-09,ipsec-014-09.pcap,train,synthetic_lab_ground_truth,26160,IKEv1,ESP,Transport,IPv6,AES-256-CBC,HMAC-SHA256-128,RSA-Signature,Diffie-Hellman,DH14,True,True,1800,False,True,False,0x9B7E47E6,0xD9FE43C7,File-Transfer,TCP,IPv6,50,2238,1149,44,1105,2,885,176,0.51,1016865,381618,635247,0.3753,1960.784,Medium,77,Medium,High,Legacy IKE version detected; Older DH group; policy review recommended,0.807,0.827,IKEv1|Transport|AES-256-CBC|DH14|True|IPv6|File-Transfer
IPSEC-014-10,ipsec-014-10.pcap,train,synthetic_lab_ground_truth,26160,IKEv1,ESP,Transport,IPv6,AES-256-CBC,HMAC-SHA256-128,RSA-Signature,Diffie-Hellman,DH14,True,True,86400,False,True,False,0xF441D483,0x29BA1DCF,VoIP,UDP,IPv6,50,2239,157,18,139,3,234,64,0.07,36738,23734,13004,0.646,10000.0,Medium,77,Medium,High,Legacy IKE version detected; Older DH group; policy review recommended,0.757,0.818,IKEv1|Transport|AES-256-CBC|DH14|True|IPv6|VoIP
IPSEC-014-11,ipsec-014-11.pcap,train,synthetic_lab_ground_truth,26160,IKEv1,ESP,Transport,IPv6,AES-256-CBC,HMAC-SHA256-128,RSA-Signature,Diffie-Hellman,DH14,True,True,14400,True,True,True,0x5124B05C,0x941C9655,ICMP,ICMP/ICMPv6,IPv6,50,196,65,31,34,0,104,28,0.33,6760,4335,2425,0.6414,3030.303,Medium,77,Medium,High,Legacy IKE version detected; Older DH group; policy review recommended,0.78,0.924,IKEv1|Transport|AES-256-CBC|DH14|True|IPv6|ICMP
IPSEC-014-12,ipsec-014-12.pcap,train,synthetic_lab_ground_truth,26160,IKEv1,ESP,Transport,IPv6,AES-256-CBC,HMAC-SHA256-128,RSA-Signature,Diffie-Hellman,DH14,True,False,28800,True,True,True,0xEDB9784E,0xD05FB58B,Video,TCP/QUIC,IPv6,50,5339,1429,16,1413,1,531,125,0.27,758799,306670,452129,0.4042,3703.704,Medium,52,High,Critical,Legacy IKE version detected; Older DH group; policy review recommended; Replay protection disabled,0.773,0.865,IKEv1|Transport|AES-256-CBC|DH14|True|IPv6|Video
IPSEC-014-13,ipsec-014-13.pcap,train,synthetic_lab_ground_truth,26160,IKEv1,ESP,Transport,IPv6,AES-256-CBC,HMAC-SHA256-128,RSA-Signature,Diffie-Hellman,DH14,True,True,7200,False,True,False,0x25633F5B,0xA1B05E26,Chat,TCP,IPv6,50,874,390,12,378,1,285,43,0.45,111150,58887,52263,0.5298,2222.222,Medium,77,Medium,High,Legacy IKE version detected; Older DH group; policy review recommended,0.776,0.737,IKEv1|Transport|AES-256-CBC|DH14|True|IPv6|Chat
IPSEC-014-14,ipsec-014-14.pcap,train,synthetic_lab_ground_truth,26160,IKEv1,ESP,Transport,IPv6,AES-256-CBC,HMAC-SHA256-128,RSA-Signature,Diffie-Hellman,DH14,True,True,86400,True,True,True,0x3537CF20,0x20683375,Web,TCP,IPv6,50,1635,865,17,848,2,525,104,0.53,454125,219685,234440,0.4838,1886.792,Medium,77,Medium,High,Legacy IKE version detected; Older DH group; policy review recommended,0.742,0.773,IKEv1|Transport|AES-256-CBC|DH14|True|IPv6|Web
IPSEC-014-15,ipsec-014-15.pcap,validation,synthetic_lab_ground_truth,26160,IKEv1,ESP,Transport,IPv6,AES-256-CBC,HMAC-SHA256-128,RSA-Signature,Diffie-Hellman,DH14,True,False,300,True,True,True,0xC04342FE,0xC5951894,Email,TCP,IPv6,50,632,790,18,772,3,452,123,1.25,357080,204524,152556,0.5728,800.0,Medium,52,High,Critical,Legacy IKE version detected; Older DH group; policy review recommended; Replay protection disabled,0.79,0.802,IKEv1|Transport|AES-256-CBC|DH14|True|IPv6|Email
IPSEC-014-16,ipsec-014-16.pcap,validation,synthetic_lab_ground_truth,26160,IKEv1,ESP,Transport,IPv6,AES-256-CBC,HMAC-SHA256-128,RSA-Signature,Diffie-Hellman,DH14,True,True,14400,False,True,False,0x5AA295D1,0x9702D40D,File-Transfer,TCP,IPv6,50,2715,1020,26,994,0,917,274,0.38,935340,410877,524463,0.4393,2631.579,Medium,77,Medium,High,Legacy IKE version detected; Older DH group; policy review recommended,0.787,0.777,IKEv1|Transport|AES-256-CBC|DH14|True|IPv6|File-Transfer
IPSEC-014-17,ipsec-014-17.pcap,validation,synthetic_lab_ground_truth,26160,IKEv1,ESP,Transport,IPv6,AES-256-CBC,HMAC-SHA256-128,RSA-Signature,Diffie-Hellman,DH14,True,True,14400,False,True,False,0x84FE1294,0x38FD5F6D,VoIP,UDP,IPv6,50,2488,214,36,178,1,222,44,0.09,47508,16740,30768,0.3524,10000.0,Medium,77,Medium,High,Legacy IKE version detected; Older DH group; policy review recommended,0.779,0.782,IKEv1|Transport|AES-256-CBC|DH14|True|IPv6|VoIP
IPSEC-014-18,ipsec-014-18.pcap,test,synthetic_lab_ground_truth,26160,IKEv1,ESP,Transport,IPv6,AES-256-CBC,HMAC-SHA256-128,RSA-Signature,Diffie-Hellman,DH14,True,True,300,False,True,False,0x230AF411,0x62E6A349,ICMP,ICMP/ICMPv6,IPv6,50,235,101,13,88,1,96,31,0.43,9696,5559,4137,0.5734,2325.581,Medium,77,Medium,High,Legacy IKE version detected; Older DH group; policy review recommended,0.776,0.961,IKEv1|Transport|AES-256-CBC|DH14|True|IPv6|ICMP
IPSEC-014-19,ipsec-014-19.pcap,test,synthetic_lab_ground_truth,26160,IKEv1,ESP,Transport,IPv6,AES-256-CBC,HMAC-SHA256-128,RSA-Signature,Diffie-Hellman,DH14,True,True,3600,False,True,False,0x4C8B67E3,0x5C30509A,Video,TCP/QUIC,IPv6,50,6531,1897,38,1859,0,459,117,0.29,870723,305955,564768,0.3514,3448.276,Medium,77,Medium,High,Legacy IKE version detected; Older DH group; policy review recommended,0.827,0.824,IKEv1|Transport|AES-256-CBC|DH14|True|IPv6|Video
IPSEC-014-20,ipsec-014-20.pcap,test,synthetic_lab_ground_truth,26160,IKEv1,ESP,Transport,IPv6,AES-256-CBC,HMAC-SHA256-128,RSA-Signature,Diffie-Hellman,DH14,True,True,7200,True,True,True,0x94358878,0xFDA360B2,Chat,TCP,IPv6,50,845,169,18,151,0,222,60,0.2,37518,19794,17724,0.5276,5000.0,Medium,77,Medium,High,Legacy IKE version detected; Older DH group; policy review recommended,0.777,0.775,IKEv1|Transport|AES-256-CBC|DH14|True|IPv6|Chat
IPSEC-015-01,ipsec-015-01.pcap,train,synthetic_lab_ground_truth,26160,IKEv2,ESP,Tunnel,IPv6,AES-128-CBC,HMAC-SHA256-128,PSK,Diffie-Hellman,DH20,False,True,7200,False,True,False,0x8A5F3479,0xC21AF1E0,Email,TCP,IPv6,50,518,719,25,694,1,453,96,1.39,325707,160870,164837,0.4939,719.424,Low,78,Medium,Medium,Perfect Forward Secrecy disabled,0.896,0.76,IKEv2|Tunnel|AES-128-CBC|DH20|False|IPv6|Email
IPSEC-015-02,ipsec-015-02.pcap,train,synthetic_lab_ground_truth,26160,IKEv2,ESP,Tunnel,IPv6,AES-128-CBC,HMAC-SHA256-128,PSK,Diffie-Hellman,DH20,False,True,600,True,True,True,0xD59A846A,0x4218CC24,File-Transfer,TCP,IPv6,50,2758,1330,40,1290,0,803,175,0.48,1067990,550165,517825,0.5151,2083.333,Low,78,Medium,Medium,Perfect Forward Secrecy disabled,0.914,0.835,IKEv2|Tunnel|AES-128-CBC|DH20|False|IPv6|File-Transfer
IPSEC-015-03,ipsec-015-03.pcap,train,synthetic_lab_ground_truth,26160,IKEv2,ESP,Tunnel,IPv6,AES-128-CBC,HMAC-SHA256-128,PSK,Diffie-Hellman,DH20,False,True,600,True,True,True,0xA52E5D66,0x651C5750,VoIP,UDP,IPv6,50,2657,247,14,233,1,250,32,0.09,61750,27838,33912,0.4508,10000.0,Medium,78,Medium,Medium,Perfect Forward Secrecy disabled,0.904,0.767,IKEv2|Tunnel|AES-128-CBC|DH20|False|IPv6|VoIP
IPSEC-015-04,ipsec-015-04.pcap,train,synthetic_lab_ground_truth,26160,IKEv2,ESP,Tunnel,IPv6,AES-128-CBC,HMAC-SHA256-128,PSK,Diffie-Hellman,DH20,False,True,172800,False,True,False,0x7B57C945,0x2EAC76A0,ICMP,ICMP/ICMPv6,IPv6,50,222,98,31,67,4,102,24,0.44,9996,4301,5695,0.4303,2272.727,Low,70,Medium,Medium,Perfect Forward Secrecy disabled; Long Security Association lifetime,0.888,0.934,IKEv2|Tunnel|AES-128-CBC|DH20|False|IPv6|ICMP
IPSEC-015-05,ipsec-015-05.pcap,train,synthetic_lab_ground_truth,26160,IKEv2,ESP,Tunnel,IPv6,AES-128-CBC,HMAC-SHA256-128,PSK,Diffie-Hellman,DH20,False,True,28800,True,True,True,0xF36368A7,0xA348DAC8,Video,TCP/QUIC,IPv6,50,4736,1378,24,1354,0,562,110,0.29,774436,248390,526046,0.3207,3448.276,Medium,78,Medium,Medium,Perfect Forward Secrecy disabled,0.85,0.869,IKEv2|Tunnel|AES-128-CBC|DH20|False|IPv6|Video
IPSEC-015-06,ipsec-015-06.pcap,train,synthetic_lab_ground_truth,26160,IKEv2,ESP,Tunnel,IPv6,AES-128-CBC,HMAC-SHA256-128,PSK,Diffie-Hellman,DH20,False,True,3600,False,True,False,0x3780390C,0x15E90B3A,Chat,TCP,IPv6,50,1432,501,41,460,0,282,69,0.35,141282,87965,53317,0.6226,2857.143,Low,78,Medium,Medium,Perfect Forward Secrecy disabled,0.917,0.71,IKEv2|Tunnel|AES-128-CBC|DH20|False|IPv6|Chat
IPSEC-015-07,ipsec-015-07.pcap,train,synthetic_lab_ground_truth,26160,IKEv2,ESP,Tunnel,IPv6,AES-128-CBC,HMAC-SHA256-128,PSK,Diffie-Hellman,DH20,False,True,3600,False,True,False,0x20CC09BB,0xD9D4D3BB,Web,TCP,IPv6,50,2257,996,29,967,1,536,199,0.44,533856,193715,340141,0.3629,2272.727,Low,78,Medium,Medium,Perfect Forward Secrecy disabled,0.904,0.82,IKEv2|Tunnel|AES-128-CBC|DH20|False|IPv6|Web
IPSEC-015-08,ipsec-015-08.pcap,train,synthetic_lab_ground_truth,26160,IKEv2,ESP,Tunnel,IPv6,AES-128-CBC,HMAC-SHA256-128,PSK,Diffie-Hellman,DH20,False,True,3600,False,True,False,0x58BB3D3E,0x84F264B8,Email,TCP,IPv6,50,583,654,33,621,2,399,111,1.12,260946,126646,134300,0.4853,892.857,Low,78,Medium,Medium,Perfect Forward Secrecy disabled,0.899,0.733,IKEv2|Tunnel|AES-128-CBC|DH20|False|IPv6|Email
IPSEC-015-09,ipsec-015-09.pcap,train,synthetic_lab_ground_truth,26160,IKEv2,ESP,Tunnel,IPv6,AES-128-CBC,HMAC-SHA256-128,PSK,Diffie-Hellman,DH20,False,True,86400,False,True,False,0x5829FFB7,0x8C6CF40F,File-Transfer,TCP,IPv6,50,4135,2125,31,2094,1,1043,401,0.51,2216375,721083,1495292,0.3253,1960.784,Low,78,Medium,Medium,Perfect Forward Secrecy disabled,0.903,0.784,IKEv2|Tunnel|AES-128-CBC|DH20|False|IPv6|File-Transfer
IPSEC-015-10,ipsec-015-10.pcap,train,synthetic_lab_ground_truth,26160,IKEv2,ESP,Tunnel,IPv6,AES-128-CBC,HMAC-SHA256-128,PSK,Diffie-Hellman,DH20,False,True,3600,False,True,False,0x2403838C,0xBFF9004C,VoIP,UDP,IPv6,50,2746,194,29,165,2,245,52,0.07,47530,20564,26966,0.4327,10000.0,Medium,78,Medium,Medium,Perfect Forward Secrecy disabled,0.918,0.758,IKEv2|Tunnel|AES-128-CBC|DH20|False|IPv6|VoIP
IPSEC-015-11,ipsec-015-11.pcap,train,synthetic_lab_ground_truth,26160,IKEv2,ESP,Tunnel,IPv6,AES-128-CBC,HMAC-SHA256-128,PSK,Diffie-Hellman,DH20,False,True,3600,True,True,True,0x92898ACC,0x173F9105,ICMP,ICMP/ICMPv6,IPv6,50,329,123,19,104,0,106,29,0.37,13038,5427,7611,0.4163,2702.703,Low,78,Medium,Medium,Perfect Forward Secrecy disabled,0.913,0.907,IKEv2|Tunnel|AES-128-CBC|DH20|False|IPv6|ICMP
IPSEC-015-12,ipsec-015-12.pcap,train,synthetic_lab_ground_truth,26160,IKEv2,ESP,Tunnel,IPv6,AES-128-CBC,HMAC-SHA256-128,PSK,Diffie-Hellman,DH20,False,True,3600,False,True,False,0x8DD14D7E,0xC19809E2,Video,TCP/QUIC,IPv6,50,4541,1182,10,1172,0,555,96,0.26,656010,320892,335118,0.4892,3846.154,Medium,78,Medium,Medium,Perfect Forward Secrecy disabled,0.929,0.856,IKEv2|Tunnel|AES-128-CBC|DH20|False|IPv6|Video
IPSEC-015-13,ipsec-015-13.pcap,train,synthetic_lab_ground_truth,26160,IKEv2,ESP,Tunnel,IPv6,AES-128-CBC,HMAC-SHA256-128,PSK,Diffie-Hellman,DH20,False,True,14400,False,True,False,0xAF997E74,0xEA63A84A,Chat,TCP,IPv6,50,1390,511,16,495,0,285,74,0.37,145635,68782,76853,0.4723,2702.703,Low,78,Medium,Medium,Perfect Forward Secrecy disabled,0.897,0.696,IKEv2|Tunnel|AES-128-CBC|DH20|False|IPv6|Chat
IPSEC-015-14,ipsec-015-14.pcap,train,synthetic_lab_ground_truth,26160,IKEv2,ESP,Tunnel,IPv6,AES-128-CBC,HMAC-SHA256-128,PSK,Diffie-Hellman,DH20,False,True,3600,False,True,False,0xDCA4E36F,0xA4BCE1D9,Web,TCP,IPv6,50,1812,736,31,705,0,766,93,0.41,563776,251023,312753,0.4453,2439.024,Low,78,Medium,Medium,Perfect Forward Secrecy disabled,0.86,0.83,IKEv2|Tunnel|AES-128-CBC|DH20|False|IPv6|Web
IPSEC-015-15,ipsec-015-15.pcap,validation,synthetic_lab_ground_truth,26160,IKEv2,ESP,Tunnel,IPv6,AES-128-CBC,HMAC-SHA256-128,PSK,Diffie-Hellman,DH20,False,True,7200,False,True,False,0x22F7659A,0x71912360,Email,TCP,IPv6,50,547,632,20,612,0,464,108,1.16,293248,143057,150191,0.4878,862.069,Low,78,Medium,Medium,Perfect Forward Secrecy disabled,0.897,0.684,IKEv2|Tunnel|AES-128-CBC|DH20|False|IPv6|Email
IPSEC-015-16,ipsec-015-16.pcap,validation,synthetic_lab_ground_truth,26160,IKEv2,ESP,Tunnel,IPv6,AES-128-CBC,HMAC-SHA256-128,PSK,Diffie-Hellman,DH20,False,True,86400,True,True,True,0x4D4FCBF6,0xBB4BA1DC,File-Transfer,TCP,IPv6,50,2553,1113,18,1095,1,996,257,0.44,1108548,486980,621568,0.4393,2272.727,Low,78,Medium,Medium,Perfect Forward Secrecy disabled,0.901,0.86,IKEv2|Tunnel|AES-128-CBC|DH20|False|IPv6|File-Transfer
IPSEC-015-17,ipsec-015-17.pcap,validation,synthetic_lab_ground_truth,26160,IKEv2,ESP,Tunnel,IPv6,AES-128-CBC,HMAC-SHA256-128,PSK,Diffie-Hellman,DH20,False,True,172800,True,True,True,0xD330CC7E,0xD57EDC2D,VoIP,UDP,IPv6,50,3364,302,10,292,0,218,35,0.09,65836,33251,32585,0.5051,10000.0,Medium,70,Medium,Medium,Perfect Forward Secrecy disabled; Long Security Association lifetime,0.946,0.754,IKEv2|Tunnel|AES-128-CBC|DH20|False|IPv6|VoIP
IPSEC-015-18,ipsec-015-18.pcap,test,synthetic_lab_ground_truth,26160,IKEv2,ESP,Tunnel,IPv6,AES-128-CBC,HMAC-SHA256-128,PSK,Diffie-Hellman,DH20,False,True,3600,True,True,True,0x4ACC20AD,0xB79D193D,ICMP,ICMP/ICMPv6,IPv6,50,257,110,35,75,0,76,17,0.43,8360,4175,4185,0.4995,2325.581,Low,78,Medium,Medium,Perfect Forward Secrecy disabled,0.875,0.916,IKEv2|Tunnel|AES-128-CBC|DH20|False|IPv6|ICMP
IPSEC-015-19,ipsec-015-19.pcap,test,synthetic_lab_ground_truth,26160,IKEv2,ESP,Tunnel,IPv6,AES-128-CBC,HMAC-SHA256-128,PSK,Diffie-Hellman,DH20,False,True,28800,True,True,True,0xC3F42F04,0xA4C1DA89,Video,TCP/QUIC,IPv6,50,5769,1385,28,1357,1,394,100,0.24,545690,218932,326758,0.4012,4166.667,Medium,78,Medium,Medium,Perfect Forward Secrecy disabled,0.906,0.86,IKEv2|Tunnel|AES-128-CBC|DH20|False|IPv6|Video
IPSEC-015-20,ipsec-015-20.pcap,test,synthetic_lab_ground_truth,26160,IKEv2,ESP,Tunnel,IPv6,AES-128-CBC,HMAC-SHA256-128,PSK,Diffie-Hellman,DH20,False,False,7200,False,True,False,0x9524549A,0x6450E9E0,Chat,TCP,IPv6,50,1251,545,10,535,1,236,53,0.44,128620,61034,67586,0.4745,2272.727,Low,53,High,Critical,Perfect Forward Secrecy disabled; Replay protection disabled,0.917,0.698,IKEv2|Tunnel|AES-128-CBC|DH20|False|IPv6|Chat
IPSEC-016-01,ipsec-016-01.pcap,train,synthetic_lab_ground_truth,26160,IKEv2,ESP,Tunnel,IPv6,AES-256-GCM,AEAD-GCM,ECDSA-Signature,Diffie-Hellman,DH20,True,True,7200,False,True,False,0xE58E3A39,0xF60A1981,Email,TCP,IPv6,50,505,593,33,560,1,482,92,1.17,285826,153249,132577,0.5362,854.701,Low,100,Low,Informational,No major policy violations detected,0.886,0.775,IKEv2|Tunnel|AES-256-GCM|DH20|True|IPv6|Email
IPSEC-016-02,ipsec-016-02.pcap,train,synthetic_lab_ground_truth,26160,IKEv2,ESP,Tunnel,IPv6,AES-256-GCM,AEAD-GCM,ECDSA-Signature,Diffie-Hellman,DH20,True,False,3600,True,True,True,0x3DB5001D,0x5A458699,File-Transfer,TCP,IPv6,50,3392,1554,27,1527,3,753,276,0.46,1170162,695006,475156,0.5939,2173.913,Low,75,Medium,Critical,Replay protection disabled,0.963,0.776,IKEv2|Tunnel|AES-256-GCM|DH20|True|IPv6|File-Transfer
IPSEC-016-03,ipsec-016-03.pcap,train,synthetic_lab_ground_truth,26160,IKEv2,ESP,Tunnel,IPv6,AES-256-GCM,AEAD-GCM,ECDSA-Signature,Diffie-Hellman,DH20,True,True,3600,True,True,True,0x87346214,0x29A9283F,VoIP,UDP,IPv6,50,3281,234,35,199,0,294,49,0.07,68796,37323,31473,0.5425,10000.0,Medium,100,Low,Informational,No major policy violations detected,0.895,0.797,IKEv2|Tunnel|AES-256-GCM|DH20|True|IPv6|VoIP
IPSEC-016-04,ipsec-016-04.pcap,train,synthetic_lab_ground_truth,26160,IKEv2,ESP,Tunnel,IPv6,AES-256-GCM,AEAD-GCM,ECDSA-Signature,Diffie-Hellman,DH20,True,True,7200,False,True,False,0x72C06AFC,0xA8CACA8C,ICMP,ICMP/ICMPv6,IPv6,50,264,108,8,100,0,106,15,0.41,11448,4556,6892,0.398,2439.024,Low,100,Low,Informational,No major policy violations detected,0.952,0.956,IKEv2|Tunnel|AES-256-GCM|DH20|True|IPv6|ICMP
IPSEC-016-05,ipsec-016-05.pcap,train,synthetic_lab_ground_truth,26160,IKEv2,ESP,Tunnel,IPv6,AES-256-GCM,AEAD-GCM,ECDSA-Signature,Diffie-Hellman,DH20,True,True,7200,False,True,False,0x46FDB1DB,0xF06EDF8A,Video,TCP/QUIC,IPv6,50,4829,1192,8,1184,0,479,150,0.25,570968,187777,383191,0.3289,4000.0,Medium,100,Low,Informational,No major policy violations detected,0.99,0.839,IKEv2|Tunnel|AES-256-GCM|DH20|True|IPv6|Video
IPSEC-016-06,ipsec-016-06.pcap,train,synthetic_lab_ground_truth,26160,IKEv2,ESP,Tunnel,IPv6,AES-256-GCM,AEAD-GCM,ECDSA-Signature,Diffie-Hellman,DH20,True,True,14400,True,True,True,0xC5AABFF9,0xF0BF19BE,Chat,TCP,IPv6,50,1422,529,32,497,3,306,84,0.37,161874,77231,84643,0.4771,2702.703,Low,100,Low,Informational,No major policy violations detected,0.888,0.723,IKEv2|Tunnel|AES-256-GCM|DH20|True|IPv6|Chat
IPSEC-016-07,ipsec-016-07.pcap,train,synthetic_lab_ground_truth,26160,IKEv2,ESP,Tunnel,IPv6,AES-256-GCM,AEAD-GCM,ECDSA-Signature,Diffie-Hellman,DH20,True,True,3600,False,True,False,0xD82B2873,0x28080BEE,Web,TCP,IPv6,50,1903,758,8,750,2,396,125,0.4,300168,107072,193096,0.3567,2500.0,Low,100,Low,Informational,No major policy violations detected,0.943,0.848,IKEv2|Tunnel|AES-256-GCM|DH20|True|IPv6|Web
IPSEC-016-08,ipsec-016-08.pcap,train,synthetic_lab_ground_truth,26160,IKEv2,ESP,Tunnel,IPv6,AES-256-GCM,AEAD-GCM,ECDSA-Signature,Diffie-Hellman,DH20,True,True,1800,False,True,False,0xDEA0AA9D,0x2E10DC06,Email,TCP,IPv6,50,538,688,37,651,0,449,142,1.28,308912,140569,168343,0.455,781.25,Low,100,Low,Informational,No major policy violations detected,0.949,0.745,IKEv2|Tunnel|AES-256-GCM|DH20|True|IPv6|Email
IPSEC-016-09,ipsec-016-09.pcap,train,synthetic_lab_ground_truth,26160,IKEv2,ESP,Tunnel,IPv6,AES-256-GCM,AEAD-GCM,ECDSA-Signature,Diffie-Hellman,DH20,True,False,1800,True,True,True,0xBC211AC1,0xC1DCA613,File-Transfer,TCP,IPv6,50,3313,1419,38,1381,0,983,228,0.43,1394877,842865,552012,0.6043,2325.581,Low,75,Medium,Critical,Replay protection disabled,0.937,0.761,IKEv2|Tunnel|AES-256-GCM|DH20|True|IPv6|File-Transfer
IPSEC-016-10,ipsec-016-10.pcap,train,synthetic_lab_ground_truth,26160,IKEv2,ESP,Tunnel,IPv6,AES-256-GCM,AEAD-GCM,ECDSA-Signature,Diffie-Hellman,DH20,True,True,1800,False,True,False,0x62F21E4B,0x870100D0,VoIP,UDP,IPv6,50,1738,159,22,137,0,223,54,0.09,35457,16146,19311,0.4554,10000.0,Medium,100,Low,Informational,No major policy violations detected,0.888,0.814,IKEv2|Tunnel|AES-256-GCM|DH20|True|IPv6|VoIP
IPSEC-016-11,ipsec-016-11.pcap,train,synthetic_lab_ground_truth,26160,IKEv2,ESP,Tunnel,IPv6,AES-256-GCM,AEAD-GCM,ECDSA-Signature,Diffie-Hellman,DH20,True,True,86400,True,True,True,0x839DF1F7,0x47364036,ICMP,ICMP/ICMPv6,IPv6,50,282,98,10,88,1,98,32,0.35,9604,4093,5511,0.4262,2857.143,Low,100,Low,Informational,No major policy violations detected,0.975,0.98,IKEv2|Tunnel|AES-256-GCM|DH20|True|IPv6|ICMP
IPSEC-016-12,ipsec-016-12.pcap,train,synthetic_lab_ground_truth,26160,IKEv2,ESP,Tunnel,IPv6,AES-256-GCM,AEAD-GCM,ECDSA-Signature,Diffie-Hellman,DH20,True,True,86400,False,True,False,0xC25DBE1A,0xED8AFEE8,Video,TCP/QUIC,IPv6,50,6177,1485,26,1459,0,621,71,0.24,922185,304227,617958,0.3299,4166.667,Medium,100,Low,Informational,No major policy violations detected,0.99,0.83,IKEv2|Tunnel|AES-256-GCM|DH20|True|IPv6|Video
IPSEC-016-13,ipsec-016-13.pcap,train,synthetic_lab_ground_truth,26160,IKEv2,ESP,Tunnel,IPv6,AES-256-GCM,AEAD-GCM,ECDSA-Signature,Diffie-Hellman,DH20,True,True,3600,False,True,False,0xF64BD200,0xE25A41DC,Chat,TCP,IPv6,50,1019,328,34,294,0,224,45,0.32,73472,38810,34662,0.5282,3125.0,Low,100,Low,Informational,No major policy violations detected,0.966,0.708,IKEv2|Tunnel|AES-256-GCM|DH20|True|IPv6|Chat
IPSEC-016-14,ipsec-016-14.pcap,train,synthetic_lab_ground_truth,26160,IKEv2,ESP,Tunnel,IPv6,AES-256-GCM,AEAD-GCM,ECDSA-Signature,Diffie-Hellman,DH20,True,True,28800,False,True,False,0x75006567,0x57DD40A2,Web,TCP,IPv6,50,2014,1001,29,972,0,559,138,0.5,559559,159426,400133,0.2849,2000.0,Low,100,Low,Informational,No major policy violations detected,0.943,0.899,IKEv2|Tunnel|AES-256-GCM|DH20|True|IPv6|Web
IPSEC-016-15,ipsec-016-15.pcap,validation,synthetic_lab_ground_truth,26160,IKEv2,ESP,Tunnel,IPv6,AES-256-GCM,AEAD-GCM,ECDSA-Signature,Diffie-Hellman,DH20,True,False,7200,True,True,True,0xDE6D3087,0xC25F4AA4,Email,TCP,IPv6,50,658,1000,15,985,1,447,179,1.52,447000,269307,177693,0.6025,657.895,Low,75,Medium,Critical,Replay protection disabled,0.937,0.732,IKEv2|Tunnel|AES-256-GCM|DH20|True|IPv6|Email
IPSEC-016-16,ipsec-016-16.pcap,validation,synthetic_lab_ground_truth,26160,IKEv2,ESP,Tunnel,IPv6,AES-256-GCM,AEAD-GCM,ECDSA-Signature,Diffie-Hellman,DH20,True,True,7200,False,True,False,0xAB25E96C,0x3F9B1E70,File-Transfer,TCP,IPv6,50,2539,1137,21,1116,0,980,231,0.45,1114260,474417,639843,0.4258,2222.222,Low,100,Low,Informational,No major policy violations detected,0.922,0.78,IKEv2|Tunnel|AES-256-GCM|DH20|True|IPv6|File-Transfer
IPSEC-016-17,ipsec-016-17.pcap,validation,synthetic_lab_ground_truth,26160,IKEv2,ESP,Tunnel,IPv6,AES-256-GCM,AEAD-GCM,ECDSA-Signature,Diffie-Hellman,DH20,True,True,3600,True,True,True,0x3CE4BD48,0xFC92A793,VoIP,UDP,IPv6,50,2758,250,29,221,1,215,53,0.09,53750,22532,31218,0.4192,10000.0,Medium,100,Low,Informational,No major policy violations detected,0.986,0.804,IKEv2|Tunnel|AES-256-GCM|DH20|True|IPv6|VoIP
IPSEC-016-18,ipsec-016-18.pcap,test,synthetic_lab_ground_truth,26160,IKEv2,ESP,Tunnel,IPv6,AES-256-GCM,AEAD-GCM,ECDSA-Signature,Diffie-Hellman,DH20,True,True,600,False,True,False,0x7E681A8D,0xE9C11E7D,ICMP,ICMP/ICMPv6,IPv6,50,255,109,14,95,0,73,15,0.43,7957,3835,4122,0.482,2325.581,Low,100,Low,Informational,No major policy violations detected,0.985,0.978,IKEv2|Tunnel|AES-256-GCM|DH20|True|IPv6|ICMP
IPSEC-016-19,ipsec-016-19.pcap,test,synthetic_lab_ground_truth,26160,IKEv2,ESP,Tunnel,IPv6,AES-256-GCM,AEAD-GCM,ECDSA-Signature,Diffie-Hellman,DH20,True,False,28800,False,True,False,0xD982330C,0x54EB8E9C,Video,TCP/QUIC,IPv6,50,6346,1655,41,1614,1,422,99,0.26,698410,299314,399096,0.4286,3846.154,Medium,75,Medium,Critical,Replay protection disabled,0.966,0.795,IKEv2|Tunnel|AES-256-GCM|DH20|True|IPv6|Video
IPSEC-016-20,ipsec-016-20.pcap,test,synthetic_lab_ground_truth,26160,IKEv2,ESP,Tunnel,IPv6,AES-256-GCM,AEAD-GCM,ECDSA-Signature,Diffie-Hellman,DH20,True,True,28800,False,True,False,0x207273E0,0x99EC821D,Chat,TCP,IPv6,50,782,220,34,186,1,302,52,0.28,66440,27081,39359,0.4076,3571.429,Low,100,Low,Informational,No major policy violations detected,0.949,0.731,IKEv2|Tunnel|AES-256-GCM|DH20|True|IPv6|Chat
IPSEC-017-01,ipsec-017-01.pcap,train,synthetic_lab_ground_truth,26160,IKEv2,ESP,Tunnel,IPv6,AES-256-CBC,HMAC-SHA256-128,ECDSA-Signature,Diffie-Hellman,DH20,True,True,600,False,True,False,0xC306E067,0x6E36E5C9,Email,TCP,IPv6,50,596,750,42,708,1,453,100,1.26,339750,211149,128601,0.6215,793.651,Low,96,Low,Informational,No major policy violations detected,0.916,0.738,IKEv2|Tunnel|AES-256-CBC|DH20|True|IPv6|Email
IPSEC-017-02,ipsec-017-02.pcap,train,synthetic_lab_ground_truth,26160,IKEv2,ESP,Tunnel,IPv6,AES-256-CBC,HMAC-SHA256-128,ECDSA-Signature,Diffie-Hellman,DH20,True,True,3600,False,True,False,0xDB30E226,0xCDC2481D,File-Transfer,TCP,IPv6,50,2103,963,30,933,0,830,221,0.46,799290,399616,399674,0.5,2173.913,Low,96,Low,Informational,No major policy violations detected,0.899,0.805,IKEv2|Tunnel|AES-256-CBC|DH20|True|IPv6|File-Transfer
IPSEC-017-03,ipsec-017-03.pcap,train,synthetic_lab_ground_truth,26160,IKEv2,ESP,Tunnel,IPv6,AES-256-CBC,HMAC-SHA256-128,ECDSA-Signature,Diffie-Hellman,DH20,True,True,28800,True,True,True,0x37252357,0x269787D5,VoIP,UDP,IPv6,50,3256,284,23,261,1,198,75,0.09,56232,28995,27237,0.5156,10000.0,Medium,96,Low,Informational,No major policy violations detected,0.944,0.75,IKEv2|Tunnel|AES-256-CBC|DH20|True|IPv6|VoIP
IPSEC-017-04,ipsec-017-04.pcap,train,synthetic_lab_ground_truth,26160,IKEv2,ESP,Tunnel,IPv6,AES-256-CBC,HMAC-SHA256-128,ECDSA-Signature,Diffie-Hellman,DH20,True,True,1800,False,True,False,0x190CB6A4,0x781E76E7,ICMP,ICMP/ICMPv6,IPv6,50,228,90,13,77,0,84,20,0.39,7560,3697,3863,0.4891,2564.103,Low,96,Low,Informational,No major policy violations detected,0.915,0.904,IKEv2|Tunnel|AES-256-CBC|DH20|True|IPv6|ICMP
IPSEC-017-05,ipsec-017-05.pcap,train,synthetic_lab_ground_truth,26160,IKEv2,ESP,Tunnel,IPv6,AES-256-CBC,HMAC-SHA256-128,ECDSA-Signature,Diffie-Hellman,DH20,True,True,7200,True,True,True,0xFBD03635,0xF4D6CB1B,Video,TCP/QUIC,IPv6,50,4353,1168,23,1145,1,484,159,0.27,565312,238985,326327,0.4227,3703.704,Medium,96,Low,Informational,No major policy violations detected,0.893,0.909,IKEv2|Tunnel|AES-256-CBC|DH20|True|IPv6|Video
IPSEC-017-06,ipsec-017-06.pcap,train,synthetic_lab_ground_truth,26160,IKEv2,ESP,Tunnel,IPv6,AES-256-CBC,HMAC-SHA256-128,ECDSA-Signature,Diffie-Hellman,DH20,True,True,28800,False,True,False,0x86CEBC20,0xEE8507AF,Chat,TCP,IPv6,50,1707,611,9,602,2,265,57,0.36,161915,60842,101073,0.3758,2777.778,Low,96,Low,Informational,No major policy violations detected,0.889,0.705,IKEv2|Tunnel|AES-256-CBC|DH20|True|IPv6|Chat
IPSEC-017-07,ipsec-017-07.pcap,train,synthetic_lab_ground_truth,26160,IKEv2,ESP,Tunnel,IPv6,AES-256-CBC,HMAC-SHA256-128,ECDSA-Signature,Diffie-Hellman,DH20,True,True,14400,False,True,False,0x15EEABAA,0xFA9A0465,Web,TCP,IPv6,50,2216,1049,37,1012,1,441,123,0.47,462609,131046,331563,0.2833,2127.66,Low,96,Low,Informational,No major policy violations detected,0.879,0.799,IKEv2|Tunnel|AES-256-CBC|DH20|True|IPv6|Web
IPSEC-017-08,ipsec-017-08.pcap,train,synthetic_lab_ground_truth,26160,IKEv2,ESP,Tunnel,IPv6,AES-256-CBC,HMAC-SHA256-128,ECDSA-Signature,Diffie-Hellman,DH20,True,True,28800,False,True,False,0x1A14B942,0xF0355F5B,Email,TCP,IPv6,50,404,550,24,526,0,459,116,1.36,252450,136625,115825,0.5412,735.294,Low,96,Low,Informational,No major policy violations detected,0.896,0.76,IKEv2|Tunnel|AES-256-CBC|DH20|True|IPv6|Email
IPSEC-017-09,ipsec-017-09.pcap,train,synthetic_lab_ground_truth,26160,IKEv2,ESP,Tunnel,IPv6,AES-256-CBC,HMAC-SHA256-128,ECDSA-Signature,Diffie-Hellman,DH20,True,True,1800,True,True,True,0x1AC555C1,0x88E3072B,File-Transfer,TCP,IPv6,50,2289,1080,9,1071,0,1022,295,0.47,1103760,521567,582193,0.4725,2127.66,Low,96,Low,Informational,No major policy violations detected,0.925,0.875,IKEv2|Tunnel|AES-256-CBC|DH20|True|IPv6|File-Transfer
IPSEC-017-10,ipsec-017-10.pcap,train,synthetic_lab_ground_truth,26160,IKEv2,ESP,Tunnel,IPv6,AES-256-CBC,HMAC-SHA256-128,ECDSA-Signature,Diffie-Hellman,DH20,True,True,7200,False,True,False,0xD48D32AD,0x94DF7D6C,VoIP,UDP,IPv6,50,2280,153,44,109,0,229,52,0.07,35037,23538,11499,0.6718,10000.0,Medium,96,Low,Informational,No major policy violations detected,0.938,0.732,IKEv2|Tunnel|AES-256-CBC|DH20|True|IPv6|VoIP
IPSEC-017-11,ipsec-017-11.pcap,train,synthetic_lab_ground_truth,26160,IKEv2,ESP,Tunnel,IPv6,AES-256-CBC,HMAC-SHA256-128,ECDSA-Signature,Diffie-Hellman,DH20,True,True,14400,True,True,True,0x9BE5DE86,0xAD046451,ICMP,ICMP/ICMPv6,IPv6,50,301,121,39,82,1,113,35,0.4,13673,4740,8933,0.3467,2500.0,Low,96,Low,Informational,No major policy violations detected,0.913,0.859,IKEv2|Tunnel|AES-256-CBC|DH20|True|IPv6|ICMP
IPSEC-017-12,ipsec-017-12.pcap,train,synthetic_lab_ground_truth,26160,IKEv2,ESP,Tunnel,IPv6,AES-256-CBC,HMAC-SHA256-128,ECDSA-Signature,Diffie-Hellman,DH20,True,True,172800,True,True,True,0x38FAEA52,0xC9235E6B,Video,TCP/QUIC,IPv6,50,4047,1082,10,1072,0,473,101,0.27,511786,194790,316996,0.3806,3703.704,Medium,88,Low,Medium,Long Security Association lifetime,0.871,0.881,IKEv2|Tunnel|AES-256-CBC|DH20|True|IPv6|Video
IPSEC-017-13,ipsec-017-13.pcap,train,synthetic_lab_ground_truth,26160,IKEv2,ESP,Tunnel,IPv6,AES-256-CBC,HMAC-SHA256-128,ECDSA-Signature,Diffie-Hellman,DH20,True,True,86400,True,True,True,0xF43171C4,0x89189C53,Chat,TCP,IPv6,50,1084,325,15,310,4,351,87,0.3,114075,53916,60159,0.4726,3333.333,Low,96,Low,Informational,No major policy violations detected,0.899,0.656,IKEv2|Tunnel|AES-256-CBC|DH20|True|IPv6|Chat
IPSEC-017-14,ipsec-017-14.pcap,train,synthetic_lab_ground_truth,26160,IKEv2,ESP,Tunnel,IPv6,AES-256-CBC,HMAC-SHA256-128,ECDSA-Signature,Diffie-Hellman,DH20,True,False,3600,False,True,False,0x1ABC1E11,0x5CD0ABB9,Web,TCP,IPv6,50,2781,1158,34,1124,0,549,171,0.42,635742,152024,483718,0.2391,2380.952,Low,71,Medium,Critical,Replay protection disabled,0.9,0.862,IKEv2|Tunnel|AES-256-CBC|DH20|True|IPv6|Web
IPSEC-017-15,ipsec-017-15.pcap,validation,synthetic_lab_ground_truth,26160,IKEv2,ESP,Tunnel,IPv6,AES-256-CBC,HMAC-SHA256-128,ECDSA-Signature,Diffie-Hellman,DH20,True,True,600,False,True,False,0xEB4A1C7E,0x95AA8791,Email,TCP,IPv6,50,826,906,40,866,1,393,95,1.1,356058,136294,219764,0.3828,909.091,Low,96,Low,Informational,No major policy violations detected,0.893,0.765,IKEv2|Tunnel|AES-256-CBC|DH20|True|IPv6|Email
IPSEC-017-16,ipsec-017-16.pcap,validation,synthetic_lab_ground_truth,26160,IKEv2,ESP,Tunnel,IPv6,AES-256-CBC,HMAC-SHA256-128,ECDSA-Signature,Diffie-Hellman,DH20,True,True,600,True,True,True,0x733094CC,0xF3919F95,File-Transfer,TCP,IPv6,50,2957,1601,36,1565,1,839,227,0.54,1343239,493246,849993,0.3672,1851.852,Low,96,Low,Informational,No major policy violations detected,0.889,0.895,IKEv2|Tunnel|AES-256-CBC|DH20|True|IPv6|File-Transfer
IPSEC-017-17,ipsec-017-17.pcap,validation,synthetic_lab_ground_truth,26160,IKEv2,ESP,Tunnel,IPv6,AES-256-CBC,HMAC-SHA256-128,ECDSA-Signature,Diffie-Hellman,DH20,True,True,7200,False,True,False,0xE8268B1E,0xFAB8DA00,VoIP,UDP,IPv6,50,3401,314,19,295,1,213,64,0.09,66882,27361,39521,0.4091,10000.0,Medium,96,Low,Informational,No major policy violations detected,0.904,0.845,IKEv2|Tunnel|AES-256-CBC|DH20|True|IPv6|VoIP
IPSEC-017-18,ipsec-017-18.pcap,test,synthetic_lab_ground_truth,26160,IKEv2,ESP,Tunnel,IPv6,AES-256-CBC,HMAC-SHA256-128,ECDSA-Signature,Diffie-Hellman,DH20,True,True,28800,False,True,False,0x811D4B62,0x5DC851AE,ICMP,ICMP/ICMPv6,IPv6,50,271,94,12,82,0,103,25,0.35,9682,4405,5277,0.4551,2857.143,Low,96,Low,Informational,No major policy violations detected,0.898,0.974,IKEv2|Tunnel|AES-256-CBC|DH20|True|IPv6|ICMP
IPSEC-017-19,ipsec-017-19.pcap,test,synthetic_lab_ground_truth,26160,IKEv2,ESP,Tunnel,IPv6,AES-256-CBC,HMAC-SHA256-128,ECDSA-Signature,Diffie-Hellman,DH20,True,False,7200,True,True,True,0xC52B2F4E,0xD1363190,Video,TCP/QUIC,IPv6,50,5855,1305,38,1267,2,393,110,0.22,512865,192608,320257,0.3756,4545.455,Medium,71,Medium,Critical,Replay protection disabled,0.901,0.86,IKEv2|Tunnel|AES-256-CBC|DH20|True|IPv6|Video
IPSEC-017-20,ipsec-017-20.pcap,test,synthetic_lab_ground_truth,26160,IKEv2,ESP,Tunnel,IPv6,AES-256-CBC,HMAC-SHA256-128,ECDSA-Signature,Diffie-Hellman,DH20,True,True,14400,True,True,True,0xCC1B9030,0x453D42EA,Chat,TCP,IPv6,50,1314,480,30,450,3,296,62,0.37,142080,78339,63741,0.5514,2702.703,Low,96,Low,Informational,No major policy violations detected,0.881,0.715,IKEv2|Tunnel|AES-256-CBC|DH20|True|IPv6|Chat
IPSEC-018-01,ipsec-018-01.pcap,train,synthetic_lab_ground_truth,26160,IKEv2,ESP,Tunnel,IPv6,AES-256-CBC,HMAC-SHA256-128,ECDSA-Signature,Diffie-Hellman,DH24,True,True,28800,False,True,False,0x8DDE5761,0xD5B2BA80,Email,TCP,IPv6,50,812,943,41,902,0,560,170,1.16,528080,304114,223966,0.5759,862.069,Low,88,Low,Informational,No major policy violations detected,0.915,0.752,IKEv2|Tunnel|AES-256-CBC|DH24|True|IPv6|Email
IPSEC-018-02,ipsec-018-02.pcap,train,synthetic_lab_ground_truth,26160,IKEv2,ESP,Tunnel,IPv6,AES-256-CBC,HMAC-SHA256-128,ECDSA-Signature,Diffie-Hellman,DH24,True,True,172800,False,True,False,0x26A5ACA8,0x9B9251B7,File-Transfer,TCP,IPv6,50,2953,1413,17,1396,0,818,286,0.48,1155834,391988,763846,0.3391,2083.333,Low,80,Medium,Medium,Long Security Association lifetime,0.933,0.83,IKEv2|Tunnel|AES-256-CBC|DH24|True|IPv6|File-Transfer
IPSEC-018-03,ipsec-018-03.pcap,train,synthetic_lab_ground_truth,26160,IKEv2,ESP,Tunnel,IPv6,AES-256-CBC,HMAC-SHA256-128,ECDSA-Signature,Diffie-Hellman,DH24,True,True,86400,False,True,False,0xC6DA9E58,0x45812220,VoIP,UDP,IPv6,50,2821,241,39,202,0,232,65,0.09,55912,29264,26648,0.5234,10000.0,Medium,88,Low,Informational,No major policy violations detected,0.925,0.853,IKEv2|Tunnel|AES-256-CBC|DH24|True|IPv6|VoIP
IPSEC-018-04,ipsec-018-04.pcap,train,synthetic_lab_ground_truth,26160,IKEv2,ESP,Tunnel,IPv6,AES-256-CBC,HMAC-SHA256-128,ECDSA-Signature,Diffie-Hellman,DH24,True,True,14400,False,True,False,0x13677587,0x82093CA0,ICMP,ICMP/ICMPv6,IPv6,50,184,63,41,22,0,94,26,0.34,5922,1460,4462,0.2466,2941.176,Low,88,Low,Informational,No major policy violations detected,0.922,0.926,IKEv2|Tunnel|AES-256-CBC|DH24|True|IPv6|ICMP
IPSEC-018-05,ipsec-018-05.pcap,train,synthetic_lab_ground_truth,26160,IKEv2,ESP,Tunnel,IPv6,AES-256-CBC,HMAC-SHA256-128,ECDSA-Signature,Diffie-Hellman,DH24,True,True,86400,False,True,False,0x621DBE97,0x366A666F,Video,TCP/QUIC,IPv6,50,4483,1198,20,1178,1,488,109,0.27,584624,163766,420858,0.2801,3703.704,Medium,88,Low,Informational,No major policy violations detected,0.912,0.838,IKEv2|Tunnel|AES-256-CBC|DH24|True|IPv6|Video
IPSEC-018-06,ipsec-018-06.pcap,train,synthetic_lab_ground_truth,26160,IKEv2,ESP,Tunnel,IPv6,AES-256-CBC,HMAC-SHA256-128,ECDSA-Signature,Diffie-Hellman,DH24,True,True,14400,True,True,True,0x261783A5,0xF6EF48F1,Chat,TCP,IPv6,50,652,242,41,201,1,274,73,0.37,66308,37092,29216,0.5594,2702.703,Low,88,Low,Informational,No major policy violations detected,0.899,0.725,IKEv2|Tunnel|AES-256-CBC|DH24|True|IPv6|Chat
IPSEC-018-07,ipsec-018-07.pcap,train,synthetic_lab_ground_truth,26160,IKEv2,ESP,Tunnel,IPv6,AES-256-CBC,HMAC-SHA256-128,ECDSA-Signature,Diffie-Hellman,DH24,True,True,28800,True,True,True,0xB4A51985,0x10B0C500,Web,TCP,IPv6,50,1585,683,36,647,1,570,174,0.43,389310,117099,272211,0.3008,2325.581,Low,88,Low,Informational,No major policy violations detected,0.891,0.774,IKEv2|Tunnel|AES-256-CBC|DH24|True|IPv6|Web
IPSEC-018-08,ipsec-018-08.pcap,train,synthetic_lab_ground_truth,26160,IKEv2,ESP,Tunnel,IPv6,AES-256-CBC,HMAC-SHA256-128,ECDSA-Signature,Diffie-Hellman,DH24,True,True,172800,False,True,False,0x5B9089EF,0x32263A48,Email,TCP,IPv6,50,454,682,29,653,1,430,101,1.5,293260,128892,164368,0.4395,666.667,Low,80,Medium,Medium,Long Security Association lifetime,0.895,0.719,IKEv2|Tunnel|AES-256-CBC|DH24|True|IPv6|Email
IPSEC-018-09,ipsec-018-09.pcap,train,synthetic_lab_ground_truth,26160,IKEv2,ESP,Tunnel,IPv6,AES-256-CBC,HMAC-SHA256-128,ECDSA-Signature,Diffie-Hellman,DH24,True,True,3600,True,True,True,0xB4839B31,0x26AC4A13,File-Transfer,TCP,IPv6,50,2054,634,28,606,3,899,157,0.31,569966,370944,199022,0.6508,3225.806,Low,88,Low,Informational,No major policy violations detected,0.924,0.838,IKEv2|Tunnel|AES-256-CBC|DH24|True|IPv6|File-Transfer
IPSEC-018-10,ipsec-018-10.pcap,train,synthetic_lab_ground_truth,26160,IKEv2,ESP,Tunnel,IPv6,AES-256-CBC,HMAC-SHA256-128,ECDSA-Signature,Diffie-Hellman,DH24,True,True,1800,False,True,False,0x26E44BA8,0xD8CB5284,VoIP,UDP,IPv6,50,2762,192,31,161,1,218,45,0.07,41856,21217,20639,0.5069,10000.0,Medium,88,Low,Informational,No major policy violations detected,0.898,0.779,IKEv2|Tunnel|AES-256-CBC|DH24|True|IPv6|VoIP
IPSEC-018-11,ipsec-018-11.pcap,train,synthetic_lab_ground_truth,26160,IKEv2,ESP,Tunnel,IPv6,AES-256-CBC,HMAC-SHA256-128,ECDSA-Signature,Diffie-Hellman,DH24,True,True,3600,False,True,False,0x8F9E2F3C,0xA717E47C,ICMP,ICMP/ICMPv6,IPv6,50,139,84,38,46,3,76,8,0.6,6384,3120,3264,0.4888,1666.667,Low,88,Low,Informational,No major policy violations detected,0.856,0.928,IKEv2|Tunnel|AES-256-CBC|DH24|True|IPv6|ICMP
IPSEC-018-12,ipsec-018-12.pcap,train,synthetic_lab_ground_truth,26160,IKEv2,ESP,Tunnel,IPv6,AES-256-CBC,HMAC-SHA256-128,ECDSA-Signature,Diffie-Hellman,DH24,True,True,300,True,True,True,0x48203330,0x7C3B52C3,Video,TCP/QUIC,IPv6,50,4559,1306,35,1271,0,528,117,0.29,689568,274874,414694,0.3986,3448.276,Medium,88,Low,Informational,No major policy violations detected,0.889,0.779,IKEv2|Tunnel|AES-256-CBC|DH24|True|IPv6|Video
IPSEC-018-13,ipsec-018-13.pcap,train,synthetic_lab_ground_truth,26160,IKEv2,ESP,Tunnel,IPv6,AES-256-CBC,HMAC-SHA256-128,ECDSA-Signature,Diffie-Hellman,DH24,True,True,7200,False,True,False,0x751AB7E8,0x6539FBA9,Chat,TCP,IPv6,50,1331,481,23,458,1,252,59,0.36,121212,57656,63556,0.4757,2777.778,Low,88,Low,Informational,No major policy violations detected,0.935,0.73,IKEv2|Tunnel|AES-256-CBC|DH24|True|IPv6|Chat
IPSEC-018-14,ipsec-018-14.pcap,train,synthetic_lab_ground_truth,26160,IKEv2,ESP,Tunnel,IPv6,AES-256-CBC,HMAC-SHA256-128,ECDSA-Signature,Diffie-Hellman,DH24,True,True,300,True,True,True,0x35DF9A76,0x5A49A236,Web,TCP,IPv6,50,2112,879,26,853,0,440,100,0.42,386760,108292,278468,0.28,2380.952,Low,88,Low,Informational,No major policy violations detected,0.897,0.817,IKEv2|Tunnel|AES-256-CBC|DH24|True|IPv6|Web
IPSEC-018-15,ipsec-018-15.pcap,validation,synthetic_lab_ground_truth,26160,IKEv2,ESP,Tunnel,IPv6,AES-256-CBC,HMAC-SHA256-128,ECDSA-Signature,Diffie-Hellman,DH24,True,True,7200,False,True,False,0x3BCE1EC0,0xEF137BE0,Email,TCP,IPv6,50,413,483,9,474,1,446,99,1.17,215418,87136,128282,0.4045,854.701,Low,88,Low,Informational,No major policy violations detected,0.885,0.721,IKEv2|Tunnel|AES-256-CBC|DH24|True|IPv6|Email
IPSEC-018-16,ipsec-018-16.pcap,validation,synthetic_lab_ground_truth,26160,IKEv2,ESP,Tunnel,IPv6,AES-256-CBC,HMAC-SHA256-128,ECDSA-Signature,Diffie-Hellman,DH24,True,True,86400,False,True,False,0x11D1EFDC,0x7BACECF0,File-Transfer,TCP,IPv6,50,2945,1436,25,1411,0,869,81,0.49,1247884,544852,703032,0.4366,2040.816,Low,88,Low,Informational,No major policy violations detected,0.926,0.802,IKEv2|Tunnel|AES-256-CBC|DH24|True|IPv6|File-Transfer
IPSEC-018-17,ipsec-018-17.pcap,validation,synthetic_lab_ground_truth,26160,IKEv2,ESP,Tunnel,IPv6,AES-256-CBC,HMAC-SHA256-128,ECDSA-Signature,Diffie-Hellman,DH24,True,True,7200,False,True,False,0x7CE32C79,0x37907B7F,VoIP,UDP,IPv6,50,1422,93,11,82,1,211,46,0.07,19623,5161,14462,0.263,10000.0,Medium,88,Low,Informational,No major policy violations detected,0.91,0.838,IKEv2|Tunnel|AES-256-CBC|DH24|True|IPv6|VoIP
IPSEC-018-18,ipsec-018-18.pcap,test,synthetic_lab_ground_truth,26160,IKEv2,ESP,Tunnel,IPv6,AES-256-CBC,HMAC-SHA256-128,ECDSA-Signature,Diffie-Hellman,DH24,True,True,7200,True,True,True,0x9DD2AB90,0xFCC9ECA5,ICMP,ICMP/ICMPv6,IPv6,50,224,87,44,43,1,91,19,0.39,7917,4984,2933,0.6296,2564.103,Low,88,Low,Informational,No major policy violations detected,0.923,0.93,IKEv2|Tunnel|AES-256-CBC|DH24|True|IPv6|ICMP
IPSEC-018-19,ipsec-018-19.pcap,test,synthetic_lab_ground_truth,26160,IKEv2,ESP,Tunnel,IPv6,AES-256-CBC,HMAC-SHA256-128,ECDSA-Signature,Diffie-Hellman,DH24,True,True,1800,True,True,True,0x259B382A,0x8E942A75,Video,TCP/QUIC,IPv6,50,2590,793,13,780,1,534,141,0.31,423462,151523,271939,0.3578,3225.806,Medium,88,Low,Informational,No major policy violations detected,0.902,0.846,IKEv2|Tunnel|AES-256-CBC|DH24|True|IPv6|Video
IPSEC-018-20,ipsec-018-20.pcap,test,synthetic_lab_ground_truth,26160,IKEv2,ESP,Tunnel,IPv6,AES-256-CBC,HMAC-SHA256-128,ECDSA-Signature,Diffie-Hellman,DH24,True,True,3600,False,True,False,0xB1F16DEC,0x318096A8,Chat,TCP,IPv6,50,1455,509,12,497,1,254,74,0.35,129286,52135,77151,0.4033,2857.143,Low,88,Low,Informational,No major policy violations detected,0.862,0.718,IKEv2|Tunnel|AES-256-CBC|DH24|True|IPv6|Chat
IPSEC-019-01,ipsec-019-01.pcap,train,synthetic_lab_ground_truth,26160,IKEv2,ESP,Transport,IPv4,AES-128-GCM,AEAD-GCM,PSK,Diffie-Hellman,DH2,True,True,28800,False,True,False,0xD13B644C,0xB1B08882,Email,TCP,IPv4,50,583,756,44,712,2,378,107,1.3,285768,168373,117395,0.5892,769.231,Medium,73,Medium,Critical,Weak/legacy DH group,0.937,0.759,IKEv2|Transport|AES-128-GCM|DH2|True|IPv4|Email
IPSEC-019-02,ipsec-019-02.pcap,train,synthetic_lab_ground_truth,26160,IKEv2,ESP,Transport,IPv4,AES-128-GCM,AEAD-GCM,PSK,Diffie-Hellman,DH2,True,True,3600,False,True,False,0x4D5DE780,0x5B8AE258,File-Transfer,TCP,IPv4,50,4309,1845,31,1814,1,917,289,0.43,1691865,837863,854002,0.4952,2325.581,Medium,73,Medium,Critical,Weak/legacy DH group,0.979,0.861,IKEv2|Transport|AES-128-GCM|DH2|True|IPv4|File-Transfer
IPSEC-019-03,ipsec-019-03.pcap,train,synthetic_lab_ground_truth,26160,IKEv2,ESP,Transport,IPv4,AES-128-GCM,AEAD-GCM,PSK,Diffie-Hellman,DH2,True,True,86400,False,True,False,0x937125BF,0x3097D182,VoIP,UDP,IPv4,50,2835,244,27,217,1,204,33,0.09,49776,21193,28583,0.4258,10000.0,Medium,73,Medium,Critical,Weak/legacy DH group,0.953,0.746,IKEv2|Transport|AES-128-GCM|DH2|True|IPv4|VoIP
IPSEC-019-04,ipsec-019-04.pcap,train,synthetic_lab_ground_truth,26160,IKEv2,ESP,Transport,IPv4,AES-128-GCM,AEAD-GCM,PSK,Diffie-Hellman,DH2,True,True,3600,False,True,False,0x1A0A300B,0xE03F8981,ICMP,ICMP/ICMPv6,IPv4,50,313,129,43,86,0,97,24,0.41,12513,5885,6628,0.4704,2439.024,Medium,73,Medium,Critical,Weak/legacy DH group,0.94,0.891,IKEv2|Transport|AES-128-GCM|DH2|True|IPv4|ICMP
IPSEC-019-05,ipsec-019-05.pcap,train,synthetic_lab_ground_truth,26160,IKEv2,ESP,Transport,IPv4,AES-128-GCM,AEAD-GCM,PSK,Diffie-Hellman,DH2,True,False,3600,False,True,False,0x5BB7B3C0,0x582F9B70,Video,TCP/QUIC,IPv4,50,3814,949,22,927,1,577,134,0.25,547573,264905,282668,0.4838,4000.0,Medium,48,Critical,Critical,Weak/legacy DH group; Replay protection disabled,0.951,0.868,IKEv2|Transport|AES-128-GCM|DH2|True|IPv4|Video
IPSEC-019-06,ipsec-019-06.pcap,train,synthetic_lab_ground_truth,26160,IKEv2,ESP,Transport,IPv4,AES-128-GCM,AEAD-GCM,PSK,Diffie-Hellman,DH2,True,True,7200,False,True,False,0x23BC88F1,0xD67DFA95,Chat,TCP,IPv4,50,1068,373,39,334,0,236,42,0.35,88028,41540,46488,0.4719,2857.143,Medium,73,Medium,Critical,Weak/legacy DH group,0.881,0.689,IKEv2|Transport|AES-128-GCM|DH2|True|IPv4|Chat
IPSEC-019-07,ipsec-019-07.pcap,train,synthetic_lab_ground_truth,26160,IKEv2,ESP,Transport,IPv4,AES-128-GCM,AEAD-GCM,PSK,Diffie-Hellman,DH2,True,False,14400,False,True,False,0xA8448A15,0x4A659850,Web,TCP,IPv4,50,1099,369,12,357,3,534,134,0.34,197046,49818,147228,0.2528,2941.176,Medium,48,Critical,Critical,Weak/legacy DH group; Replay protection disabled,0.973,0.782,IKEv2|Transport|AES-128-GCM|DH2|True|IPv4|Web
IPSEC-019-08,ipsec-019-08.pcap,train,synthetic_lab_ground_truth,26160,IKEv2,ESP,Transport,IPv4,AES-128-GCM,AEAD-GCM,PSK,Diffie-Hellman,DH2,True,True,28800,False,True,False,0x8B601C2A,0xC48C9621,Email,TCP,IPv4,50,678,854,15,839,0,523,164,1.26,446642,245476,201166,0.5496,793.651,Medium,73,Medium,Critical,Weak/legacy DH group,0.942,0.773,IKEv2|Transport|AES-128-GCM|DH2|True|IPv4|Email
IPSEC-019-09,ipsec-019-09.pcap,train,synthetic_lab_ground_truth,26160,IKEv2,ESP,Transport,IPv4,AES-128-GCM,AEAD-GCM,PSK,Diffie-Hellman,DH2,True,True,28800,True,True,True,0xEA1933AC,0xC439E124,File-Transfer,TCP,IPv4,50,4471,1859,19,1840,1,902,276,0.42,1676818,756235,920583,0.451,2380.952,Medium,73,Medium,Critical,Weak/legacy DH group,0.922,0.774,IKEv2|Transport|AES-128-GCM|DH2|True|IPv4|File-Transfer
IPSEC-019-10,ipsec-019-10.pcap,train,synthetic_lab_ground_truth,26160,IKEv2,ESP,Transport,IPv4,AES-128-GCM,AEAD-GCM,PSK,Diffie-Hellman,DH2,True,True,7200,False,True,False,0x34FA1272,0xCA4F6389,VoIP,UDP,IPv4,50,2872,229,18,211,1,229,62,0.08,52441,29180,23261,0.5564,10000.0,Medium,73,Medium,Critical,Weak/legacy DH group,0.911,0.777,IKEv2|Transport|AES-128-GCM|DH2|True|IPv4|VoIP
IPSEC-019-11,ipsec-019-11.pcap,train,synthetic_lab_ground_truth,26160,IKEv2,ESP,Transport,IPv4,AES-128-GCM,AEAD-GCM,PSK,Diffie-Hellman,DH2,True,True,86400,False,True,False,0x219D8688,0xBFB764EB,ICMP,ICMP/ICMPv6,IPv4,50,199,87,21,66,1,124,33,0.44,10788,4478,6310,0.4151,2272.727,Medium,73,Medium,Critical,Weak/legacy DH group,0.962,0.976,IKEv2|Transport|AES-128-GCM|DH2|True|IPv4|ICMP
IPSEC-019-12,ipsec-019-12.pcap,train,synthetic_lab_ground_truth,26160,IKEv2,ESP,Transport,IPv4,AES-128-GCM,AEAD-GCM,PSK,Diffie-Hellman,DH2,True,True,3600,True,True,True,0xA67EC69E,0x698E43D0,Video,TCP/QUIC,IPv4,50,4408,1066,18,1048,0,496,84,0.24,528736,156233,372503,0.2955,4166.667,Medium,73,Medium,Critical,Weak/legacy DH group,0.955,0.817,IKEv2|Transport|AES-128-GCM|DH2|True|IPv4|Video
IPSEC-019-13,ipsec-019-13.pcap,train,synthetic_lab_ground_truth,26160,IKEv2,ESP,Transport,IPv4,AES-128-GCM,AEAD-GCM,PSK,Diffie-Hellman,DH2,True,True,3600,True,True,True,0x4AB4BB80,0xF585F27B,Chat,TCP,IPv4,50,1418,488,19,469,0,243,71,0.34,118584,64378,54206,0.5429,2941.176,Medium,73,Medium,Critical,Weak/legacy DH group,0.956,0.677,IKEv2|Transport|AES-128-GCM|DH2|True|IPv4|Chat
IPSEC-019-14,ipsec-019-14.pcap,train,synthetic_lab_ground_truth,26160,IKEv2,ESP,Transport,IPv4,AES-128-GCM,AEAD-GCM,PSK,Diffie-Hellman,DH2,True,True,14400,False,True,False,0xD95886BF,0xF04F3FC6,Web,TCP,IPv4,50,2142,970,9,961,1,514,145,0.45,498580,94522,404058,0.1896,2222.222,Medium,73,Medium,Critical,Weak/legacy DH group,0.932,0.82,IKEv2|Transport|AES-128-GCM|DH2|True|IPv4|Web
IPSEC-019-15,ipsec-019-15.pcap,validation,synthetic_lab_ground_truth,26160,IKEv2,ESP,Transport,IPv4,AES-128-GCM,AEAD-GCM,PSK,Diffie-Hellman,DH2,True,True,7200,True,True,True,0x8223909E,0x46483BA4,Email,TCP,IPv4,50,443,579,15,564,0,428,104,1.31,247812,109513,138299,0.4419,763.359,Medium,73,Medium,Critical,Weak/legacy DH group,0.97,0.659,IKEv2|Transport|AES-128-GCM|DH2|True|IPv4|Email
IPSEC-019-16,ipsec-019-16.pcap,validation,synthetic_lab_ground_truth,26160,IKEv2,ESP,Transport,IPv4,AES-128-GCM,AEAD-GCM,PSK,Diffie-Hellman,DH2,True,True,3600,False,True,False,0x21004422,0x41FBF96D,File-Transfer,TCP,IPv4,50,2958,1363,36,1327,1,854,103,0.46,1164002,555351,608651,0.4771,2173.913,Medium,73,Medium,Critical,Weak/legacy DH group,0.925,0.814,IKEv2|Transport|AES-128-GCM|DH2|True|IPv4|File-Transfer
IPSEC-019-17,ipsec-019-17.pcap,validation,synthetic_lab_ground_truth,26160,IKEv2,ESP,Transport,IPv4,AES-128-GCM,AEAD-GCM,PSK,Diffie-Hellman,DH2,True,True,600,False,True,False,0x81B53C41,0x7428336A,VoIP,UDP,IPv4,50,2934,280,40,240,0,220,52,0.1,61600,29432,32168,0.4778,10000.0,Medium,73,Medium,Critical,Weak/legacy DH group,0.914,0.788,IKEv2|Transport|AES-128-GCM|DH2|True|IPv4|VoIP
IPSEC-019-18,ipsec-019-18.pcap,test,synthetic_lab_ground_truth,26160,IKEv2,ESP,Transport,IPv4,AES-128-GCM,AEAD-GCM,PSK,Diffie-Hellman,DH2,True,True,28800,False,True,False,0x9DBB2A80,0xAC17ED80,ICMP,ICMP/ICMPv6,IPv4,50,187,64,11,53,0,107,33,0.34,6848,3638,3210,0.5314,2941.176,Medium,73,Medium,Critical,Weak/legacy DH group,0.94,0.924,IKEv2|Transport|AES-128-GCM|DH2|True|IPv4|ICMP
IPSEC-019-19,ipsec-019-19.pcap,test,synthetic_lab_ground_truth,26160,IKEv2,ESP,Transport,IPv4,AES-128-GCM,AEAD-GCM,PSK,Diffie-Hellman,DH2,True,True,7200,True,True,True,0x3011ABD4,0xE91E2F1F,Video,TCP/QUIC,IPv4,50,5131,1397,36,1361,2,676,113,0.27,944372,268466,675906,0.2843,3703.704,Medium,73,Medium,Critical,Weak/legacy DH group,0.919,0.789,IKEv2|Transport|AES-128-GCM|DH2|True|IPv4|Video
IPSEC-019-20,ipsec-019-20.pcap,test,synthetic_lab_ground_truth,26160,IKEv2,ESP,Transport,IPv4,AES-128-GCM,AEAD-GCM,PSK,Diffie-Hellman,DH2,True,True,172800,False,True,False,0x56336088,0x617D21ED,Chat,TCP,IPv4,50,1509,510,9,501,3,221,57,0.34,112710,55871,56839,0.4957,2941.176,Medium,65,High,Critical,Weak/legacy DH group; Long Security Association lifetime,0.942,0.763,IKEv2|Transport|AES-128-GCM|DH2|True|IPv4|Chat
IPSEC-020-01,ipsec-020-01.pcap,train,synthetic_lab_ground_truth,26160,IKEv1,ESP,Tunnel,IPv4,AES-128-CBC,HMAC-SHA1-96,RSA-Signature,Diffie-Hellman,DH2,False,False,7200,True,True,True,0xFE76AEF1,0xDFF94EBD,Email,TCP,IPv4,50,599,711,13,698,2,437,99,1.19,310707,192768,117939,0.6204,840.336,Low,20,Critical,Critical,Legacy integrity algorithm: HMAC-SHA1-96; Legacy IKE version detected; Weak/legacy DH group; Perfect Forward Secrecy disabled; Replay protection disabled,0.774,0.709,IKEv1|Tunnel|AES-128-CBC|DH2|False|IPv4|Email
IPSEC-020-02,ipsec-020-02.pcap,train,synthetic_lab_ground_truth,26160,IKEv1,ESP,Tunnel,IPv4,AES-128-CBC,HMAC-SHA1-96,RSA-Signature,Diffie-Hellman,DH2,False,True,14400,False,True,False,0x753F53A8,0x7F4786D2,File-Transfer,TCP,IPv4,50,4038,1880,42,1838,0,753,172,0.47,1415640,909808,505832,0.6427,2127.66,Low,22,Critical,Critical,Legacy integrity algorithm: HMAC-SHA1-96; Legacy IKE version detected; Weak/legacy DH group; Perfect Forward Secrecy disabled,0.75,0.812,IKEv1|Tunnel|AES-128-CBC|DH2|False|IPv4|File-Transfer
IPSEC-020-03,ipsec-020-03.pcap,train,synthetic_lab_ground_truth,26160,IKEv1,ESP,Tunnel,IPv4,AES-128-CBC,HMAC-SHA1-96,RSA-Signature,Diffie-Hellman,DH2,False,True,3600,True,True,True,0x52F9F7FE,0x662714CB,VoIP,UDP,IPv4,50,2908,220,13,207,0,240,65,0.08,52800,20522,32278,0.3887,10000.0,Medium,22,Critical,Critical,Legacy integrity algorithm: HMAC-SHA1-96; Legacy IKE version detected; Weak/legacy DH group; Perfect Forward Secrecy disabled,0.819,0.743,IKEv1|Tunnel|AES-128-CBC|DH2|False|IPv4|VoIP
IPSEC-020-04,ipsec-020-04.pcap,train,synthetic_lab_ground_truth,26160,IKEv1,ESP,Tunnel,IPv4,AES-128-CBC,HMAC-SHA1-96,RSA-Signature,Diffie-Hellman,DH2,False,True,28800,False,True,False,0x5724C339,0x1B0568F2,ICMP,ICMP/ICMPv6,IPv4,50,122,50,24,26,0,94,23,0.41,4700,2305,2395,0.4906,2439.024,Low,22,Critical,Critical,Legacy integrity algorithm: HMAC-SHA1-96; Legacy IKE version detected; Weak/legacy DH group; Perfect Forward Secrecy disabled,0.811,0.944,IKEv1|Tunnel|AES-128-CBC|DH2|False|IPv4|ICMP
IPSEC-020-05,ipsec-020-05.pcap,train,synthetic_lab_ground_truth,26160,IKEv1,ESP,Tunnel,IPv4,AES-128-CBC,HMAC-SHA1-96,RSA-Signature,Diffie-Hellman,DH2,False,True,7200,False,True,False,0x9B0F3493,0x18E49F79,Video,TCP/QUIC,IPv4,50,3640,774,10,764,0,444,120,0.21,343656,118841,224815,0.3458,4761.905,Medium,22,Critical,Critical,Legacy integrity algorithm: HMAC-SHA1-96; Legacy IKE version detected; Weak/legacy DH group; Perfect Forward Secrecy disabled,0.785,0.862,IKEv1|Tunnel|AES-128-CBC|DH2|False|IPv4|Video
IPSEC-020-06,ipsec-020-06.pcap,train,synthetic_lab_ground_truth,26160,IKEv1,ESP,Tunnel,IPv4,AES-128-CBC,HMAC-SHA1-96,RSA-Signature,Diffie-Hellman,DH2,False,False,1800,False,True,False,0x24C70323,0xF758EE45,Chat,TCP,IPv4,50,1120,336,18,318,1,274,70,0.3,92064,50170,41894,0.5449,3333.333,Low,20,Critical,Critical,Legacy integrity algorithm: HMAC-SHA1-96; Legacy IKE version detected; Weak/legacy DH group; Perfect Forward Secrecy disabled; Replay protection disabled,0.764,0.657,IKEv1|Tunnel|AES-128-CBC|DH2|False|IPv4|Chat
IPSEC-020-07,ipsec-020-07.pcap,train,synthetic_lab_ground_truth,26160,IKEv1,ESP,Tunnel,IPv4,AES-128-CBC,HMAC-SHA1-96,RSA-Signature,Diffie-Hellman,DH2,False,True,7200,False,True,False,0xD18373CF,0xE3B84534,Web,TCP,IPv4,50,1971,795,14,781,1,491,164,0.4,390345,195179,195166,0.5,2500.0,Low,22,Critical,Critical,Legacy integrity algorithm: HMAC-SHA1-96; Legacy IKE version detected; Weak/legacy DH group; Perfect Forward Secrecy disabled,0.78,0.816,IKEv1|Tunnel|AES-128-CBC|DH2|False|IPv4|Web
IPSEC-020-08,ipsec-020-08.pcap,train,synthetic_lab_ground_truth,26160,IKEv1,ESP,Tunnel,IPv4,AES-128-CBC,HMAC-SHA1-96,RSA-Signature,Diffie-Hellman,DH2,False,True,3600,False,True,False,0xFB82BE77,0x7D15CC74,Email,TCP,IPv4,50,643,765,31,734,0,475,170,1.19,363375,196586,166789,0.541,840.336,Low,22,Critical,Critical,Legacy integrity algorithm: HMAC-SHA1-96; Legacy IKE version detected; Weak/legacy DH group; Perfect Forward Secrecy disabled,0.772,0.777,IKEv1|Tunnel|AES-128-CBC|DH2|False|IPv4|Email
IPSEC-020-09,ipsec-020-09.pcap,train,synthetic_lab_ground_truth,26160,IKEv1,ESP,Tunnel,IPv4,AES-128-CBC,HMAC-SHA1-96,RSA-Signature,Diffie-Hellman,DH2,False,False,172800,False,True,False,0x913044DA,0xF9642859,File-Transfer,TCP,IPv4,50,4126,1744,42,1702,3,948,252,0.42,1653312,834959,818353,0.505,2380.952,Low,20,Critical,Critical,Legacy integrity algorithm: HMAC-SHA1-96; Legacy IKE version detected; Weak/legacy DH group; Perfect Forward Secrecy disabled; Replay protection disabled; Long Security Association lifetime,0.751,0.751,IKEv1|Tunnel|AES-128-CBC|DH2|False|IPv4|File-Transfer
IPSEC-020-10,ipsec-020-10.pcap,train,synthetic_lab_ground_truth,26160,IKEv1,ESP,Tunnel,IPv4,AES-128-CBC,HMAC-SHA1-96,RSA-Signature,Diffie-Hellman,DH2,False,True,1800,False,True,False,0x2D08EB0B,0xCC19507B,VoIP,UDP,IPv4,50,3035,236,22,214,0,222,54,0.08,52392,30090,22302,0.5743,10000.0,Medium,22,Critical,Critical,Legacy integrity algorithm: HMAC-SHA1-96; Legacy IKE version detected; Weak/legacy DH group; Perfect Forward Secrecy disabled,0.746,0.832,IKEv1|Tunnel|AES-128-CBC|DH2|False|IPv4|VoIP
IPSEC-020-11,ipsec-020-11.pcap,train,synthetic_lab_ground_truth,26160,IKEv1,ESP,Tunnel,IPv4,AES-128-CBC,HMAC-SHA1-96,RSA-Signature,Diffie-Hellman,DH2,False,True,28800,False,True,False,0x9E6F8B67,0xF241285F,ICMP,ICMP/ICMPv6,IPv4,50,304,118,39,79,1,100,25,0.39,11800,7028,4772,0.5956,2564.103,Low,22,Critical,Critical,Legacy integrity algorithm: HMAC-SHA1-96; Legacy IKE version detected; Weak/legacy DH group; Perfect Forward Secrecy disabled,0.809,0.91,IKEv1|Tunnel|AES-128-CBC|DH2|False|IPv4|ICMP
IPSEC-020-12,ipsec-020-12.pcap,train,synthetic_lab_ground_truth,26160,IKEv1,ESP,Tunnel,IPv4,AES-128-CBC,HMAC-SHA1-96,RSA-Signature,Diffie-Hellman,DH2,False,True,28800,True,True,True,0x1738429E,0xF413B9B2,Video,TCP/QUIC,IPv4,50,4748,1078,42,1036,1,615,119,0.23,662970,295683,367287,0.446,4347.826,Medium,22,Critical,Critical,Legacy integrity algorithm: HMAC-SHA1-96; Legacy IKE version detected; Weak/legacy DH group; Perfect Forward Secrecy disabled,0.783,0.826,IKEv1|Tunnel|AES-128-CBC|DH2|False|IPv4|Video
IPSEC-020-13,ipsec-020-13.pcap,train,synthetic_lab_ground_truth,26160,IKEv1,ESP,Tunnel,IPv4,AES-128-CBC,HMAC-SHA1-96,RSA-Signature,Diffie-Hellman,DH2,False,True,1800,False,True,False,0x197D684E,0xF938EEC7,Chat,TCP,IPv4,50,1151,474,35,439,0,247,79,0.41,117078,45738,71340,0.3907,2439.024,Low,22,Critical,Critical,Legacy integrity algorithm: HMAC-SHA1-96; Legacy IKE version detected; Weak/legacy DH group; Perfect Forward Secrecy disabled,0.775,0.721,IKEv1|Tunnel|AES-128-CBC|DH2|False|IPv4|Chat
IPSEC-020-14,ipsec-020-14.pcap,train,synthetic_lab_ground_truth,26160,IKEv1,ESP,Tunnel,IPv4,AES-128-CBC,HMAC-SHA1-96,RSA-Signature,Diffie-Hellman,DH2,False,True,14400,False,True,False,0x9BB4E041,0xC4DD1623,Web,TCP,IPv4,50,2545,1042,26,1016,0,574,93,0.41,598108,153859,444249,0.2572,2439.024,Low,22,Critical,Critical,Legacy integrity algorithm: HMAC-SHA1-96; Legacy IKE version detected; Weak/legacy DH group; Perfect Forward Secrecy disabled,0.737,0.837,IKEv1|Tunnel|AES-128-CBC|DH2|False|IPv4|Web
IPSEC-020-15,ipsec-020-15.pcap,validation,synthetic_lab_ground_truth,26160,IKEv1,ESP,Tunnel,IPv4,AES-128-CBC,HMAC-SHA1-96,RSA-Signature,Diffie-Hellman,DH2,False,True,7200,False,True,False,0xAB2A00F6,0xA1AB1366,Email,TCP,IPv4,50,848,1067,14,1053,0,462,69,1.26,492954,276698,216256,0.5613,793.651,Low,22,Critical,Critical,Legacy integrity algorithm: HMAC-SHA1-96; Legacy IKE version detected; Weak/legacy DH group; Perfect Forward Secrecy disabled,0.709,0.7,IKEv1|Tunnel|AES-128-CBC|DH2|False|IPv4|Email
IPSEC-020-16,ipsec-020-16.pcap,validation,synthetic_lab_ground_truth,26160,IKEv1,ESP,Tunnel,IPv4,AES-128-CBC,HMAC-SHA1-96,RSA-Signature,Diffie-Hellman,DH2,False,True,1800,False,True,False,0xB406910B,0xDFA26DEC,File-Transfer,TCP,IPv4,50,3616,1875,29,1846,0,936,244,0.52,1755000,693405,1061595,0.3951,1923.077,Low,22,Critical,Critical,Legacy integrity algorithm: HMAC-SHA1-96; Legacy IKE version detected; Weak/legacy DH group; Perfect Forward Secrecy disabled,0.807,0.76,IKEv1|Tunnel|AES-128-CBC|DH2|False|IPv4|File-Transfer
IPSEC-020-17,ipsec-020-17.pcap,validation,synthetic_lab_ground_truth,26160,IKEv1,ESP,Tunnel,IPv4,AES-128-CBC,HMAC-SHA1-96,RSA-Signature,Diffie-Hellman,DH2,False,True,3600,False,True,False,0xDB0EE578,0x37BE43F1,VoIP,UDP,IPv4,50,2011,164,31,133,0,237,49,0.08,38868,22893,15975,0.589,10000.0,Medium,22,Critical,Critical,Legacy integrity algorithm: HMAC-SHA1-96; Legacy IKE version detected; Weak/legacy DH group; Perfect Forward Secrecy disabled,0.801,0.815,IKEv1|Tunnel|AES-128-CBC|DH2|False|IPv4|VoIP
IPSEC-020-18,ipsec-020-18.pcap,test,synthetic_lab_ground_truth,26160,IKEv1,ESP,Tunnel,IPv4,AES-128-CBC,HMAC-SHA1-96,RSA-Signature,Diffie-Hellman,DH2,False,True,1800,False,True,False,0x8ADE2B28,0xEE78C90A,ICMP,ICMP/ICMPv6,IPv4,50,356,147,20,127,0,92,25,0.41,13524,8401,5123,0.6212,2439.024,Low,22,Critical,Critical,Legacy integrity algorithm: HMAC-SHA1-96; Legacy IKE version detected; Weak/legacy DH group; Perfect Forward Secrecy disabled,0.773,0.978,IKEv1|Tunnel|AES-128-CBC|DH2|False|IPv4|ICMP
IPSEC-020-19,ipsec-020-19.pcap,test,synthetic_lab_ground_truth,26160,IKEv1,ESP,Tunnel,IPv4,AES-128-CBC,HMAC-SHA1-96,RSA-Signature,Diffie-Hellman,DH2,False,True,3600,False,True,False,0x404EDB07,0xC8349646,Video,TCP/QUIC,IPv4,50,3581,806,33,773,1,514,120,0.23,414284,154442,259842,0.3728,4347.826,Medium,22,Critical,Critical,Legacy integrity algorithm: HMAC-SHA1-96; Legacy IKE version detected; Weak/legacy DH group; Perfect Forward Secrecy disabled,0.776,0.796,IKEv1|Tunnel|AES-128-CBC|DH2|False|IPv4|Video
IPSEC-020-20,ipsec-020-20.pcap,test,synthetic_lab_ground_truth,26160,IKEv1,ESP,Tunnel,IPv4,AES-128-CBC,HMAC-SHA1-96,RSA-Signature,Diffie-Hellman,DH2,False,True,3600,True,True,True,0x19101FE7,0x5808FCBA,Chat,TCP,IPv4,50,1018,361,39,322,1,262,61,0.35,94582,47954,46628,0.507,2857.143,Low,22,Critical,Critical,Legacy integrity algorithm: HMAC-SHA1-96; Legacy IKE version detected; Weak/legacy DH group; Perfect Forward Secrecy disabled,0.78,0.715,IKEv1|Tunnel|AES-128-CBC|DH2|False|IPv4|Chat
IPSEC-021-01,ipsec-021-01.pcap,train,synthetic_lab_ground_truth,26160,IKEv2,ESP,Tunnel,IPv4,AES-256-CBC,HMAC-SHA256-128,ECDSA-Signature,Diffie-Hellman,DH19,True,True,28800,True,True,True,0x8532A4C0,0x2793E428,Email,TCP,IPv4,50,505,572,26,546,0,484,171,1.13,276848,172888,103960,0.6245,884.956,Low,96,Low,Informational,No major policy violations detected,0.933,0.717,IKEv2|Tunnel|AES-256-CBC|DH19|True|IPv4|Email
IPSEC-021-02,ipsec-021-02.pcap,train,synthetic_lab_ground_truth,26160,IKEv2,ESP,Tunnel,IPv4,AES-256-CBC,HMAC-SHA256-128,ECDSA-Signature,Diffie-Hellman,DH19,True,True,1800,False,True,False,0x83854C7D,0x629D4DBA,File-Transfer,TCP,IPv4,50,4946,2045,41,2004,1,847,215,0.41,1732115,847574,884541,0.4893,2439.024,Low,96,Low,Informational,No major policy violations detected,0.892,0.779,IKEv2|Tunnel|AES-256-CBC|DH19|True|IPv4|File-Transfer
IPSEC-021-03,ipsec-021-03.pcap,train,synthetic_lab_ground_truth,26160,IKEv2,ESP,Tunnel,IPv4,AES-256-CBC,HMAC-SHA256-128,ECDSA-Signature,Diffie-Hellman,DH19,True,True,86400,True,True,True,0xDE87B32D,0x645B61F0,VoIP,UDP,IPv4,50,2718,240,10,230,1,235,65,0.09,56400,28191,28209,0.4999,10000.0,Medium,96,Low,Informational,No major policy violations detected,0.878,0.802,IKEv2|Tunnel|AES-256-CBC|DH19|True|IPv4|VoIP
IPSEC-021-04,ipsec-021-04.pcap,train,synthetic_lab_ground_truth,26160,IKEv2,ESP,Tunnel,IPv4,AES-256-CBC,HMAC-SHA256-128,ECDSA-Signature,Diffie-Hellman,DH19,True,True,28800,False,True,False,0xF468AAE9,0xA91E8851,ICMP,ICMP/ICMPv6,IPv4,50,170,60,33,27,1,69,14,0.35,4140,2329,1811,0.5628,2857.143,Low,96,Low,Informational,No major policy violations detected,0.917,0.901,IKEv2|Tunnel|AES-256-CBC|DH19|True|IPv4|ICMP
IPSEC-021-05,ipsec-021-05.pcap,train,synthetic_lab_ground_truth,26160,IKEv2,ESP,Tunnel,IPv4,AES-256-CBC,HMAC-SHA256-128,ECDSA-Signature,Diffie-Hellman,DH19,True,True,7200,False,True,False,0x5D849AF4,0xA4B826E0,Video,TCP/QUIC,IPv4,50,4994,1149,25,1124,0,478,91,0.23,549222,274114,275108,0.4991,4347.826,Medium,96,Low,Informational,No major policy violations detected,0.905,0.862,IKEv2|Tunnel|AES-256-CBC|DH19|True|IPv4|Video
IPSEC-021-06,ipsec-021-06.pcap,train,synthetic_lab_ground_truth,26160,IKEv2,ESP,Tunnel,IPv4,AES-256-CBC,HMAC-SHA256-128,ECDSA-Signature,Diffie-Hellman,DH19,True,True,28800,False,True,False,0x10C35E60,0xFAAB631D,Chat,TCP,IPv4,50,700,256,8,248,3,311,66,0.37,79616,38006,41610,0.4774,2702.703,Low,96,Low,Informational,No major policy violations detected,0.911,0.733,IKEv2|Tunnel|AES-256-CBC|DH19|True|IPv4|Chat
IPSEC-021-07,ipsec-021-07.pcap,train,synthetic_lab_ground_truth,26160,IKEv2,ESP,Tunnel,IPv4,AES-256-CBC,HMAC-SHA256-128,ECDSA-Signature,Diffie-Hellman,DH19,True,True,14400,False,True,False,0x2B969669,0x56F12C16,Web,TCP,IPv4,50,2035,874,42,832,1,624,184,0.43,545376,180879,364497,0.3317,2325.581,Low,96,Low,Informational,No major policy violations detected,0.946,0.781,IKEv2|Tunnel|AES-256-CBC|DH19|True|IPv4|Web
IPSEC-021-08,ipsec-021-08.pcap,train,synthetic_lab_ground_truth,26160,IKEv2,ESP,Tunnel,IPv4,AES-256-CBC,HMAC-SHA256-128,ECDSA-Signature,Diffie-Hellman,DH19,True,True,28800,False,True,False,0x78C4C86F,0x6E5CDDB4,Email,TCP,IPv4,50,560,807,12,795,1,478,142,1.44,385746,197363,188383,0.5116,694.444,Low,96,Low,Informational,No major policy violations detected,0.88,0.703,IKEv2|Tunnel|AES-256-CBC|DH19|True|IPv4|Email
IPSEC-021-09,ipsec-021-09.pcap,train,synthetic_lab_ground_truth,26160,IKEv2,ESP,Tunnel,IPv4,AES-256-CBC,HMAC-SHA256-128,ECDSA-Signature,Diffie-Hellman,DH19,True,True,7200,False,True,False,0xDB054FD3,0x76828D07,File-Transfer,TCP,IPv4,50,2294,1126,11,1115,1,880,167,0.49,990880,522220,468660,0.527,2040.816,Low,96,Low,Informational,No major policy violations detected,0.849,0.867,IKEv2|Tunnel|AES-256-CBC|DH19|True|IPv4|File-Transfer
IPSEC-021-10,ipsec-021-10.pcap,train,synthetic_lab_ground_truth,26160,IKEv2,ESP,Tunnel,IPv4,AES-256-CBC,HMAC-SHA256-128,ECDSA-Signature,Diffie-Hellman,DH19,True,True,7200,False,True,False,0xF0882BF8,0xC4B874D7,VoIP,UDP,IPv4,50,1560,138,19,119,0,224,62,0.09,30912,17464,13448,0.565,10000.0,Medium,96,Low,Informational,No major policy violations detected,0.92,0.82,IKEv2|Tunnel|AES-256-CBC|DH19|True|IPv4|VoIP
IPSEC-021-11,ipsec-021-11.pcap,train,synthetic_lab_ground_truth,26160,IKEv2,ESP,Tunnel,IPv4,AES-256-CBC,HMAC-SHA256-128,ECDSA-Signature,Diffie-Hellman,DH19,True,True,28800,True,True,True,0xEF0F2F27,0x7E148898,ICMP,ICMP/ICMPv6,IPv4,50,148,68,23,45,1,106,17,0.46,7208,3079,4129,0.4272,2173.913,Low,96,Low,Informational,No major policy violations detected,0.882,0.977,IKEv2|Tunnel|AES-256-CBC|DH19|True|IPv4|ICMP
IPSEC-021-12,ipsec-021-12.pcap,train,synthetic_lab_ground_truth,26160,IKEv2,ESP,Tunnel,IPv4,AES-256-CBC,HMAC-SHA256-128,ECDSA-Signature,Diffie-Hellman,DH19,True,True,7200,True,True,True,0x6650A969,0xE2C9C3B2,Video,TCP/QUIC,IPv4,50,3549,806,10,796,1,514,117,0.23,414284,169789,244495,0.4098,4347.826,Medium,96,Low,Informational,No major policy violations detected,0.911,0.787,IKEv2|Tunnel|AES-256-CBC|DH19|True|IPv4|Video
IPSEC-021-13,ipsec-021-13.pcap,train,synthetic_lab_ground_truth,26160,IKEv2,ESP,Tunnel,IPv4,AES-256-CBC,HMAC-SHA256-128,ECDSA-Signature,Diffie-Hellman,DH19,True,True,7200,True,True,True,0x3FFE8632,0xF3115230,Chat,TCP,IPv4,50,1063,405,19,386,0,213,53,0.38,86265,53420,32845,0.6193,2631.579,Low,96,Low,Informational,No major policy violations detected,0.914,0.735,IKEv2|Tunnel|AES-256-CBC|DH19|True|IPv4|Chat
IPSEC-021-14,ipsec-021-14.pcap,train,synthetic_lab_ground_truth,26160,IKEv2,ESP,Tunnel,IPv4,AES-256-CBC,HMAC-SHA256-128,ECDSA-Signature,Diffie-Hellman,DH19,True,True,7200,False,True,False,0xA4544356,0x83EEF23F,Web,TCP,IPv4,50,1131,456,25,431,1,601,202,0.4,274056,86049,188007,0.314,2500.0,Low,96,Low,Informational,No major policy violations detected,0.865,0.759,IKEv2|Tunnel|AES-256-CBC|DH19|True|IPv4|Web
IPSEC-021-15,ipsec-021-15.pcap,validation,synthetic_lab_ground_truth,26160,IKEv2,ESP,Tunnel,IPv4,AES-256-CBC,HMAC-SHA256-128,ECDSA-Signature,Diffie-Hellman,DH19,True,True,28800,True,True,True,0x5FCF0333,0x90A922FC,Email,TCP,IPv4,50,601,841,14,827,0,469,155,1.4,394429,216855,177574,0.5498,714.286,Low,96,Low,Informational,No major policy violations detected,0.847,0.786,IKEv2|Tunnel|AES-256-CBC|DH19|True|IPv4|Email
IPSEC-021-16,ipsec-021-16.pcap,validation,synthetic_lab_ground_truth,26160,IKEv2,ESP,Tunnel,IPv4,AES-256-CBC,HMAC-SHA256-128,ECDSA-Signature,Diffie-Hellman,DH19,True,True,28800,False,True,False,0xFA2C3FEC,0x22BDBC07,File-Transfer,TCP,IPv4,50,3026,1101,12,1089,2,849,195,0.36,934749,551083,383666,0.5896,2777.778,Low,96,Low,Informational,No major policy violations detected,0.886,0.851,IKEv2|Tunnel|AES-256-CBC|DH19|True|IPv4|File-Transfer
IPSEC-021-17,ipsec-021-17.pcap,validation,synthetic_lab_ground_truth,26160,IKEv2,ESP,Tunnel,IPv4,AES-256-CBC,HMAC-SHA256-128,ECDSA-Signature,Diffie-Hellman,DH19,True,True,28800,True,True,True,0x63B58F30,0xBCBBC1C0,VoIP,UDP,IPv4,50,3275,251,25,226,1,196,49,0.08,49196,18014,31182,0.3662,10000.0,Medium,96,Low,Informational,No major policy violations detected,0.877,0.797,IKEv2|Tunnel|AES-256-CBC|DH19|True|IPv4|VoIP
IPSEC-021-18,ipsec-021-18.pcap,test,synthetic_lab_ground_truth,26160,IKEv2,ESP,Tunnel,IPv4,AES-256-CBC,HMAC-SHA256-128,ECDSA-Signature,Diffie-Hellman,DH19,True,False,3600,False,True,False,0x2CEC157C,0x9683C335,ICMP,ICMP/ICMPv6,IPv4,50,192,72,34,38,0,97,25,0.38,6984,2541,4443,0.3639,2631.579,Low,71,Medium,Critical,Replay protection disabled,0.944,0.917,IKEv2|Tunnel|AES-256-CBC|DH19|True|IPv4|ICMP
IPSEC-021-19,ipsec-021-19.pcap,test,synthetic_lab_ground_truth,26160,IKEv2,ESP,Tunnel,IPv4,AES-256-CBC,HMAC-SHA256-128,ECDSA-Signature,Diffie-Hellman,DH19,True,True,28800,True,True,True,0x79B10936,0x5216F43F,Video,TCP/QUIC,IPv4,50,5969,1527,35,1492,0,457,144,0.26,697839,283791,414048,0.4067,3846.154,Medium,96,Low,Informational,No major policy violations detected,0.933,0.877,IKEv2|Tunnel|AES-256-CBC|DH19|True|IPv4|Video
IPSEC-021-20,ipsec-021-20.pcap,test,synthetic_lab_ground_truth,26160,IKEv2,ESP,Tunnel,IPv4,AES-256-CBC,HMAC-SHA256-128,ECDSA-Signature,Diffie-Hellman,DH19,True,True,7200,False,True,False,0xE8228630,0x8B4388FB,Chat,TCP,IPv4,50,857,313,16,297,0,306,73,0.37,95778,48943,46835,0.511,2702.703,Low,96,Low,Informational,No major policy violations detected,0.896,0.728,IKEv2|Tunnel|AES-256-CBC|DH19|True|IPv4|Chat
IPSEC-022-01,ipsec-022-01.pcap,train,synthetic_lab_ground_truth,26160,IKEv1,ESP,Tunnel,IPv4,AES-256-CBC,HMAC-SHA256-128,RSA-Signature,Diffie-Hellman,DH20,False,True,3600,False,True,False,0x23D3633D,0xFF25746F,Email,TCP,IPv4,50,491,556,34,522,0,499,167,1.13,277444,162942,114502,0.5873,884.956,Low,69,High,High,Legacy IKE version detected; Perfect Forward Secrecy disabled,0.818,0.787,IKEv1|Tunnel|AES-256-CBC|DH20|False|IPv4|Email
IPSEC-022-02,ipsec-022-02.pcap,train,synthetic_lab_ground_truth,26160,IKEv1,ESP,Tunnel,IPv4,AES-256-CBC,HMAC-SHA256-128,RSA-Signature,Diffie-Hellman,DH20,False,True,86400,True,True,True,0x75E4A56E,0x88E03A1B,File-Transfer,TCP,IPv4,50,4374,1989,40,1949,1,935,280,0.45,1859715,828371,1031344,0.4454,2222.222,Low,69,High,High,Legacy IKE version detected; Perfect Forward Secrecy disabled,0.767,0.823,IKEv1|Tunnel|AES-256-CBC|DH20|False|IPv4|File-Transfer
IPSEC-022-03,ipsec-022-03.pcap,train,synthetic_lab_ground_truth,26160,IKEv1,ESP,Tunnel,IPv4,AES-256-CBC,HMAC-SHA256-128,RSA-Signature,Diffie-Hellman,DH20,False,True,3600,False,True,False,0xE1B7F0A4,0xEAD9CEEF,VoIP,UDP,IPv4,50,3151,241,8,233,1,243,48,0.08,58563,31167,27396,0.5322,10000.0,Medium,69,High,High,Legacy IKE version detected; Perfect Forward Secrecy disabled,0.76,0.829,IKEv1|Tunnel|AES-256-CBC|DH20|False|IPv4|VoIP
IPSEC-022-04,ipsec-022-04.pcap,train,synthetic_lab_ground_truth,26160,IKEv1,ESP,Tunnel,IPv4,AES-256-CBC,HMAC-SHA256-128,RSA-Signature,Diffie-Hellman,DH20,False,True,28800,False,True,False,0xB057D70B,0x6D8976FD,ICMP,ICMP/ICMPv6,IPv4,50,270,113,29,84,0,91,19,0.42,10283,4612,5671,0.4486,2380.952,Low,69,High,High,Legacy IKE version detected; Perfect Forward Secrecy disabled,0.772,0.897,IKEv1|Tunnel|AES-256-CBC|DH20|False|IPv4|ICMP
IPSEC-022-05,ipsec-022-05.pcap,train,synthetic_lab_ground_truth,26160,IKEv1,ESP,Tunnel,IPv4,AES-256-CBC,HMAC-SHA256-128,RSA-Signature,Diffie-Hellman,DH20,False,True,1800,True,True,True,0xC9D13777,0x4C59AAD0,Video,TCP/QUIC,IPv4,50,4923,1070,14,1056,1,489,118,0.22,523230,141140,382090,0.2697,4545.455,Medium,69,High,High,Legacy IKE version detected; Perfect Forward Secrecy disabled,0.79,0.791,IKEv1|Tunnel|AES-256-CBC|DH20|False|IPv4|Video
IPSEC-022-06,ipsec-022-06.pcap,train,synthetic_lab_ground_truth,26160,IKEv1,ESP,Tunnel,IPv4,AES-256-CBC,HMAC-SHA256-128,RSA-Signature,Diffie-Hellman,DH20,False,True,3600,False,True,False,0xBB9E56BC,0x99DCD350,Chat,TCP,IPv4,50,708,272,14,258,0,241,62,0.38,65552,36748,28804,0.5606,2631.579,Low,69,High,High,Legacy IKE version detected; Perfect Forward Secrecy disabled,0.753,0.672,IKEv1|Tunnel|AES-256-CBC|DH20|False|IPv4|Chat
IPSEC-022-07,ipsec-022-07.pcap,train,synthetic_lab_ground_truth,26160,IKEv1,ESP,Tunnel,IPv4,AES-256-CBC,HMAC-SHA256-128,RSA-Signature,Diffie-Hellman,DH20,False,True,3600,True,True,True,0x2FF927B0,0xBAF052D6,Web,TCP,IPv4,50,2073,888,40,848,0,556,57,0.43,493728,233805,259923,0.4736,2325.581,Low,69,High,High,Legacy IKE version detected; Perfect Forward Secrecy disabled,0.798,0.698,IKEv1|Tunnel|AES-256-CBC|DH20|False|IPv4|Web
IPSEC-022-08,ipsec-022-08.pcap,train,synthetic_lab_ground_truth,26160,IKEv1,ESP,Tunnel,IPv4,AES-256-CBC,HMAC-SHA256-128,RSA-Signature,Diffie-Hellman,DH20,False,True,172800,True,True,True,0xE57FE458,0x8FBF57C5,Email,TCP,IPv4,50,621,733,28,705,0,498,103,1.18,365034,167576,197458,0.4591,847.458,Low,61,High,High,Legacy IKE version detected; Perfect Forward Secrecy disabled; Long Security Association lifetime,0.767,0.67,IKEv1|Tunnel|AES-256-CBC|DH20|False|IPv4|Email
IPSEC-022-09,ipsec-022-09.pcap,train,synthetic_lab_ground_truth,26160,IKEv1,ESP,Tunnel,IPv4,AES-256-CBC,HMAC-SHA256-128,RSA-Signature,Diffie-Hellman,DH20,False,True,3600,False,True,False,0xA304459F,0xF43A5F8B,File-Transfer,TCP,IPv4,50,3406,1663,12,1651,0,933,287,0.49,1551579,833763,717816,0.5374,2040.816,Low,69,High,High,Legacy IKE version detected; Perfect Forward Secrecy disabled,0.777,0.815,IKEv1|Tunnel|AES-256-CBC|DH20|False|IPv4|File-Transfer
IPSEC-022-10,ipsec-022-10.pcap,train,synthetic_lab_ground_truth,26160,IKEv1,ESP,Tunnel,IPv4,AES-256-CBC,HMAC-SHA256-128,RSA-Signature,Diffie-Hellman,DH20,False,True,300,False,True,False,0x99F6DBD0,0xCE0C51C5,VoIP,UDP,IPv4,50,2648,210,37,173,0,183,31,0.08,38430,20038,18392,0.5214,10000.0,Medium,69,High,High,Legacy IKE version detected; Perfect Forward Secrecy disabled,0.786,0.758,IKEv1|Tunnel|AES-256-CBC|DH20|False|IPv4|VoIP
IPSEC-022-11,ipsec-022-11.pcap,train,synthetic_lab_ground_truth,26160,IKEv1,ESP,Tunnel,IPv4,AES-256-CBC,HMAC-SHA256-128,RSA-Signature,Diffie-Hellman,DH20,False,True,14400,True,True,True,0x42B2A176,0xA032A20A,ICMP,ICMP/ICMPv6,IPv4,50,208,94,24,70,1,86,33,0.45,8084,4782,3302,0.5916,2222.222,Low,69,High,High,Legacy IKE version detected; Perfect Forward Secrecy disabled,0.823,0.95,IKEv1|Tunnel|AES-256-CBC|DH20|False|IPv4|ICMP
IPSEC-022-12,ipsec-022-12.pcap,train,synthetic_lab_ground_truth,26160,IKEv1,ESP,Tunnel,IPv4,AES-256-CBC,HMAC-SHA256-128,RSA-Signature,Diffie-Hellman,DH20,False,True,86400,True,True,True,0xA406697A,0xA07E540E,Video,TCP/QUIC,IPv4,50,3530,920,37,883,0,396,133,0.26,364320,122083,242237,0.3351,3846.154,Medium,69,High,High,Legacy IKE version detected; Perfect Forward Secrecy disabled,0.786,0.846,IKEv1|Tunnel|AES-256-CBC|DH20|False|IPv4|Video
IPSEC-022-13,ipsec-022-13.pcap,train,synthetic_lab_ground_truth,26160,IKEv1,ESP,Tunnel,IPv4,AES-256-CBC,HMAC-SHA256-128,RSA-Signature,Diffie-Hellman,DH20,False,True,7200,False,True,False,0xCA3AA401,0xBD74C41D,Chat,TCP,IPv4,50,1322,403,8,395,1,244,44,0.3,98332,36117,62215,0.3673,3333.333,Low,69,High,High,Legacy IKE version detected; Perfect Forward Secrecy disabled,0.792,0.685,IKEv1|Tunnel|AES-256-CBC|DH20|False|IPv4|Chat
IPSEC-022-14,ipsec-022-14.pcap,train,synthetic_lab_ground_truth,26160,IKEv1,ESP,Tunnel,IPv4,AES-256-CBC,HMAC-SHA256-128,RSA-Signature,Diffie-Hellman,DH20,False,True,7200,False,True,False,0x1D117E86,0xF5724830,Web,TCP,IPv4,50,2019,912,21,891,2,571,137,0.45,520752,238702,282050,0.4584,2222.222,Low,69,High,High,Legacy IKE version detected; Perfect Forward Secrecy disabled,0.782,0.778,IKEv1|Tunnel|AES-256-CBC|DH20|False|IPv4|Web
IPSEC-022-15,ipsec-022-15.pcap,validation,synthetic_lab_ground_truth,26160,IKEv1,ESP,Tunnel,IPv4,AES-256-CBC,HMAC-SHA256-128,RSA-Signature,Diffie-Hellman,DH20,False,True,1800,False,True,False,0x1E7D767B,0x8C039A13,Email,TCP,IPv4,50,438,452,26,426,0,413,87,1.03,186676,102799,83877,0.5507,970.874,Low,69,High,High,Legacy IKE version detected; Perfect Forward Secrecy disabled,0.789,0.782,IKEv1|Tunnel|AES-256-CBC|DH20|False|IPv4|Email
IPSEC-022-16,ipsec-022-16.pcap,validation,synthetic_lab_ground_truth,26160,IKEv1,ESP,Tunnel,IPv4,AES-256-CBC,HMAC-SHA256-128,RSA-Signature,Diffie-Hellman,DH20,False,True,7200,True,True,True,0xEC735C72,0xA2273F58,File-Transfer,TCP,IPv4,50,3436,1411,22,1389,2,892,194,0.41,1258612,472916,785696,0.3757,2439.024,Low,69,High,High,Legacy IKE version detected; Perfect Forward Secrecy disabled,0.8,0.806,IKEv1|Tunnel|AES-256-CBC|DH20|False|IPv4|File-Transfer
IPSEC-022-17,ipsec-022-17.pcap,validation,synthetic_lab_ground_truth,26160,IKEv1,ESP,Tunnel,IPv4,AES-256-CBC,HMAC-SHA256-128,RSA-Signature,Diffie-Hellman,DH20,False,True,3600,False,True,False,0x3D8D1E3B,0x92B0C103,VoIP,UDP,IPv4,50,3588,295,25,270,1,236,44,0.08,69620,35134,34486,0.5047,10000.0,Medium,69,High,High,Legacy IKE version detected; Perfect Forward Secrecy disabled,0.809,0.785,IKEv1|Tunnel|AES-256-CBC|DH20|False|IPv4|VoIP
IPSEC-022-18,ipsec-022-18.pcap,test,synthetic_lab_ground_truth,26160,IKEv1,ESP,Tunnel,IPv4,AES-256-CBC,HMAC-SHA256-128,RSA-Signature,Diffie-Hellman,DH20,False,True,1800,True,True,True,0x338852C2,0x5281EB8B,ICMP,ICMP/ICMPv6,IPv4,50,241,96,43,53,2,110,32,0.4,10560,4172,6388,0.3951,2500.0,Low,69,High,High,Legacy IKE version detected; Perfect Forward Secrecy disabled,0.772,0.921,IKEv1|Tunnel|AES-256-CBC|DH20|False|IPv4|ICMP
IPSEC-022-19,ipsec-022-19.pcap,test,synthetic_lab_ground_truth,26160,IKEv1,ESP,Tunnel,IPv4,AES-256-CBC,HMAC-SHA256-128,RSA-Signature,Diffie-Hellman,DH20,False,False,86400,False,True,False,0x578BB907,0x971387B9,Video,TCP/QUIC,IPv4,50,6299,1777,28,1749,1,573,174,0.28,1018221,228407,789814,0.2243,3571.429,Medium,44,Critical,Critical,Legacy IKE version detected; Perfect Forward Secrecy disabled; Replay protection disabled,0.788,0.872,IKEv1|Tunnel|AES-256-CBC|DH20|False|IPv4|Video
IPSEC-022-20,ipsec-022-20.pcap,test,synthetic_lab_ground_truth,26160,IKEv1,ESP,Tunnel,IPv4,AES-256-CBC,HMAC-SHA256-128,RSA-Signature,Diffie-Hellman,DH20,False,True,3600,False,True,False,0x3539CA86,0x18520268,Chat,TCP,IPv4,50,1566,566,8,558,0,254,58,0.36,143764,61045,82719,0.4246,2777.778,Low,69,High,High,Legacy IKE version detected; Perfect Forward Secrecy disabled,0.792,0.714,IKEv1|Tunnel|AES-256-CBC|DH20|False|IPv4|Chat
IPSEC-023-01,ipsec-023-01.pcap,train,synthetic_lab_ground_truth,26160,IKEv2,ESP,Tunnel,IPv4,AES-256-CBC,HMAC-SHA256-128,RSA-Signature,Diffie-Hellman,DH2,True,True,28800,True,True,True,0x4617CD43,0xFB4535F2,Email,TCP,IPv4,50,484,676,36,640,1,477,142,1.4,322452,169036,153416,0.5242,714.286,Low,71,Medium,Critical,Weak/legacy DH group,0.936,0.783,IKEv2|Tunnel|AES-256-CBC|DH2|True|IPv4|Email
IPSEC-023-02,ipsec-023-02.pcap,train,synthetic_lab_ground_truth,26160,IKEv2,ESP,Tunnel,IPv4,AES-256-CBC,HMAC-SHA256-128,RSA-Signature,Diffie-Hellman,DH2,True,True,1800,False,True,False,0xCFDF27D5,0x1DEE76D9,File-Transfer,TCP,IPv4,50,3212,1293,27,1266,0,931,172,0.4,1203783,571257,632526,0.4746,2500.0,Low,71,Medium,Critical,Weak/legacy DH group,0.862,0.801,IKEv2|Tunnel|AES-256-CBC|DH2|True|IPv4|File-Transfer
IPSEC-023-03,ipsec-023-03.pcap,train,synthetic_lab_ground_truth,26160,IKEv2,ESP,Tunnel,IPv4,AES-256-CBC,HMAC-SHA256-128,RSA-Signature,Diffie-Hellman,DH2,True,True,28800,True,True,True,0xF7507A0E,0x7852A540,VoIP,UDP,IPv4,50,2642,199,25,174,1,233,78,0.08,46367,16776,29591,0.3618,10000.0,Medium,71,Medium,Critical,Weak/legacy DH group,0.861,0.786,IKEv2|Tunnel|AES-256-CBC|DH2|True|IPv4|VoIP
IPSEC-023-04,ipsec-023-04.pcap,train,synthetic_lab_ground_truth,26160,IKEv2,ESP,Tunnel,IPv4,AES-256-CBC,HMAC-SHA256-128,RSA-Signature,Diffie-Hellman,DH2,True,True,7200,True,True,True,0x4DBC45E9,0xE83B02A3,ICMP,ICMP/ICMPv6,IPv4,50,239,106,40,66,0,105,17,0.44,11130,4041,7089,0.3631,2272.727,Low,71,Medium,Critical,Weak/legacy DH group,0.885,0.915,IKEv2|Tunnel|AES-256-CBC|DH2|True|IPv4|ICMP
IPSEC-023-05,ipsec-023-05.pcap,train,synthetic_lab_ground_truth,26160,IKEv2,ESP,Tunnel,IPv4,AES-256-CBC,HMAC-SHA256-128,RSA-Signature,Diffie-Hellman,DH2,True,True,86400,False,True,False,0xC17FD0DE,0x138608CE,Video,TCP/QUIC,IPv4,50,5057,1302,32,1270,1,370,96,0.26,481740,163476,318264,0.3393,3846.154,Medium,71,Medium,Critical,Weak/legacy DH group,0.946,0.801,IKEv2|Tunnel|AES-256-CBC|DH2|True|IPv4|Video
IPSEC-023-06,ipsec-023-06.pcap,train,synthetic_lab_ground_truth,26160,IKEv2,ESP,Tunnel,IPv4,AES-256-CBC,HMAC-SHA256-128,RSA-Signature,Diffie-Hellman,DH2,True,True,28800,False,True,False,0xD2038120,0xCE155DD8,Chat,TCP,IPv4,50,1590,568,31,537,0,225,61,0.36,127800,71060,56740,0.556,2777.778,Low,71,Medium,Critical,Weak/legacy DH group,0.889,0.73,IKEv2|Tunnel|AES-256-CBC|DH2|True|IPv4|Chat
IPSEC-023-07,ipsec-023-07.pcap,train,synthetic_lab_ground_truth,26160,IKEv2,ESP,Tunnel,IPv4,AES-256-CBC,HMAC-SHA256-128,RSA-Signature,Diffie-Hellman,DH2,True,False,7200,False,True,False,0xCF6F7362,0x6C5F678B,Web,TCP,IPv4,50,2229,967,18,949,2,611,166,0.43,590837,213562,377275,0.3615,2325.581,Low,46,Critical,Critical,Weak/legacy DH group; Replay protection disabled,0.912,0.756,IKEv2|Tunnel|AES-256-CBC|DH2|True|IPv4|Web
IPSEC-023-08,ipsec-023-08.pcap,train,synthetic_lab_ground_truth,26160,IKEv2,ESP,Tunnel,IPv4,AES-256-CBC,HMAC-SHA256-128,RSA-Signature,Diffie-Hellman,DH2,True,True,3600,False,True,False,0x59AB4E69,0x9A691BA1,Email,TCP,IPv4,50,684,799,11,788,2,484,104,1.17,386716,201741,184975,0.5217,854.701,Low,71,Medium,Critical,Weak/legacy DH group,0.947,0.752,IKEv2|Tunnel|AES-256-CBC|DH2|True|IPv4|Email
IPSEC-023-09,ipsec-023-09.pcap,train,synthetic_lab_ground_truth,26160,IKEv2,ESP,Tunnel,IPv4,AES-256-CBC,HMAC-SHA256-128,RSA-Signature,Diffie-Hellman,DH2,True,True,3600,False,True,False,0xCCFCA8B3,0xF0F9AAA3,File-Transfer,TCP,IPv4,50,4196,1779,17,1762,0,781,204,0.42,1389399,1026015,363384,0.7385,2380.952,Low,71,Medium,Critical,Weak/legacy DH group,0.899,0.78,IKEv2|Tunnel|AES-256-CBC|DH2|True|IPv4|File-Transfer
IPSEC-023-10,ipsec-023-10.pcap,train,synthetic_lab_ground_truth,26160,IKEv2,ESP,Tunnel,IPv4,AES-256-CBC,HMAC-SHA256-128,RSA-Signature,Diffie-Hellman,DH2,True,True,3600,True,True,True,0x354D7309,0x26E1A04B,VoIP,UDP,IPv4,50,2784,236,15,221,0,244,66,0.08,57584,26353,31231,0.4576,10000.0,Medium,71,Medium,Critical,Weak/legacy DH group,0.891,0.827,IKEv2|Tunnel|AES-256-CBC|DH2|True|IPv4|VoIP
IPSEC-023-11,ipsec-023-11.pcap,train,synthetic_lab_ground_truth,26160,IKEv2,ESP,Tunnel,IPv4,AES-256-CBC,HMAC-SHA256-128,RSA-Signature,Diffie-Hellman,DH2,True,True,172800,False,True,False,0x7DC85DC5,0xBD14B743,ICMP,ICMP/ICMPv6,IPv4,50,197,79,30,49,0,114,37,0.4,9006,4624,4382,0.5135,2500.0,Low,63,High,Critical,Weak/legacy DH group; Long Security Association lifetime,0.915,0.943,IKEv2|Tunnel|AES-256-CBC|DH2|True|IPv4|ICMP
IPSEC-023-12,ipsec-023-12.pcap,train,synthetic_lab_ground_truth,26160,IKEv2,ESP,Tunnel,IPv4,AES-256-CBC,HMAC-SHA256-128,RSA-Signature,Diffie-Hellman,DH2,True,True,3600,False,True,False,0xA4453D82,0xB7D9CAD6,Video,TCP/QUIC,IPv4,50,6224,1599,32,1567,2,458,105,0.26,732342,338025,394317,0.4616,3846.154,Medium,71,Medium,Critical,Weak/legacy DH group,0.939,0.851,IKEv2|Tunnel|AES-256-CBC|DH2|True|IPv4|Video
IPSEC-023-13,ipsec-023-13.pcap,train,synthetic_lab_ground_truth,26160,IKEv2,ESP,Tunnel,IPv4,AES-256-CBC,HMAC-SHA256-128,RSA-Signature,Diffie-Hellman,DH2,True,False,28800,True,True,True,0x845FDF03,0xD9E01D8B,Chat,TCP,IPv4,50,825,257,33,224,2,244,62,0.31,62708,33767,28941,0.5385,3225.806,Low,46,Critical,Critical,Weak/legacy DH group; Replay protection disabled,0.893,0.694,IKEv2|Tunnel|AES-256-CBC|DH2|True|IPv4|Chat
IPSEC-023-14,ipsec-023-14.pcap,train,synthetic_lab_ground_truth,26160,IKEv2,ESP,Tunnel,IPv4,AES-256-CBC,HMAC-SHA256-128,RSA-Signature,Diffie-Hellman,DH2,True,True,7200,True,True,True,0x2A22F1B0,0xAC8D4B2C,Web,TCP,IPv4,50,2159,858,12,846,0,605,147,0.4,519090,158515,360575,0.3054,2500.0,Low,71,Medium,Critical,Weak/legacy DH group,0.905,0.81,IKEv2|Tunnel|AES-256-CBC|DH2|True|IPv4|Web
IPSEC-023-15,ipsec-023-15.pcap,validation,synthetic_lab_ground_truth,26160,IKEv2,ESP,Tunnel,IPv4,AES-256-CBC,HMAC-SHA256-128,RSA-Signature,Diffie-Hellman,DH2,True,True,28800,False,True,False,0x7EDD3E52,0xF00E2EEB,Email,TCP,IPv4,50,519,655,40,615,0,431,76,1.26,282305,146693,135612,0.5196,793.651,Low,71,Medium,Critical,Weak/legacy DH group,0.889,0.811,IKEv2|Tunnel|AES-256-CBC|DH2|True|IPv4|Email
IPSEC-023-16,ipsec-023-16.pcap,validation,synthetic_lab_ground_truth,26160,IKEv2,ESP,Tunnel,IPv4,AES-256-CBC,HMAC-SHA256-128,RSA-Signature,Diffie-Hellman,DH2,True,True,86400,False,True,False,0x48C9DE73,0xFE3629CC,File-Transfer,TCP,IPv4,50,3932,2061,22,2039,0,928,230,0.52,1912608,1008050,904558,0.5271,1923.077,Low,71,Medium,Critical,Weak/legacy DH group,0.881,0.87,IKEv2|Tunnel|AES-256-CBC|DH2|True|IPv4|File-Transfer
IPSEC-023-17,ipsec-023-17.pcap,validation,synthetic_lab_ground_truth,26160,IKEv2,ESP,Tunnel,IPv4,AES-256-CBC,HMAC-SHA256-128,RSA-Signature,Diffie-Hellman,DH2,True,True,172800,False,True,False,0xDC0EE1B2,0xCDF1D829,VoIP,UDP,IPv4,50,2767,230,33,197,0,195,39,0.08,44850,15114,29736,0.337,10000.0,Medium,63,High,Critical,Weak/legacy DH group; Long Security Association lifetime,0.891,0.794,IKEv2|Tunnel|AES-256-CBC|DH2|True|IPv4|VoIP
IPSEC-023-18,ipsec-023-18.pcap,test,synthetic_lab_ground_truth,26160,IKEv2,ESP,Tunnel,IPv4,AES-256-CBC,HMAC-SHA256-128,RSA-Signature,Diffie-Hellman,DH2,True,True,7200,False,True,False,0x5181C8F8,0x7299EE84,ICMP,ICMP/ICMPv6,IPv4,50,322,137,35,102,2,124,47,0.43,16988,7810,9178,0.4598,2325.581,Low,71,Medium,Critical,Weak/legacy DH group,0.904,0.896,IKEv2|Tunnel|AES-256-CBC|DH2|True|IPv4|ICMP
IPSEC-023-19,ipsec-023-19.pcap,test,synthetic_lab_ground_truth,26160,IKEv2,ESP,Tunnel,IPv4,AES-256-CBC,HMAC-SHA256-128,RSA-Signature,Diffie-Hellman,DH2,True,True,1800,False,True,False,0xB87E3599,0x809A35CF,Video,TCP/QUIC,IPv4,50,5406,1493,24,1469,0,515,154,0.28,768895,330744,438151,0.4302,3571.429,Medium,71,Medium,Critical,Weak/legacy DH group,0.902,0.81,IKEv2|Tunnel|AES-256-CBC|DH2|True|IPv4|Video
IPSEC-023-20,ipsec-023-20.pcap,test,synthetic_lab_ground_truth,26160,IKEv2,ESP,Tunnel,IPv4,AES-256-CBC,HMAC-SHA256-128,RSA-Signature,Diffie-Hellman,DH2,True,True,172800,False,True,False,0xC4467755,0x54C837A0,Chat,TCP,IPv4,50,1208,456,44,412,0,245,75,0.38,111720,44700,67020,0.4001,2631.579,Low,63,High,Critical,Weak/legacy DH group; Long Security Association lifetime,0.933,0.771,IKEv2|Tunnel|AES-256-CBC|DH2|True|IPv4|Chat
IPSEC-024-01,ipsec-024-01.pcap,train,synthetic_lab_ground_truth,26160,IKEv2,ESP,Tunnel,IPv4,AES-128-CBC,HMAC-SHA1-96,PSK,Diffie-Hellman,DH2,False,True,7200,False,True,False,0x4D2B4F5C,0xAFD0A5ED,Email,TCP,IPv4,50,607,851,16,835,0,526,113,1.4,447626,204082,243544,0.4559,714.286,Low,35,Critical,Critical,Legacy integrity algorithm: HMAC-SHA1-96; Weak/legacy DH group; Perfect Forward Secrecy disabled,0.851,0.747,IKEv2|Tunnel|AES-128-CBC|DH2|False|IPv4|Email
IPSEC-024-02,ipsec-024-02.pcap,train,synthetic_lab_ground_truth,26160,IKEv2,ESP,Tunnel,IPv4,AES-128-CBC,HMAC-SHA1-96,PSK,Diffie-Hellman,DH2,False,True,86400,True,True,True,0xE16B029C,0x670CF764,File-Transfer,TCP,IPv4,50,1740,609,16,593,1,872,233,0.35,531048,219615,311433,0.4136,2857.143,Low,35,Critical,Critical,Legacy integrity algorithm: HMAC-SHA1-96; Weak/legacy DH group; Perfect Forward Secrecy disabled,0.872,0.807,IKEv2|Tunnel|AES-128-CBC|DH2|False|IPv4|File-Transfer
IPSEC-024-03,ipsec-024-03.pcap,train,synthetic_lab_ground_truth,26160,IKEv2,ESP,Tunnel,IPv4,AES-128-CBC,HMAC-SHA1-96,PSK,Diffie-Hellman,DH2,False,True,86400,False,True,False,0xB11CB35D,0x3E29E522,VoIP,UDP,IPv4,50,2340,175,39,136,0,263,84,0.07,46025,24272,21753,0.5274,10000.0,Medium,35,Critical,Critical,Legacy integrity algorithm: HMAC-SHA1-96; Weak/legacy DH group; Perfect Forward Secrecy disabled,0.921,0.743,IKEv2|Tunnel|AES-128-CBC|DH2|False|IPv4|VoIP
IPSEC-024-04,ipsec-024-04.pcap,train,synthetic_lab_ground_truth,26160,IKEv2,ESP,Tunnel,IPv4,AES-128-CBC,HMAC-SHA1-96,PSK,Diffie-Hellman,DH2,False,True,3600,False,True,False,0x4522FC4A,0xAF98A726,ICMP,ICMP/ICMPv6,IPv4,50,194,66,12,54,1,84,22,0.34,5544,2917,2627,0.5263,2941.176,Low,35,Critical,Critical,Legacy integrity algorithm: HMAC-SHA1-96; Weak/legacy DH group; Perfect Forward Secrecy disabled,0.835,0.939,IKEv2|Tunnel|AES-128-CBC|DH2|False|IPv4|ICMP
IPSEC-024-05,ipsec-024-05.pcap,train,synthetic_lab_ground_truth,26160,IKEv2,ESP,Tunnel,IPv4,AES-128-CBC,HMAC-SHA1-96,PSK,Diffie-Hellman,DH2,False,True,1800,False,True,False,0x5FFBFED8,0x2E1579B6,Video,TCP/QUIC,IPv4,50,4385,1383,28,1355,0,415,105,0.32,573945,168340,405605,0.2933,3125.0,Medium,35,Critical,Critical,Legacy integrity algorithm: HMAC-SHA1-96; Weak/legacy DH group; Perfect Forward Secrecy disabled,0.882,0.837,IKEv2|Tunnel|AES-128-CBC|DH2|False|IPv4|Video
IPSEC-024-06,ipsec-024-06.pcap,train,synthetic_lab_ground_truth,26160,IKEv2,ESP,Tunnel,IPv4,AES-128-CBC,HMAC-SHA1-96,PSK,Diffie-Hellman,DH2,False,True,28800,False,True,False,0xEE1FA61F,0x115734B6,Chat,TCP,IPv4,50,1305,456,35,421,0,277,82,0.35,126312,60216,66096,0.4767,2857.143,Low,35,Critical,Critical,Legacy integrity algorithm: HMAC-SHA1-96; Weak/legacy DH group; Perfect Forward Secrecy disabled,0.892,0.763,IKEv2|Tunnel|AES-128-CBC|DH2|False|IPv4|Chat
IPSEC-024-07,ipsec-024-07.pcap,train,synthetic_lab_ground_truth,26160,IKEv2,ESP,Tunnel,IPv4,AES-128-CBC,HMAC-SHA1-96,PSK,Diffie-Hellman,DH2,False,True,86400,False,True,False,0x5EEA5834,0x5C1DD9D4,Web,TCP,IPv4,50,2757,1246,11,1235,0,693,152,0.45,863478,430628,432850,0.4987,2222.222,Low,35,Critical,Critical,Legacy integrity algorithm: HMAC-SHA1-96; Weak/legacy DH group; Perfect Forward Secrecy disabled,0.896,0.761,IKEv2|Tunnel|AES-128-CBC|DH2|False|IPv4|Web
IPSEC-024-08,ipsec-024-08.pcap,train,synthetic_lab_ground_truth,26160,IKEv2,ESP,Tunnel,IPv4,AES-128-CBC,HMAC-SHA1-96,PSK,Diffie-Hellman,DH2,False,True,86400,True,True,True,0x545BD3C0,0xFDF33142,Email,TCP,IPv4,50,520,653,34,619,0,453,89,1.26,295809,146167,149642,0.4941,793.651,Low,35,Critical,Critical,Legacy integrity algorithm: HMAC-SHA1-96; Weak/legacy DH group; Perfect Forward Secrecy disabled,0.883,0.731,IKEv2|Tunnel|AES-128-CBC|DH2|False|IPv4|Email
IPSEC-024-09,ipsec-024-09.pcap,train,synthetic_lab_ground_truth,26160,IKEv2,ESP,Tunnel,IPv4,AES-128-CBC,HMAC-SHA1-96,PSK,Diffie-Hellman,DH2,False,True,7200,False,True,False,0xE054BE79,0x34C31276,File-Transfer,TCP,IPv4,50,2301,910,15,895,2,973,298,0.4,885430,536701,348729,0.6061,2500.0,Low,35,Critical,Critical,Legacy integrity algorithm: HMAC-SHA1-96; Weak/legacy DH group; Perfect Forward Secrecy disabled,0.903,0.817,IKEv2|Tunnel|AES-128-CBC|DH2|False|IPv4|File-Transfer
IPSEC-024-10,ipsec-024-10.pcap,train,synthetic_lab_ground_truth,26160,IKEv2,ESP,Tunnel,IPv4,AES-128-CBC,HMAC-SHA1-96,PSK,Diffie-Hellman,DH2,False,True,7200,True,True,True,0x5A2EBC6F,0x23DA7048,VoIP,UDP,IPv4,50,2174,180,20,160,0,179,47,0.08,32220,17874,14346,0.5548,10000.0,Medium,35,Critical,Critical,Legacy integrity algorithm: HMAC-SHA1-96; Weak/legacy DH group; Perfect Forward Secrecy disabled,0.914,0.786,IKEv2|Tunnel|AES-128-CBC|DH2|False|IPv4|VoIP
IPSEC-024-11,ipsec-024-11.pcap,train,synthetic_lab_ground_truth,26160,IKEv2,ESP,Tunnel,IPv4,AES-128-CBC,HMAC-SHA1-96,PSK,Diffie-Hellman,DH2,False,True,172800,False,True,False,0x2EC8F9B3,0x74BFD191,ICMP,ICMP/ICMPv6,IPv4,50,251,122,40,82,1,113,27,0.49,13786,7200,6586,0.5223,2040.816,Low,27,Critical,Critical,Legacy integrity algorithm: HMAC-SHA1-96; Weak/legacy DH group; Perfect Forward Secrecy disabled; Long Security Association lifetime,0.894,0.913,IKEv2|Tunnel|AES-128-CBC|DH2|False|IPv4|ICMP
IPSEC-024-12,ipsec-024-12.pcap,train,synthetic_lab_ground_truth,26160,IKEv2,ESP,Tunnel,IPv4,AES-128-CBC,HMAC-SHA1-96,PSK,Diffie-Hellman,DH2,False,True,28800,False,True,False,0xD200CE54,0x31560F0A,Video,TCP/QUIC,IPv4,50,3804,935,22,913,0,551,109,0.25,515185,196872,318313,0.3821,4000.0,Medium,35,Critical,Critical,Legacy integrity algorithm: HMAC-SHA1-96; Weak/legacy DH group; Perfect Forward Secrecy disabled,0.887,0.871,IKEv2|Tunnel|AES-128-CBC|DH2|False|IPv4|Video
IPSEC-024-13,ipsec-024-13.pcap,train,synthetic_lab_ground_truth,26160,IKEv2,ESP,Tunnel,IPv4,AES-128-CBC,HMAC-SHA1-96,PSK,Diffie-Hellman,DH2,False,True,7200,False,True,False,0x17F391BF,0x9095CCEF,Chat,TCP,IPv4,50,1623,577,42,535,1,223,74,0.36,128671,79406,49265,0.6171,2777.778,Low,35,Critical,Critical,Legacy integrity algorithm: HMAC-SHA1-96; Weak/legacy DH group; Perfect Forward Secrecy disabled,0.86,0.728,IKEv2|Tunnel|AES-128-CBC|DH2|False|IPv4|Chat
IPSEC-024-14,ipsec-024-14.pcap,train,synthetic_lab_ground_truth,26160,IKEv2,ESP,Tunnel,IPv4,AES-128-CBC,HMAC-SHA1-96,PSK,Diffie-Hellman,DH2,False,True,3600,False,True,False,0xE6AD6F78,0xB463AF12,Web,TCP,IPv4,50,1890,820,29,791,0,663,104,0.43,543660,124019,419641,0.2281,2325.581,Low,35,Critical,Critical,Legacy integrity algorithm: HMAC-SHA1-96; Weak/legacy DH group; Perfect Forward Secrecy disabled,0.893,0.787,IKEv2|Tunnel|AES-128-CBC|DH2|False|IPv4|Web
IPSEC-024-15,ipsec-024-15.pcap,validation,synthetic_lab_ground_truth,26160,IKEv2,ESP,Tunnel,IPv4,AES-128-CBC,HMAC-SHA1-96,PSK,Diffie-Hellman,DH2,False,True,86400,False,True,False,0x6620E155,0xD37DF0EB,Email,TCP,IPv4,50,676,905,17,888,1,400,137,1.34,362000,185530,176470,0.5125,746.269,Low,35,Critical,Critical,Legacy integrity algorithm: HMAC-SHA1-96; Weak/legacy DH group; Perfect Forward Secrecy disabled,0.929,0.699,IKEv2|Tunnel|AES-128-CBC|DH2|False|IPv4|Email
IPSEC-024-16,ipsec-024-16.pcap,validation,synthetic_lab_ground_truth,26160,IKEv2,ESP,Tunnel,IPv4,AES-128-CBC,HMAC-SHA1-96,PSK,Diffie-Hellman,DH2,False,True,3600,False,True,False,0x3F6BE57C,0x9D8115B4,File-Transfer,TCP,IPv4,50,3150,1517,29,1488,3,850,217,0.48,1289450,672605,616845,0.5216,2083.333,Low,35,Critical,Critical,Legacy integrity algorithm: HMAC-SHA1-96; Weak/legacy DH group; Perfect Forward Secrecy disabled,0.959,0.823,IKEv2|Tunnel|AES-128-CBC|DH2|False|IPv4|File-Transfer
IPSEC-024-17,ipsec-024-17.pcap,validation,synthetic_lab_ground_truth,26160,IKEv2,ESP,Tunnel,IPv4,AES-128-CBC,HMAC-SHA1-96,PSK,Diffie-Hellman,DH2,False,True,7200,False,True,False,0xA84273D6,0x753FF332,VoIP,UDP,IPv4,50,2397,203,18,185,2,252,80,0.08,51156,24835,26321,0.4855,10000.0,Medium,35,Critical,Critical,Legacy integrity algorithm: HMAC-SHA1-96; Weak/legacy DH group; Perfect Forward Secrecy disabled,0.874,0.802,IKEv2|Tunnel|AES-128-CBC|DH2|False|IPv4|VoIP
IPSEC-024-18,ipsec-024-18.pcap,test,synthetic_lab_ground_truth,26160,IKEv2,ESP,Tunnel,IPv4,AES-128-CBC,HMAC-SHA1-96,PSK,Diffie-Hellman,DH2,False,True,3600,False,True,False,0x1BBB813E,0xE94D8A33,ICMP,ICMP/ICMPv6,IPv4,50,235,77,20,57,1,91,19,0.33,7007,3844,3163,0.5487,3030.303,Low,35,Critical,Critical,Legacy integrity algorithm: HMAC-SHA1-96; Weak/legacy DH group; Perfect Forward Secrecy disabled,0.89,0.98,IKEv2|Tunnel|AES-128-CBC|DH2|False|IPv4|ICMP
IPSEC-024-19,ipsec-024-19.pcap,test,synthetic_lab_ground_truth,26160,IKEv2,ESP,Tunnel,IPv4,AES-128-CBC,HMAC-SHA1-96,PSK,Diffie-Hellman,DH2,False,True,28800,True,True,True,0x2849C3AD,0x16A313D7,Video,TCP/QUIC,IPv4,50,4203,1207,17,1190,0,443,106,0.29,534701,195658,339043,0.3659,3448.276,Medium,35,Critical,Critical,Legacy integrity algorithm: HMAC-SHA1-96; Weak/legacy DH group; Perfect Forward Secrecy disabled,0.962,0.836,IKEv2|Tunnel|AES-128-CBC|DH2|False|IPv4|Video
IPSEC-024-20,ipsec-024-20.pcap,test,synthetic_lab_ground_truth,26160,IKEv2,ESP,Tunnel,IPv4,AES-128-CBC,HMAC-SHA1-96,PSK,Diffie-Hellman,DH2,False,False,1800,True,True,True,0x62B70A6D,0x3C4EF3BC,Chat,TCP,IPv4,50,1148,452,13,439,0,284,52,0.39,128368,52159,76209,0.4063,2564.103,Low,20,Critical,Critical,Legacy integrity algorithm: HMAC-SHA1-96; Weak/legacy DH group; Perfect Forward Secrecy disabled; Replay protection disabled,0.929,0.702,IKEv2|Tunnel|AES-128-CBC|DH2|False|IPv4|Chat
IPSEC-025-01,ipsec-025-01.pcap,train,synthetic_lab_ground_truth,26160,IKEv2,ESP,Transport,IPv4,AES-256-CBC,HMAC-SHA256-128,RSA-Signature,Diffie-Hellman,DH14,False,True,7200,True,True,True,0x4631B793,0x2699CFE6,Email,TCP,IPv4,50,672,872,25,847,1,582,74,1.3,507504,251920,255584,0.4964,769.231,Medium,80,Medium,Medium,Older DH group; policy review recommended; Perfect Forward Secrecy disabled,0.886,0.806,IKEv2|Transport|AES-256-CBC|DH14|False|IPv4|Email
IPSEC-025-02,ipsec-025-02.pcap,train,synthetic_lab_ground_truth,26160,IKEv2,ESP,Transport,IPv4,AES-256-CBC,HMAC-SHA256-128,RSA-Signature,Diffie-Hellman,DH14,False,True,7200,False,True,False,0xFBA7E49B,0x914AC110,File-Transfer,TCP,IPv4,50,3570,1692,25,1667,1,933,184,0.47,1578636,781876,796760,0.4953,2127.66,Medium,80,Medium,Medium,Older DH group; policy review recommended; Perfect Forward Secrecy disabled,0.875,0.797,IKEv2|Transport|AES-256-CBC|DH14|False|IPv4|File-Transfer
IPSEC-025-03,ipsec-025-03.pcap,train,synthetic_lab_ground_truth,26160,IKEv2,ESP,Transport,IPv4,AES-256-CBC,HMAC-SHA256-128,RSA-Signature,Diffie-Hellman,DH14,False,True,7200,True,True,True,0x36221B64,0xF030D8A5,VoIP,UDP,IPv4,50,3574,251,34,217,1,173,57,0.07,43423,23299,20124,0.5366,10000.0,Medium,80,Medium,Medium,Older DH group; policy review recommended; Perfect Forward Secrecy disabled,0.923,0.818,IKEv2|Transport|AES-256-CBC|DH14|False|IPv4|VoIP
IPSEC-025-04,ipsec-025-04.pcap,train,synthetic_lab_ground_truth,26160,IKEv2,ESP,Transport,IPv4,AES-256-CBC,HMAC-SHA256-128,RSA-Signature,Diffie-Hellman,DH14,False,True,86400,False,True,False,0xEFEF1A19,0xFA77D7DE,ICMP,ICMP/ICMPv6,IPv4,50,258,117,40,77,2,83,26,0.45,9711,5446,4265,0.5609,2222.222,Medium,80,Medium,Medium,Older DH group; policy review recommended; Perfect Forward Secrecy disabled,0.922,0.878,IKEv2|Transport|AES-256-CBC|DH14|False|IPv4|ICMP
IPSEC-025-05,ipsec-025-05.pcap,train,synthetic_lab_ground_truth,26160,IKEv2,ESP,Transport,IPv4,AES-256-CBC,HMAC-SHA256-128,RSA-Signature,Diffie-Hellman,DH14,False,True,1800,False,True,False,0x7271BC16,0xD81C65AE,Video,TCP/QUIC,IPv4,50,6324,1727,43,1684,0,514,118,0.27,887678,338983,548695,0.3819,3703.704,Medium,80,Medium,Medium,Older DH group; policy review recommended; Perfect Forward Secrecy disabled,0.865,0.848,IKEv2|Transport|AES-256-CBC|DH14|False|IPv4|Video
IPSEC-025-06,ipsec-025-06.pcap,train,synthetic_lab_ground_truth,26160,IKEv2,ESP,Transport,IPv4,AES-256-CBC,HMAC-SHA256-128,RSA-Signature,Diffie-Hellman,DH14,False,True,28800,True,True,True,0x38B0A7C9,0x4130CFC6,Chat,TCP,IPv4,50,1605,533,44,489,2,280,76,0.33,149240,64207,85033,0.4302,3030.303,Medium,80,Medium,Medium,Older DH group; policy review recommended; Perfect Forward Secrecy disabled,0.867,0.76,IKEv2|Transport|AES-256-CBC|DH14|False|IPv4|Chat
IPSEC-025-07,ipsec-025-07.pcap,train,synthetic_lab_ground_truth,26160,IKEv2,ESP,Transport,IPv4,AES-256-CBC,HMAC-SHA256-128,RSA-Signature,Diffie-Hellman,DH14,False,True,14400,False,True,False,0x5A8BB092,0x71CCCE2D,Web,TCP,IPv4,50,2122,813,41,772,0,604,165,0.38,491052,200130,290922,0.4076,2631.579,Medium,80,Medium,Medium,Older DH group; policy review recommended; Perfect Forward Secrecy disabled,0.9,0.753,IKEv2|Transport|AES-256-CBC|DH14|False|IPv4|Web
IPSEC-025-08,ipsec-025-08.pcap,train,synthetic_lab_ground_truth,26160,IKEv2,ESP,Transport,IPv4,AES-256-CBC,HMAC-SHA256-128,RSA-Signature,Diffie-Hellman,DH14,False,True,86400,False,True,False,0x4C27A070,0xE0DFF912,Email,TCP,IPv4,50,427,537,17,520,0,357,73,1.26,191709,94454,97255,0.4927,793.651,Medium,80,Medium,Medium,Older DH group; policy review recommended; Perfect Forward Secrecy disabled,0.926,0.699,IKEv2|Transport|AES-256-CBC|DH14|False|IPv4|Email
IPSEC-025-09,ipsec-025-09.pcap,train,synthetic_lab_ground_truth,26160,IKEv2,ESP,Transport,IPv4,AES-256-CBC,HMAC-SHA256-128,RSA-Signature,Diffie-Hellman,DH14,False,False,14400,True,True,True,0x475FFB5A,0xBB7465AE,File-Transfer,TCP,IPv4,50,3494,1244,23,1221,2,981,334,0.36,1220364,728329,492035,0.5968,2777.778,Medium,55,High,Critical,Older DH group; policy review recommended; Perfect Forward Secrecy disabled; Replay protection disabled,0.91,0.836,IKEv2|Transport|AES-256-CBC|DH14|False|IPv4|File-Transfer
IPSEC-025-10,ipsec-025-10.pcap,train,synthetic_lab_ground_truth,26160,IKEv2,ESP,Transport,IPv4,AES-256-CBC,HMAC-SHA256-128,RSA-Signature,Diffie-Hellman,DH14,False,True,7200,False,True,False,0xA115806B,0x2A672AAA,VoIP,UDP,IPv4,50,3121,272,37,235,0,223,74,0.09,60656,25568,35088,0.4215,10000.0,Medium,80,Medium,Medium,Older DH group; policy review recommended; Perfect Forward Secrecy disabled,0.892,0.809,IKEv2|Transport|AES-256-CBC|DH14|False|IPv4|VoIP
IPSEC-025-11,ipsec-025-11.pcap,train,synthetic_lab_ground_truth,26160,IKEv2,ESP,Transport,IPv4,AES-256-CBC,HMAC-SHA256-128,RSA-Signature,Diffie-Hellman,DH14,False,True,86400,False,True,False,0x579EE80F,0xC1987282,ICMP,ICMP/ICMPv6,IPv4,50,209,87,14,73,0,99,24,0.42,8613,3711,4902,0.4309,2380.952,Medium,80,Medium,Medium,Older DH group; policy review recommended; Perfect Forward Secrecy disabled,0.886,0.98,IKEv2|Transport|AES-256-CBC|DH14|False|IPv4|ICMP
IPSEC-025-12,ipsec-025-12.pcap,train,synthetic_lab_ground_truth,26160,IKEv2,ESP,Transport,IPv4,AES-256-CBC,HMAC-SHA256-128,RSA-Signature,Diffie-Hellman,DH14,False,True,3600,False,True,False,0x47AB44D6,0x3A79C631,Video,TCP/QUIC,IPv4,50,3785,1054,31,1023,0,459,106,0.28,483786,239505,244281,0.4951,3571.429,Medium,80,Medium,Medium,Older DH group; policy review recommended; Perfect Forward Secrecy disabled,0.944,0.768,IKEv2|Transport|AES-256-CBC|DH14|False|IPv4|Video
IPSEC-025-13,ipsec-025-13.pcap,train,synthetic_lab_ground_truth,26160,IKEv2,ESP,Transport,IPv4,AES-256-CBC,HMAC-SHA256-128,RSA-Signature,Diffie-Hellman,DH14,False,True,86400,False,True,False,0xF21E5A71,0x386301BE,Chat,TCP,IPv4,50,1858,693,23,670,1,281,80,0.37,194733,92038,102695,0.4726,2702.703,Medium,80,Medium,Medium,Older DH group; policy review recommended; Perfect Forward Secrecy disabled,0.883,0.749,IKEv2|Transport|AES-256-CBC|DH14|False|IPv4|Chat
IPSEC-025-14,ipsec-025-14.pcap,train,synthetic_lab_ground_truth,26160,IKEv2,ESP,Transport,IPv4,AES-256-CBC,HMAC-SHA256-128,RSA-Signature,Diffie-Hellman,DH14,False,True,1800,True,True,True,0x894E6478,0x369C8C72,Web,TCP,IPv4,50,2111,868,27,841,1,602,87,0.41,522536,229657,292879,0.4395,2439.024,Medium,80,Medium,Medium,Older DH group; policy review recommended; Perfect Forward Secrecy disabled,0.905,0.796,IKEv2|Transport|AES-256-CBC|DH14|False|IPv4|Web
IPSEC-025-15,ipsec-025-15.pcap,validation,synthetic_lab_ground_truth,26160,IKEv2,ESP,Transport,IPv4,AES-256-CBC,HMAC-SHA256-128,RSA-Signature,Diffie-Hellman,DH14,False,True,86400,False,True,False,0xED042ABB,0xA2AD6D52,Email,TCP,IPv4,50,769,842,12,830,0,460,77,1.09,387320,228445,158875,0.5898,917.431,Medium,80,Medium,Medium,Older DH group; policy review recommended; Perfect Forward Secrecy disabled,0.911,0.746,IKEv2|Transport|AES-256-CBC|DH14|False|IPv4|Email
IPSEC-025-16,ipsec-025-16.pcap,validation,synthetic_lab_ground_truth,26160,IKEv2,ESP,Transport,IPv4,AES-256-CBC,HMAC-SHA256-128,RSA-Signature,Diffie-Hellman,DH14,False,True,3600,False,True,False,0x8DBB0CFE,0x3DDECAC6,File-Transfer,TCP,IPv4,50,3457,1563,12,1551,0,695,223,0.45,1086285,489980,596305,0.4511,2222.222,Medium,80,Medium,Medium,Older DH group; policy review recommended; Perfect Forward Secrecy disabled,0.901,0.736,IKEv2|Transport|AES-256-CBC|DH14|False|IPv4|File-Transfer
IPSEC-025-17,ipsec-025-17.pcap,validation,synthetic_lab_ground_truth,26160,IKEv2,ESP,Transport,IPv4,AES-256-CBC,HMAC-SHA256-128,RSA-Signature,Diffie-Hellman,DH14,False,True,86400,False,True,False,0xBE879916,0x90AB3EE2,VoIP,UDP,IPv4,50,2787,203,41,162,0,217,55,0.07,44051,22526,21525,0.5114,10000.0,Medium,80,Medium,Medium,Older DH group; policy review recommended; Perfect Forward Secrecy disabled,0.902,0.808,IKEv2|Transport|AES-256-CBC|DH14|False|IPv4|VoIP
IPSEC-025-18,ipsec-025-18.pcap,test,synthetic_lab_ground_truth,26160,IKEv2,ESP,Transport,IPv4,AES-256-CBC,HMAC-SHA256-128,RSA-Signature,Diffie-Hellman,DH14,False,True,7200,True,True,True,0x1687A48E,0x25CE4612,ICMP,ICMP/ICMPv6,IPv4,50,261,100,24,76,1,112,39,0.38,11200,6522,4678,0.5824,2631.579,Medium,80,Medium,Medium,Older DH group; policy review recommended; Perfect Forward Secrecy disabled,0.896,0.935,IKEv2|Transport|AES-256-CBC|DH14|False|IPv4|ICMP
IPSEC-025-19,ipsec-025-19.pcap,test,synthetic_lab_ground_truth,26160,IKEv2,ESP,Transport,IPv4,AES-256-CBC,HMAC-SHA256-128,RSA-Signature,Diffie-Hellman,DH14,False,True,14400,False,True,False,0x4F96E219,0x774EBDCC,Video,TCP/QUIC,IPv4,50,4868,1259,23,1236,1,526,125,0.26,662234,264283,397951,0.3991,3846.154,Medium,80,Medium,Medium,Older DH group; policy review recommended; Perfect Forward Secrecy disabled,0.887,0.819,IKEv2|Transport|AES-256-CBC|DH14|False|IPv4|Video
IPSEC-025-20,ipsec-025-20.pcap,test,synthetic_lab_ground_truth,26160,IKEv2,ESP,Transport,IPv4,AES-256-CBC,HMAC-SHA256-128,RSA-Signature,Diffie-Hellman,DH14,False,True,172800,True,True,True,0x1F4B903E,0xE0595038,Chat,TCP,IPv4,50,1047,416,19,397,1,229,48,0.4,95264,47514,47750,0.4988,2500.0,Medium,72,Medium,Medium,Older DH group; policy review recommended; Perfect Forward Secrecy disabled; Long Security Association lifetime,0.886,0.731,IKEv2|Transport|AES-256-CBC|DH14|False|IPv4|Chat
IPSEC-026-01,ipsec-026-01.pcap,train,synthetic_lab_ground_truth,26160,IKEv2,ESP,Tunnel,IPv4,AES-128-GCM,AEAD-GCM,RSA-Signature,Diffie-Hellman,DH20,True,True,28800,False,True,False,0x405B57E1,0xF6652375,Email,TCP,IPv4,50,659,869,24,845,1,525,157,1.32,456225,226558,229667,0.4966,757.576,Low,100,Low,Informational,No major policy violations detected,0.918,0.674,IKEv2|Tunnel|AES-128-GCM|DH20|True|IPv4|Email
IPSEC-026-02,ipsec-026-02.pcap,train,synthetic_lab_ground_truth,26160,IKEv2,ESP,Tunnel,IPv4,AES-128-GCM,AEAD-GCM,RSA-Signature,Diffie-Hellman,DH20,True,True,14400,True,True,True,0xBB5C217A,0xA1100CB6,File-Transfer,TCP,IPv4,50,2671,1318,37,1281,3,849,237,0.49,1118982,506363,612619,0.4525,2040.816,Low,100,Low,Informational,No major policy violations detected,0.956,0.837,IKEv2|Tunnel|AES-128-GCM|DH20|True|IPv4|File-Transfer
IPSEC-026-03,ipsec-026-03.pcap,train,synthetic_lab_ground_truth,26160,IKEv2,ESP,Tunnel,IPv4,AES-128-GCM,AEAD-GCM,RSA-Signature,Diffie-Hellman,DH20,True,True,86400,False,True,False,0xE98FBE75,0x3AA87CFC,VoIP,UDP,IPv4,50,2524,160,29,131,0,195,27,0.06,31200,16608,14592,0.5323,10000.0,Medium,100,Low,Informational,No major policy violations detected,0.9,0.738,IKEv2|Tunnel|AES-128-GCM|DH20|True|IPv4|VoIP
IPSEC-026-04,ipsec-026-04.pcap,train,synthetic_lab_ground_truth,26160,IKEv2,ESP,Tunnel,IPv4,AES-128-GCM,AEAD-GCM,RSA-Signature,Diffie-Hellman,DH20,True,True,3600,True,True,True,0x44762A02,0x3A626C17,ICMP,ICMP/ICMPv6,IPv4,50,211,87,8,79,1,86,18,0.41,7482,3848,3634,0.5144,2439.024,Low,100,Low,Informational,No major policy violations detected,0.989,0.929,IKEv2|Tunnel|AES-128-GCM|DH20|True|IPv4|ICMP
IPSEC-026-05,ipsec-026-05.pcap,train,synthetic_lab_ground_truth,26160,IKEv2,ESP,Tunnel,IPv4,AES-128-GCM,AEAD-GCM,RSA-Signature,Diffie-Hellman,DH20,True,True,7200,True,True,True,0xBCDFDCE9,0xDD99F58E,Video,TCP/QUIC,IPv4,50,4763,1079,36,1043,1,519,118,0.23,560001,195260,364741,0.3487,4347.826,Medium,100,Low,Informational,No major policy violations detected,0.942,0.782,IKEv2|Tunnel|AES-128-GCM|DH20|True|IPv4|Video
IPSEC-026-06,ipsec-026-06.pcap,train,synthetic_lab_ground_truth,26160,IKEv2,ESP,Tunnel,IPv4,AES-128-GCM,AEAD-GCM,RSA-Signature,Diffie-Hellman,DH20,True,True,3600,True,True,True,0x34223DA9,0xFBF3A979,Chat,TCP,IPv4,50,1074,333,12,321,1,271,105,0.31,90243,51748,38495,0.5734,3225.806,Low,100,Low,Informational,No major policy violations detected,0.916,0.715,IKEv2|Tunnel|AES-128-GCM|DH20|True|IPv4|Chat
IPSEC-026-07,ipsec-026-07.pcap,train,synthetic_lab_ground_truth,26160,IKEv2,ESP,Tunnel,IPv4,AES-128-GCM,AEAD-GCM,RSA-Signature,Diffie-Hellman,DH20,True,True,600,False,True,False,0xC2CDF684,0x678234BC,Web,TCP,IPv4,50,2290,861,29,832,2,506,170,0.38,435666,136175,299491,0.3126,2631.579,Low,100,Low,Informational,No major policy violations detected,0.937,0.874,IKEv2|Tunnel|AES-128-GCM|DH20|True|IPv4|Web
IPSEC-026-08,ipsec-026-08.pcap,train,synthetic_lab_ground_truth,26160,IKEv2,ESP,Tunnel,IPv4,AES-128-GCM,AEAD-GCM,RSA-Signature,Diffie-Hellman,DH20,True,True,3600,False,True,False,0xCB7043B5,0x660D4174,Email,TCP,IPv4,50,564,739,16,723,1,468,105,1.31,345852,159021,186831,0.4598,763.359,Low,100,Low,Informational,No major policy violations detected,0.889,0.782,IKEv2|Tunnel|AES-128-GCM|DH20|True|IPv4|Email
IPSEC-026-09,ipsec-026-09.pcap,train,synthetic_lab_ground_truth,26160,IKEv2,ESP,Tunnel,IPv4,AES-128-GCM,AEAD-GCM,RSA-Signature,Diffie-Hellman,DH20,True,True,7200,False,True,False,0xA449A760,0xD62E6E8D,File-Transfer,TCP,IPv4,50,3946,2169,13,2156,0,831,219,0.55,1802439,880856,921583,0.4887,1818.182,Low,100,Low,Informational,No major policy violations detected,0.99,0.851,IKEv2|Tunnel|AES-128-GCM|DH20|True|IPv4|File-Transfer
IPSEC-026-10,ipsec-026-10.pcap,train,synthetic_lab_ground_truth,26160,IKEv2,ESP,Tunnel,IPv4,AES-128-GCM,AEAD-GCM,RSA-Signature,Diffie-Hellman,DH20,True,True,172800,False,True,False,0x4DC7F3B2,0xE266A229,VoIP,UDP,IPv4,50,2969,265,26,239,1,203,47,0.09,53795,29670,24125,0.5515,10000.0,Medium,92,Low,Medium,Long Security Association lifetime,0.908,0.761,IKEv2|Tunnel|AES-128-GCM|DH20|True|IPv4|VoIP
IPSEC-026-11,ipsec-026-11.pcap,train,synthetic_lab_ground_truth,26160,IKEv2,ESP,Tunnel,IPv4,AES-128-GCM,AEAD-GCM,RSA-Signature,Diffie-Hellman,DH20,True,False,86400,False,True,False,0xE2ED5997,0x5517AD24,ICMP,ICMP/ICMPv6,IPv4,50,241,93,44,49,2,94,29,0.39,8742,5006,3736,0.5727,2564.103,Low,75,Medium,Critical,Replay protection disabled,0.917,0.922,IKEv2|Tunnel|AES-128-GCM|DH20|True|IPv4|ICMP
IPSEC-026-12,ipsec-026-12.pcap,train,synthetic_lab_ground_truth,26160,IKEv2,ESP,Tunnel,IPv4,AES-128-GCM,AEAD-GCM,RSA-Signature,Diffie-Hellman,DH20,True,True,172800,False,True,False,0x314F2BED,0x692926C6,Video,TCP/QUIC,IPv4,50,4948,1121,17,1104,1,517,124,0.23,579557,131490,448067,0.2269,4347.826,Medium,92,Low,Medium,Long Security Association lifetime,0.958,0.804,IKEv2|Tunnel|AES-128-GCM|DH20|True|IPv4|Video
IPSEC-026-13,ipsec-026-13.pcap,train,synthetic_lab_ground_truth,26160,IKEv2,ESP,Tunnel,IPv4,AES-128-GCM,AEAD-GCM,RSA-Signature,Diffie-Hellman,DH20,True,True,3600,False,True,False,0x81407F1B,0xED3990DC,Chat,TCP,IPv4,50,1551,526,17,509,0,320,84,0.34,168320,98038,70282,0.5825,2941.176,Low,100,Low,Informational,No major policy violations detected,0.898,0.684,IKEv2|Tunnel|AES-128-GCM|DH20|True|IPv4|Chat
IPSEC-026-14,ipsec-026-14.pcap,train,synthetic_lab_ground_truth,26160,IKEv2,ESP,Tunnel,IPv4,AES-128-GCM,AEAD-GCM,RSA-Signature,Diffie-Hellman,DH20,True,True,28800,False,True,False,0xB0DDFB24,0x52F57312,Web,TCP,IPv4,50,2132,954,44,910,1,630,101,0.45,601020,228988,372032,0.381,2222.222,Low,100,Low,Informational,No major policy violations detected,0.951,0.804,IKEv2|Tunnel|AES-128-GCM|DH20|True|IPv4|Web
IPSEC-026-15,ipsec-026-15.pcap,validation,synthetic_lab_ground_truth,26160,IKEv2,ESP,Tunnel,IPv4,AES-128-GCM,AEAD-GCM,RSA-Signature,Diffie-Hellman,DH20,True,False,172800,False,True,False,0xB0705D19,0x4B0353EE,Email,TCP,IPv4,50,475,631,26,605,1,470,80,1.33,296570,99891,196679,0.3368,751.88,Low,67,High,Critical,Replay protection disabled; Long Security Association lifetime,0.919,0.777,IKEv2|Tunnel|AES-128-GCM|DH20|True|IPv4|Email
IPSEC-026-16,ipsec-026-16.pcap,validation,synthetic_lab_ground_truth,26160,IKEv2,ESP,Tunnel,IPv4,AES-128-GCM,AEAD-GCM,RSA-Signature,Diffie-Hellman,DH20,True,True,14400,False,True,False,0xB3F4DB6F,0xA17771F6,File-Transfer,TCP,IPv4,50,3003,1368,16,1352,1,890,178,0.46,1217520,613893,603627,0.5042,2173.913,Low,100,Low,Informational,No major policy violations detected,0.975,0.874,IKEv2|Tunnel|AES-128-GCM|DH20|True|IPv4|File-Transfer
IPSEC-026-17,ipsec-026-17.pcap,validation,synthetic_lab_ground_truth,26160,IKEv2,ESP,Tunnel,IPv4,AES-128-GCM,AEAD-GCM,RSA-Signature,Diffie-Hellman,DH20,True,True,86400,False,True,False,0xA0E116FA,0xD1B60EFF,VoIP,UDP,IPv4,50,2783,275,10,265,1,192,28,0.1,52800,25529,27271,0.4835,10000.0,Medium,100,Low,Informational,No major policy violations detected,0.914,0.765,IKEv2|Tunnel|AES-128-GCM|DH20|True|IPv4|VoIP
IPSEC-026-18,ipsec-026-18.pcap,test,synthetic_lab_ground_truth,26160,IKEv2,ESP,Tunnel,IPv4,AES-128-GCM,AEAD-GCM,RSA-Signature,Diffie-Hellman,DH20,True,True,86400,False,True,False,0x198C8F40,0x3F3EA341,ICMP,ICMP/ICMPv6,IPv4,50,143,62,42,20,0,84,10,0.43,5208,3118,2090,0.5987,2325.581,Low,100,Low,Informational,No major policy violations detected,0.959,0.921,IKEv2|Tunnel|AES-128-GCM|DH20|True|IPv4|ICMP
IPSEC-026-19,ipsec-026-19.pcap,test,synthetic_lab_ground_truth,26160,IKEv2,ESP,Tunnel,IPv4,AES-128-GCM,AEAD-GCM,RSA-Signature,Diffie-Hellman,DH20,True,True,600,False,True,False,0x7FCAE347,0xDFAB6CEE,Video,TCP/QUIC,IPv4,50,6245,1741,20,1721,2,542,142,0.28,943622,327993,615629,0.3476,3571.429,Medium,100,Low,Informational,No major policy violations detected,0.923,0.887,IKEv2|Tunnel|AES-128-GCM|DH20|True|IPv4|Video
IPSEC-026-20,ipsec-026-20.pcap,test,synthetic_lab_ground_truth,26160,IKEv2,ESP,Tunnel,IPv4,AES-128-GCM,AEAD-GCM,RSA-Signature,Diffie-Hellman,DH20,True,True,14400,True,True,True,0xCB3B2727,0xB154FD97,Chat,TCP,IPv4,50,1176,466,18,448,0,266,55,0.4,123956,65638,58318,0.5295,2500.0,Low,100,Low,Informational,No major policy violations detected,0.934,0.74,IKEv2|Tunnel|AES-128-GCM|DH20|True|IPv4|Chat
IPSEC-027-01,ipsec-027-01.pcap,train,synthetic_lab_ground_truth,26160,IKEv1,ESP,Transport,IPv6,AES-128-CBC,HMAC-SHA256-128,RSA-Signature,Diffie-Hellman,DH14,True,True,3600,False,True,False,0x26CE99B6,0x4B037603,Email,TCP,IPv6,50,415,524,11,513,0,419,108,1.26,219556,92848,126708,0.4229,793.651,Medium,73,Medium,High,Legacy IKE version detected; Older DH group; policy review recommended,0.806,0.637,IKEv1|Transport|AES-128-CBC|DH14|True|IPv6|Email
IPSEC-027-02,ipsec-027-02.pcap,train,synthetic_lab_ground_truth,26160,IKEv1,ESP,Transport,IPv6,AES-128-CBC,HMAC-SHA256-128,RSA-Signature,Diffie-Hellman,DH14,True,True,86400,False,True,False,0xE41892D9,0x994DE055,File-Transfer,TCP,IPv6,50,3098,1593,8,1585,0,956,203,0.51,1522908,802450,720458,0.5269,1960.784,Medium,73,Medium,High,Legacy IKE version detected; Older DH group; policy review recommended,0.764,0.819,IKEv1|Transport|AES-128-CBC|DH14|True|IPv6|File-Transfer
IPSEC-027-03,ipsec-027-03.pcap,train,synthetic_lab_ground_truth,26160,IKEv1,ESP,Transport,IPv6,AES-128-CBC,HMAC-SHA256-128,RSA-Signature,Diffie-Hellman,DH14,True,True,7200,False,True,False,0x944CA1E9,0xBBE2ACD3,VoIP,UDP,IPv6,50,3297,244,21,223,1,239,78,0.07,58316,27611,30705,0.4735,10000.0,Medium,73,Medium,High,Legacy IKE version detected; Older DH group; policy review recommended,0.767,0.813,IKEv1|Transport|AES-128-CBC|DH14|True|IPv6|VoIP
IPSEC-027-04,ipsec-027-04.pcap,train,synthetic_lab_ground_truth,26160,IKEv1,ESP,Transport,IPv6,AES-128-CBC,HMAC-SHA256-128,RSA-Signature,Diffie-Hellman,DH14,True,True,28800,False,True,False,0xB1641238,0x3B6BF725,ICMP,ICMP/ICMPv6,IPv6,50,286,114,12,102,1,102,16,0.4,11628,4689,6939,0.4033,2500.0,Medium,73,Medium,High,Legacy IKE version detected; Older DH group; policy review recommended,0.805,0.915,IKEv1|Transport|AES-128-CBC|DH14|True|IPv6|ICMP
IPSEC-027-05,ipsec-027-05.pcap,train,synthetic_lab_ground_truth,26160,IKEv1,ESP,Transport,IPv6,AES-128-CBC,HMAC-SHA256-128,RSA-Signature,Diffie-Hellman,DH14,True,True,1800,False,True,False,0x2C2FE24D,0x43F8B624,Video,TCP/QUIC,IPv6,50,4947,1263,12,1251,1,459,181,0.26,579717,166776,412941,0.2877,3846.154,Medium,73,Medium,High,Legacy IKE version detected; Older DH group; policy review recommended,0.762,0.79,IKEv1|Transport|AES-128-CBC|DH14|True|IPv6|Video
IPSEC-027-06,ipsec-027-06.pcap,train,synthetic_lab_ground_truth,26160,IKEv1,ESP,Transport,IPv6,AES-128-CBC,HMAC-SHA256-128,RSA-Signature,Diffie-Hellman,DH14,True,True,3600,True,True,True,0x8F28BCAB,0xA1B64078,Chat,TCP,IPv6,50,963,291,14,277,0,309,81,0.3,89919,43010,46909,0.4783,3333.333,Medium,73,Medium,High,Legacy IKE version detected; Older DH group; policy review recommended,0.748,0.691,IKEv1|Transport|AES-128-CBC|DH14|True|IPv6|Chat
IPSEC-027-07,ipsec-027-07.pcap,train,synthetic_lab_ground_truth,26160,IKEv1,ESP,Transport,IPv6,AES-128-CBC,HMAC-SHA256-128,RSA-Signature,Diffie-Hellman,DH14,True,True,3600,False,True,False,0x209543F8,0x21264EB9,Web,TCP,IPv6,50,2249,705,35,670,3,554,155,0.31,390570,173851,216719,0.4451,3225.806,Medium,73,Medium,High,Legacy IKE version detected; Older DH group; policy review recommended,0.798,0.756,IKEv1|Transport|AES-128-CBC|DH14|True|IPv6|Web
IPSEC-027-08,ipsec-027-08.pcap,train,synthetic_lab_ground_truth,26160,IKEv1,ESP,Transport,IPv6,AES-128-CBC,HMAC-SHA256-128,RSA-Signature,Diffie-Hellman,DH14,True,True,7200,False,True,False,0x4CCFD81A,0xDB138C2B,Email,TCP,IPv6,50,721,916,18,898,0,508,48,1.27,465328,201597,263731,0.4332,787.402,Medium,73,Medium,High,Legacy IKE version detected; Older DH group; policy review recommended,0.812,0.776,IKEv1|Transport|AES-128-CBC|DH14|True|IPv6|Email
IPSEC-027-09,ipsec-027-09.pcap,train,synthetic_lab_ground_truth,26160,IKEv1,ESP,Transport,IPv6,AES-128-CBC,HMAC-SHA256-128,RSA-Signature,Diffie-Hellman,DH14,True,True,600,True,True,True,0x21DCAD52,0xBE6D1CF5,File-Transfer,TCP,IPv6,50,3051,1281,15,1266,2,806,237,0.42,1032486,567990,464496,0.5501,2380.952,Medium,73,Medium,High,Legacy IKE version detected; Older DH group; policy review recommended,0.748,0.818,IKEv1|Transport|AES-128-CBC|DH14|True|IPv6|File-Transfer
IPSEC-027-10,ipsec-027-10.pcap,train,synthetic_lab_ground_truth,26160,IKEv1,ESP,Transport,IPv6,AES-128-CBC,HMAC-SHA256-128,RSA-Signature,Diffie-Hellman,DH14,True,True,3600,False,True,False,0x94D80CC0,0x1672FAD6,VoIP,UDP,IPv6,50,2421,248,28,220,1,187,30,0.1,46376,26782,19594,0.5775,10000.0,Medium,73,Medium,High,Legacy IKE version detected; Older DH group; policy review recommended,0.803,0.819,IKEv1|Transport|AES-128-CBC|DH14|True|IPv6|VoIP
IPSEC-027-11,ipsec-027-11.pcap,train,synthetic_lab_ground_truth,26160,IKEv1,ESP,Transport,IPv6,AES-128-CBC,HMAC-SHA256-128,RSA-Signature,Diffie-Hellman,DH14,True,True,7200,False,True,False,0xEFAD9C31,0x78C5B5AF,ICMP,ICMP/ICMPv6,IPv6,50,228,70,27,43,1,109,19,0.31,7630,2901,4729,0.3803,3225.806,Medium,73,Medium,High,Legacy IKE version detected; Older DH group; policy review recommended,0.804,0.911,IKEv1|Transport|AES-128-CBC|DH14|True|IPv6|ICMP
IPSEC-027-12,ipsec-027-12.pcap,train,synthetic_lab_ground_truth,26160,IKEv1,ESP,Transport,IPv6,AES-128-CBC,HMAC-SHA256-128,RSA-Signature,Diffie-Hellman,DH14,True,True,28800,False,True,False,0x3D9A12E8,0xB563D5CD,Video,TCP/QUIC,IPv6,50,4274,1049,34,1015,0,617,111,0.25,647233,212104,435129,0.3277,4000.0,Medium,73,Medium,High,Legacy IKE version detected; Older DH group; policy review recommended,0.759,0.799,IKEv1|Transport|AES-128-CBC|DH14|True|IPv6|Video
IPSEC-027-13,ipsec-027-13.pcap,train,synthetic_lab_ground_truth,26160,IKEv1,ESP,Transport,IPv6,AES-128-CBC,HMAC-SHA256-128,RSA-Signature,Diffie-Hellman,DH14,True,True,3600,True,True,True,0xE7D0EF55,0x3C512162,Chat,TCP,IPv6,50,1400,487,34,453,0,230,69,0.35,112010,49260,62750,0.4398,2857.143,Medium,73,Medium,High,Legacy IKE version detected; Older DH group; policy review recommended,0.773,0.667,IKEv1|Transport|AES-128-CBC|DH14|True|IPv6|Chat
IPSEC-027-14,ipsec-027-14.pcap,train,synthetic_lab_ground_truth,26160,IKEv1,ESP,Transport,IPv6,AES-128-CBC,HMAC-SHA256-128,RSA-Signature,Diffie-Hellman,DH14,True,True,600,False,True,False,0x37ECAF49,0x62EEA477,Web,TCP,IPv6,50,1186,528,39,489,1,517,176,0.45,272976,37891,235085,0.1388,2222.222,Medium,73,Medium,High,Legacy IKE version detected; Older DH group; policy review recommended,0.788,0.797,IKEv1|Transport|AES-128-CBC|DH14|True|IPv6|Web
IPSEC-027-15,ipsec-027-15.pcap,validation,synthetic_lab_ground_truth,26160,IKEv1,ESP,Transport,IPv6,AES-128-CBC,HMAC-SHA256-128,RSA-Signature,Diffie-Hellman,DH14,True,True,14400,False,True,False,0xC4400376,0x76B98124,Email,TCP,IPv6,50,655,796,41,755,0,477,115,1.22,379692,210941,168751,0.5556,819.672,Medium,73,Medium,High,Legacy IKE version detected; Older DH group; policy review recommended,0.796,0.741,IKEv1|Transport|AES-128-CBC|DH14|True|IPv6|Email
IPSEC-027-16,ipsec-027-16.pcap,validation,synthetic_lab_ground_truth,26160,IKEv1,ESP,Transport,IPv6,AES-128-CBC,HMAC-SHA256-128,RSA-Signature,Diffie-Hellman,DH14,True,True,7200,True,True,True,0x43960D79,0x732D71D2,File-Transfer,TCP,IPv6,50,4328,2113,13,2100,2,721,262,0.49,1523473,853942,669531,0.5605,2040.816,Medium,73,Medium,High,Legacy IKE version detected; Older DH group; policy review recommended,0.758,0.803,IKEv1|Transport|AES-128-CBC|DH14|True|IPv6|File-Transfer
IPSEC-027-17,ipsec-027-17.pcap,validation,synthetic_lab_ground_truth,26160,IKEv1,ESP,Transport,IPv6,AES-128-CBC,HMAC-SHA256-128,RSA-Signature,Diffie-Hellman,DH14,True,True,7200,True,True,True,0x77566E79,0x851D1B9D,VoIP,UDP,IPv6,50,2276,190,41,149,0,183,35,0.08,34770,13716,21054,0.3945,10000.0,Medium,73,Medium,High,Legacy IKE version detected; Older DH group; policy review recommended,0.793,0.792,IKEv1|Transport|AES-128-CBC|DH14|True|IPv6|VoIP
IPSEC-027-18,ipsec-027-18.pcap,test,synthetic_lab_ground_truth,26160,IKEv1,ESP,Transport,IPv6,AES-128-CBC,HMAC-SHA256-128,RSA-Signature,Diffie-Hellman,DH14,True,False,7200,False,True,False,0x64B961AD,0x63C8918F,ICMP,ICMP/ICMPv6,IPv6,50,295,119,19,100,2,76,20,0.4,9044,4867,4177,0.5382,2500.0,Medium,48,Critical,Critical,Legacy IKE version detected; Older DH group; policy review recommended; Replay protection disabled,0.792,0.946,IKEv1|Transport|AES-128-CBC|DH14|True|IPv6|ICMP
IPSEC-027-19,ipsec-027-19.pcap,test,synthetic_lab_ground_truth,26160,IKEv1,ESP,Transport,IPv6,AES-128-CBC,HMAC-SHA256-128,RSA-Signature,Diffie-Hellman,DH14,True,True,3600,False,True,False,0xC7F5FA4D,0xD243FFBA,Video,TCP/QUIC,IPv6,50,4668,1251,17,1234,1,520,153,0.27,650520,269911,380609,0.4149,3703.704,Medium,73,Medium,High,Legacy IKE version detected; Older DH group; policy review recommended,0.78,0.866,IKEv1|Transport|AES-128-CBC|DH14|True|IPv6|Video
IPSEC-027-20,ipsec-027-20.pcap,test,synthetic_lab_ground_truth,26160,IKEv1,ESP,Transport,IPv6,AES-128-CBC,HMAC-SHA256-128,RSA-Signature,Diffie-Hellman,DH14,True,True,172800,False,True,False,0xC29E241E,0x8B71B9A5,Chat,TCP,IPv6,50,1549,552,16,536,0,222,55,0.36,122544,63450,59094,0.5178,2777.778,Medium,65,High,High,Legacy IKE version detected; Older DH group; policy review recommended; Long Security Association lifetime,0.79,0.648,IKEv1|Transport|AES-128-CBC|DH14|True|IPv6|Chat
IPSEC-028-01,ipsec-028-01.pcap,train,synthetic_lab_ground_truth,26160,IKEv2,ESP,Tunnel,IPv6,AES-256-GCM,AEAD-GCM,ECDSA-Signature,Diffie-Hellman,DH19,True,True,7200,False,True,False,0x726E86FC,0x7826ECAD,Email,TCP,IPv6,50,644,920,40,880,1,357,86,1.43,328440,185025,143415,0.5633,699.301,Low,100,Low,Informational,No major policy violations detected,0.936,0.664,IKEv2|Tunnel|AES-256-GCM|DH19|True|IPv6|Email
IPSEC-028-02,ipsec-028-02.pcap,train,synthetic_lab_ground_truth,26160,IKEv2,ESP,Tunnel,IPv6,AES-256-GCM,AEAD-GCM,ECDSA-Signature,Diffie-Hellman,DH19,True,True,14400,False,True,False,0xC2EB14E5,0xE947568F,File-Transfer,TCP,IPv6,50,4220,1726,31,1695,0,831,220,0.41,1434306,862699,571607,0.6015,2439.024,Low,100,Low,Informational,No major policy violations detected,0.973,0.777,IKEv2|Tunnel|AES-256-GCM|DH19|True|IPv6|File-Transfer
IPSEC-028-03,ipsec-028-03.pcap,train,synthetic_lab_ground_truth,26160,IKEv2,ESP,Tunnel,IPv6,AES-256-GCM,AEAD-GCM,ECDSA-Signature,Diffie-Hellman,DH19,True,True,3600,False,True,False,0xFFBF2FF2,0xAC24E46D,VoIP,UDP,IPv6,50,3058,217,15,202,0,230,63,0.07,49910,24617,25293,0.4932,10000.0,Medium,100,Low,Informational,No major policy violations detected,0.923,0.76,IKEv2|Tunnel|AES-256-GCM|DH19|True|IPv6|VoIP
IPSEC-028-04,ipsec-028-04.pcap,train,synthetic_lab_ground_truth,26160,IKEv2,ESP,Tunnel,IPv6,AES-256-GCM,AEAD-GCM,ECDSA-Signature,Diffie-Hellman,DH19,True,True,14400,False,True,False,0x7861FEE9,0x37A59EEB,ICMP,ICMP/ICMPv6,IPv6,50,253,103,41,62,1,94,19,0.41,9682,5016,4666,0.5182,2439.024,Low,100,Low,Informational,No major policy violations detected,0.987,0.939,IKEv2|Tunnel|AES-256-GCM|DH19|True|IPv6|ICMP
IPSEC-028-05,ipsec-028-05.pcap,train,synthetic_lab_ground_truth,26160,IKEv2,ESP,Tunnel,IPv6,AES-256-GCM,AEAD-GCM,ECDSA-Signature,Diffie-Hellman,DH19,True,True,86400,True,True,True,0xB941A681,0xADB85139,Video,TCP/QUIC,IPv6,50,5215,1330,39,1291,1,510,98,0.26,678300,142905,535395,0.2107,3846.154,Medium,100,Low,Informational,No major policy violations detected,0.935,0.824,IKEv2|Tunnel|AES-256-GCM|DH19|True|IPv6|Video
IPSEC-028-06,ipsec-028-06.pcap,train,synthetic_lab_ground_truth,26160,IKEv2,ESP,Tunnel,IPv6,AES-256-GCM,AEAD-GCM,ECDSA-Signature,Diffie-Hellman,DH19,True,True,3600,False,True,False,0x8713C520,0xA04074FD,Chat,TCP,IPv6,50,667,260,31,229,0,286,72,0.39,74360,42612,31748,0.5731,2564.103,Low,100,Low,Informational,No major policy violations detected,0.893,0.658,IKEv2|Tunnel|AES-256-GCM|DH19|True|IPv6|Chat
IPSEC-028-07,ipsec-028-07.pcap,train,synthetic_lab_ground_truth,26160,IKEv2,ESP,Tunnel,IPv6,AES-256-GCM,AEAD-GCM,ECDSA-Signature,Diffie-Hellman,DH19,True,True,3600,False,True,False,0x59EDAF34,0x3DE73B56,Web,TCP,IPv6,50,2219,834,16,818,0,492,108,0.38,410328,167126,243202,0.4073,2631.579,Low,100,Low,Informational,No major policy violations detected,0.945,0.81,IKEv2|Tunnel|AES-256-GCM|DH19|True|IPv6|Web
IPSEC-028-08,ipsec-028-08.pcap,train,synthetic_lab_ground_truth,26160,IKEv2,ESP,Tunnel,IPv6,AES-256-GCM,AEAD-GCM,ECDSA-Signature,Diffie-Hellman,DH19,True,True,28800,False,True,False,0x7BEC4BA7,0xE1B3947A,Email,TCP,IPv6,50,503,568,38,530,1,510,149,1.13,289680,160000,129680,0.5523,884.956,Low,100,Low,Informational,No major policy violations detected,0.916,0.793,IKEv2|Tunnel|AES-256-GCM|DH19|True|IPv6|Email
IPSEC-028-09,ipsec-028-09.pcap,train,synthetic_lab_ground_truth,26160,IKEv2,ESP,Tunnel,IPv6,AES-256-GCM,AEAD-GCM,ECDSA-Signature,Diffie-Hellman,DH19,True,True,14400,False,True,False,0xC6CFE63C,0xD1274BCA,File-Transfer,TCP,IPv6,50,3216,1476,30,1446,1,850,282,0.46,1254600,773028,481572,0.6162,2173.913,Low,100,Low,Informational,No major policy violations detected,0.951,0.763,IKEv2|Tunnel|AES-256-GCM|DH19|True|IPv6|File-Transfer
IPSEC-028-10,ipsec-028-10.pcap,train,synthetic_lab_ground_truth,26160,IKEv2,ESP,Tunnel,IPv6,AES-256-GCM,AEAD-GCM,ECDSA-Signature,Diffie-Hellman,DH19,True,True,86400,True,True,True,0x43ACC747,0x8EC4FD96,VoIP,UDP,IPv6,50,2469,242,43,199,1,234,63,0.1,56628,32135,24493,0.5675,10000.0,Medium,100,Low,Informational,No major policy violations detected,0.969,0.821,IKEv2|Tunnel|AES-256-GCM|DH19|True|IPv6|VoIP
IPSEC-028-11,ipsec-028-11.pcap,train,synthetic_lab_ground_truth,26160,IKEv2,ESP,Tunnel,IPv6,AES-256-GCM,AEAD-GCM,ECDSA-Signature,Diffie-Hellman,DH19,True,True,172800,False,True,False,0xEF04EE34,0xCD5940E1,ICMP,ICMP/ICMPv6,IPv6,50,262,105,42,63,1,89,29,0.4,9345,4320,5025,0.4623,2500.0,Low,92,Low,Medium,Long Security Association lifetime,0.957,0.901,IKEv2|Tunnel|AES-256-GCM|DH19|True|IPv6|ICMP
IPSEC-028-12,ipsec-028-12.pcap,train,synthetic_lab_ground_truth,26160,IKEv2,ESP,Tunnel,IPv6,AES-256-GCM,AEAD-GCM,ECDSA-Signature,Diffie-Hellman,DH19,True,True,28800,False,True,False,0x6A0185B6,0xF9B51144,Video,TCP/QUIC,IPv6,50,4353,1221,10,1211,0,453,164,0.28,553113,205412,347701,0.3714,3571.429,Medium,100,Low,Informational,No major policy violations detected,0.93,0.816,IKEv2|Tunnel|AES-256-GCM|DH19|True|IPv6|Video
IPSEC-028-13,ipsec-028-13.pcap,train,synthetic_lab_ground_truth,26160,IKEv2,ESP,Tunnel,IPv6,AES-256-GCM,AEAD-GCM,ECDSA-Signature,Diffie-Hellman,DH19,True,True,3600,False,True,False,0xEA1E1A30,0xE842D707,Chat,TCP,IPv6,50,1225,402,13,389,1,268,42,0.33,107736,59022,48714,0.5478,3030.303,Low,100,Low,Informational,No major policy violations detected,0.957,0.735,IKEv2|Tunnel|AES-256-GCM|DH19|True|IPv6|Chat
IPSEC-028-14,ipsec-028-14.pcap,train,synthetic_lab_ground_truth,26160,IKEv2,ESP,Tunnel,IPv6,AES-256-GCM,AEAD-GCM,ECDSA-Signature,Diffie-Hellman,DH19,True,True,3600,True,True,True,0xCB42DA34,0xD001B411,Web,TCP,IPv6,50,2108,1006,8,998,2,524,154,0.48,527144,183318,343826,0.3478,2083.333,Low,100,Low,Informational,No major policy violations detected,0.946,0.75,IKEv2|Tunnel|AES-256-GCM|DH19|True|IPv6|Web
IPSEC-028-15,ipsec-028-15.pcap,validation,synthetic_lab_ground_truth,26160,IKEv2,ESP,Tunnel,IPv6,AES-256-GCM,AEAD-GCM,ECDSA-Signature,Diffie-Hellman,DH19,True,True,86400,False,True,False,0x717A3379,0xB5BFEF4F,Email,TCP,IPv6,50,236,293,8,285,0,505,152,1.24,147965,59563,88402,0.4026,806.452,Low,100,Low,Informational,No major policy violations detected,0.932,0.72,IKEv2|Tunnel|AES-256-GCM|DH19|True|IPv6|Email
IPSEC-028-16,ipsec-028-16.pcap,validation,synthetic_lab_ground_truth,26160,IKEv2,ESP,Tunnel,IPv6,AES-256-GCM,AEAD-GCM,ECDSA-Signature,Diffie-Hellman,DH19,True,True,28800,False,True,False,0x1479A8D3,0xADAAB81F,File-Transfer,TCP,IPv6,50,3983,1671,27,1644,3,817,137,0.42,1365207,832136,533071,0.6095,2380.952,Low,100,Low,Informational,No major policy violations detected,0.888,0.801,IKEv2|Tunnel|AES-256-GCM|DH19|True|IPv6|File-Transfer
IPSEC-028-17,ipsec-028-17.pcap,validation,synthetic_lab_ground_truth,26160,IKEv2,ESP,Tunnel,IPv6,AES-256-GCM,AEAD-GCM,ECDSA-Signature,Diffie-Hellman,DH19,True,True,3600,False,True,False,0xF0B0129B,0x1BA05E10,VoIP,UDP,IPv6,50,3038,232,38,194,0,228,63,0.08,52896,26400,26496,0.4991,10000.0,Medium,100,Low,Informational,No major policy violations detected,0.941,0.776,IKEv2|Tunnel|AES-256-GCM|DH19|True|IPv6|VoIP
IPSEC-028-18,ipsec-028-18.pcap,test,synthetic_lab_ground_truth,26160,IKEv2,ESP,Tunnel,IPv6,AES-256-GCM,AEAD-GCM,ECDSA-Signature,Diffie-Hellman,DH19,True,True,28800,False,True,False,0x4318A773,0xB9526E35,ICMP,ICMP/ICMPv6,IPv6,50,266,109,25,84,1,93,33,0.41,10137,3464,6673,0.3417,2439.024,Low,100,Low,Informational,No major policy violations detected,0.953,0.935,IKEv2|Tunnel|AES-256-GCM|DH19|True|IPv6|ICMP
IPSEC-028-19,ipsec-028-19.pcap,test,synthetic_lab_ground_truth,26160,IKEv2,ESP,Tunnel,IPv6,AES-256-GCM,AEAD-GCM,ECDSA-Signature,Diffie-Hellman,DH19,True,True,3600,False,True,False,0xADFB0C88,0x2B2542BC,Video,TCP/QUIC,IPv6,50,5757,1753,32,1721,1,345,106,0.3,604785,244204,360581,0.4038,3333.333,Medium,100,Low,Informational,No major policy violations detected,0.901,0.777,IKEv2|Tunnel|AES-256-GCM|DH19|True|IPv6|Video
IPSEC-028-20,ipsec-028-20.pcap,test,synthetic_lab_ground_truth,26160,IKEv2,ESP,Tunnel,IPv6,AES-256-GCM,AEAD-GCM,ECDSA-Signature,Diffie-Hellman,DH19,True,True,600,True,True,True,0xB67ABC14,0x4BB922AF,Chat,TCP,IPv6,50,1586,466,26,440,0,266,61,0.29,123956,56836,67120,0.4585,3448.276,Low,100,Low,Informational,No major policy violations detected,0.928,0.738,IKEv2|Tunnel|AES-256-GCM|DH19|True|IPv6|Chat
IPSEC-029-01,ipsec-029-01.pcap,train,synthetic_lab_ground_truth,26160,IKEv1,ESP,Tunnel,IPv4,AES-256-GCM,AEAD-GCM,PSK,Diffie-Hellman,DH24,True,True,7200,True,True,True,0xEE66B606,0x41C96D26,Email,TCP,IPv4,50,603,636,36,600,2,429,85,1.05,272844,164151,108693,0.6016,952.381,Low,75,Medium,High,Legacy IKE version detected,0.821,0.711,IKEv1|Tunnel|AES-256-GCM|DH24|True|IPv4|Email
IPSEC-029-02,ipsec-029-02.pcap,train,synthetic_lab_ground_truth,26160,IKEv1,ESP,Tunnel,IPv4,AES-256-GCM,AEAD-GCM,PSK,Diffie-Hellman,DH24,True,True,7200,False,True,False,0x8CA2DCC0,0x1029E7B1,File-Transfer,TCP,IPv4,50,3431,1662,25,1637,0,892,262,0.48,1482504,802118,680386,0.5411,2083.333,Low,75,Medium,High,Legacy IKE version detected,0.817,0.823,IKEv1|Tunnel|AES-256-GCM|DH24|True|IPv4|File-Transfer
IPSEC-029-03,ipsec-029-03.pcap,train,synthetic_lab_ground_truth,26160,IKEv1,ESP,Tunnel,IPv4,AES-256-GCM,AEAD-GCM,PSK,Diffie-Hellman,DH24,True,True,172800,True,True,True,0x99226CB2,0xCD44C68F,VoIP,UDP,IPv4,50,2970,254,44,210,0,202,47,0.09,51308,22615,28693,0.4408,10000.0,Medium,67,High,High,Legacy IKE version detected; Long Security Association lifetime,0.85,0.737,IKEv1|Tunnel|AES-256-GCM|DH24|True|IPv4|VoIP
IPSEC-029-04,ipsec-029-04.pcap,train,synthetic_lab_ground_truth,26160,IKEv1,ESP,Tunnel,IPv4,AES-256-GCM,AEAD-GCM,PSK,Diffie-Hellman,DH24,True,True,600,False,True,False,0xB9A99205,0xE9014883,ICMP,ICMP/ICMPv6,IPv4,50,236,92,26,66,0,96,28,0.39,8832,3153,5679,0.357,2564.103,Low,75,Medium,High,Legacy IKE version detected,0.818,0.928,IKEv1|Tunnel|AES-256-GCM|DH24|True|IPv4|ICMP
IPSEC-029-05,ipsec-029-05.pcap,train,synthetic_lab_ground_truth,26160,IKEv1,ESP,Tunnel,IPv4,AES-256-GCM,AEAD-GCM,PSK,Diffie-Hellman,DH24,True,True,3600,True,True,True,0x69158538,0x9210B1E8,Video,TCP/QUIC,IPv4,50,4793,1399,37,1362,1,522,126,0.29,730278,215611,514667,0.2952,3448.276,Medium,75,Medium,High,Legacy IKE version detected,0.767,0.82,IKEv1|Tunnel|AES-256-GCM|DH24|True|IPv4|Video
IPSEC-029-06,ipsec-029-06.pcap,train,synthetic_lab_ground_truth,26160,IKEv1,ESP,Tunnel,IPv4,AES-256-GCM,AEAD-GCM,PSK,Diffie-Hellman,DH24,True,True,3600,True,True,True,0x2178558F,0x4CA14767,Chat,TCP,IPv4,50,1138,276,34,242,0,280,51,0.24,77280,40095,37185,0.5188,4166.667,Low,75,Medium,High,Legacy IKE version detected,0.805,0.732,IKEv1|Tunnel|AES-256-GCM|DH24|True|IPv4|Chat
IPSEC-029-07,ipsec-029-07.pcap,train,synthetic_lab_ground_truth,26160,IKEv1,ESP,Tunnel,IPv4,AES-256-GCM,AEAD-GCM,PSK,Diffie-Hellman,DH24,True,True,14400,False,True,False,0x65E451C3,0x825B173E,Web,TCP,IPv4,50,2286,922,22,900,1,607,91,0.4,559654,137768,421886,0.2462,2500.0,Low,75,Medium,High,Legacy IKE version detected,0.815,0.833,IKEv1|Tunnel|AES-256-GCM|DH24|True|IPv4|Web
IPSEC-029-08,ipsec-029-08.pcap,train,synthetic_lab_ground_truth,26160,IKEv1,ESP,Tunnel,IPv4,AES-256-GCM,AEAD-GCM,PSK,Diffie-Hellman,DH24,True,True,86400,True,True,True,0x51D3A8AE,0x5D648B24,Email,TCP,IPv4,50,555,667,44,623,1,474,136,1.2,316158,168199,147959,0.532,833.333,Low,75,Medium,High,Legacy IKE version detected,0.813,0.754,IKEv1|Tunnel|AES-256-GCM|DH24|True|IPv4|Email
IPSEC-029-09,ipsec-029-09.pcap,train,synthetic_lab_ground_truth,26160,IKEv1,ESP,Tunnel,IPv4,AES-256-GCM,AEAD-GCM,PSK,Diffie-Hellman,DH24,True,True,28800,False,True,False,0xA433E23A,0xDC279D7A,File-Transfer,TCP,IPv4,50,4329,1570,26,1544,1,999,300,0.36,1568430,820649,747781,0.5232,2777.778,Low,75,Medium,High,Legacy IKE version detected,0.83,0.799,IKEv1|Tunnel|AES-256-GCM|DH24|True|IPv4|File-Transfer
IPSEC-029-10,ipsec-029-10.pcap,train,synthetic_lab_ground_truth,26160,IKEv1,ESP,Tunnel,IPv4,AES-256-GCM,AEAD-GCM,PSK,Diffie-Hellman,DH24,True,True,7200,True,True,True,0x7C00CBB5,0x859C753E,VoIP,UDP,IPv4,50,3381,299,40,259,1,266,56,0.09,79534,46758,32776,0.5879,10000.0,Medium,75,Medium,High,Legacy IKE version detected,0.801,0.805,IKEv1|Tunnel|AES-256-GCM|DH24|True|IPv4|VoIP
IPSEC-029-11,ipsec-029-11.pcap,train,synthetic_lab_ground_truth,26160,IKEv1,ESP,Tunnel,IPv4,AES-256-GCM,AEAD-GCM,PSK,Diffie-Hellman,DH24,True,True,14400,True,True,True,0xDA8A3971,0x48E7934A,ICMP,ICMP/ICMPv6,IPv4,50,257,100,9,91,0,82,14,0.39,8200,3818,4382,0.4656,2564.103,Low,75,Medium,High,Legacy IKE version detected,0.784,0.873,IKEv1|Tunnel|AES-256-GCM|DH24|True|IPv4|ICMP
IPSEC-029-12,ipsec-029-12.pcap,train,synthetic_lab_ground_truth,26160,IKEv1,ESP,Tunnel,IPv4,AES-256-GCM,AEAD-GCM,PSK,Diffie-Hellman,DH24,True,True,86400,False,True,False,0x576DF159,0x526E697D,Video,TCP/QUIC,IPv4,50,4950,1184,37,1147,1,510,162,0.24,603840,199861,403979,0.331,4166.667,Medium,75,Medium,High,Legacy IKE version detected,0.794,0.9,IKEv1|Tunnel|AES-256-GCM|DH24|True|IPv4|Video
IPSEC-029-13,ipsec-029-13.pcap,train,synthetic_lab_ground_truth,26160,IKEv1,ESP,Tunnel,IPv4,AES-256-GCM,AEAD-GCM,PSK,Diffie-Hellman,DH24,True,True,3600,False,True,False,0x7DD0ED7C,0x8BAB282B,Chat,TCP,IPv4,50,1001,358,14,344,0,305,84,0.36,109190,66348,42842,0.6076,2777.778,Low,75,Medium,High,Legacy IKE version detected,0.832,0.722,IKEv1|Tunnel|AES-256-GCM|DH24|True|IPv4|Chat
IPSEC-029-14,ipsec-029-14.pcap,train,synthetic_lab_ground_truth,26160,IKEv1,ESP,Tunnel,IPv4,AES-256-GCM,AEAD-GCM,PSK,Diffie-Hellman,DH24,True,True,86400,False,True,False,0xC5DEBAA8,0xA6EBF421,Web,TCP,IPv4,50,2994,1254,26,1228,1,571,183,0.42,716034,281287,434747,0.3928,2380.952,Low,75,Medium,High,Legacy IKE version detected,0.825,0.817,IKEv1|Tunnel|AES-256-GCM|DH24|True|IPv4|Web
IPSEC-029-15,ipsec-029-15.pcap,validation,synthetic_lab_ground_truth,26160,IKEv1,ESP,Tunnel,IPv4,AES-256-GCM,AEAD-GCM,PSK,Diffie-Hellman,DH24,True,True,28800,True,True,True,0x9B5330DB,0x651D7CCB,Email,TCP,IPv4,50,435,526,26,500,1,492,78,1.21,258792,113699,145093,0.4393,826.446,Low,75,Medium,High,Legacy IKE version detected,0.808,0.73,IKEv1|Tunnel|AES-256-GCM|DH24|True|IPv4|Email
IPSEC-029-16,ipsec-029-16.pcap,validation,synthetic_lab_ground_truth,26160,IKEv1,ESP,Tunnel,IPv4,AES-256-GCM,AEAD-GCM,PSK,Diffie-Hellman,DH24,True,True,14400,True,True,True,0x8282AB76,0x99B0C9F8,File-Transfer,TCP,IPv4,50,2846,1250,9,1241,2,918,248,0.44,1147500,488963,658537,0.4261,2272.727,Low,75,Medium,High,Legacy IKE version detected,0.84,0.784,IKEv1|Tunnel|AES-256-GCM|DH24|True|IPv4|File-Transfer
IPSEC-029-17,ipsec-029-17.pcap,validation,synthetic_lab_ground_truth,26160,IKEv1,ESP,Tunnel,IPv4,AES-256-GCM,AEAD-GCM,PSK,Diffie-Hellman,DH24,True,True,3600,False,True,False,0x68588508,0x696F1552,VoIP,UDP,IPv4,50,2807,252,26,226,0,245,47,0.09,61740,33050,28690,0.5353,10000.0,Medium,75,Medium,High,Legacy IKE version detected,0.808,0.732,IKEv1|Tunnel|AES-256-GCM|DH24|True|IPv4|VoIP
IPSEC-029-18,ipsec-029-18.pcap,test,synthetic_lab_ground_truth,26160,IKEv1,ESP,Tunnel,IPv4,AES-256-GCM,AEAD-GCM,PSK,Diffie-Hellman,DH24,True,True,86400,True,True,True,0x808D00E5,0xADC241E3,ICMP,ICMP/ICMPv6,IPv4,50,186,72,20,52,0,106,34,0.39,7632,3169,4463,0.4152,2564.103,Low,75,Medium,High,Legacy IKE version detected,0.833,0.92,IKEv1|Tunnel|AES-256-GCM|DH24|True|IPv4|ICMP
IPSEC-029-19,ipsec-029-19.pcap,test,synthetic_lab_ground_truth,26160,IKEv1,ESP,Tunnel,IPv4,AES-256-GCM,AEAD-GCM,PSK,Diffie-Hellman,DH24,True,True,3600,False,True,False,0x186A3253,0x9E5A9952,Video,TCP/QUIC,IPv4,50,4944,1321,43,1278,0,493,95,0.27,651253,231519,419734,0.3555,3703.704,Medium,75,Medium,High,Legacy IKE version detected,0.816,0.902,IKEv1|Tunnel|AES-256-GCM|DH24|True|IPv4|Video
IPSEC-029-20,ipsec-029-20.pcap,test,synthetic_lab_ground_truth,26160,IKEv1,ESP,Tunnel,IPv4,AES-256-GCM,AEAD-GCM,PSK,Diffie-Hellman,DH24,True,True,28800,False,True,False,0xD33B51DD,0x212976F9,Chat,TCP,IPv4,50,999,327,18,309,1,281,55,0.33,91887,45641,46246,0.4967,3030.303,Low,75,Medium,High,Legacy IKE version detected,0.833,0.714,IKEv1|Tunnel|AES-256-GCM|DH24|True|IPv4|Chat
IPSEC-030-01,ipsec-030-01.pcap,train,synthetic_lab_ground_truth,26160,IKEv1,ESP,Tunnel,IPv4,AES-256-GCM,AEAD-GCM,RSA-Signature,Diffie-Hellman,DH20,False,True,7200,False,True,False,0xB13E8754,0xA3D5C4F1,Email,TCP,IPv4,50,576,714,32,682,0,382,69,1.24,272748,158962,113786,0.5828,806.452,Low,73,Medium,High,Legacy IKE version detected; Perfect Forward Secrecy disabled,0.791,0.751,IKEv1|Tunnel|AES-256-GCM|DH20|False|IPv4|Email
IPSEC-030-02,ipsec-030-02.pcap,train,synthetic_lab_ground_truth,26160,IKEv1,ESP,Tunnel,IPv4,AES-256-GCM,AEAD-GCM,RSA-Signature,Diffie-Hellman,DH20,False,True,14400,True,True,True,0xAD0783CA,0xB7893648,File-Transfer,TCP,IPv4,50,3327,1794,41,1753,0,856,186,0.54,1535664,713578,822086,0.4647,1851.852,Low,73,Medium,High,Legacy IKE version detected; Perfect Forward Secrecy disabled,0.858,0.82,IKEv1|Tunnel|AES-256-GCM|DH20|False|IPv4|File-Transfer
IPSEC-030-03,ipsec-030-03.pcap,train,synthetic_lab_ground_truth,26160,IKEv1,ESP,Tunnel,IPv4,AES-256-GCM,AEAD-GCM,RSA-Signature,Diffie-Hellman,DH20,False,True,3600,True,True,True,0x6B3E71CF,0x19624FFD,VoIP,UDP,IPv4,50,2774,232,33,199,2,178,33,0.08,41296,17666,23630,0.4278,10000.0,Medium,73,Medium,High,Legacy IKE version detected; Perfect Forward Secrecy disabled,0.826,0.701,IKEv1|Tunnel|AES-256-GCM|DH20|False|IPv4|VoIP
IPSEC-030-04,ipsec-030-04.pcap,train,synthetic_lab_ground_truth,26160,IKEv1,ESP,Tunnel,IPv4,AES-256-GCM,AEAD-GCM,RSA-Signature,Diffie-Hellman,DH20,False,True,7200,False,True,False,0x1525FCBC,0xB05906B7,ICMP,ICMP/ICMPv6,IPv4,50,343,130,40,90,1,89,17,0.38,11570,5515,6055,0.4767,2631.579,Low,73,Medium,High,Legacy IKE version detected; Perfect Forward Secrecy disabled,0.799,0.889,IKEv1|Tunnel|AES-256-GCM|DH20|False|IPv4|ICMP
IPSEC-030-05,ipsec-030-05.pcap,train,synthetic_lab_ground_truth,26160,IKEv1,ESP,Tunnel,IPv4,AES-256-GCM,AEAD-GCM,RSA-Signature,Diffie-Hellman,DH20,False,True,86400,False,True,False,0xC07BDB16,0xD798E162,Video,TCP/QUIC,IPv4,50,4921,1458,9,1449,2,450,125,0.3,656100,252907,403193,0.3855,3333.333,Medium,73,Medium,High,Legacy IKE version detected; Perfect Forward Secrecy disabled,0.798,0.843,IKEv1|Tunnel|AES-256-GCM|DH20|False|IPv4|Video
IPSEC-030-06,ipsec-030-06.pcap,train,synthetic_lab_ground_truth,26160,IKEv1,ESP,Tunnel,IPv4,AES-256-GCM,AEAD-GCM,RSA-Signature,Diffie-Hellman,DH20,False,True,7200,False,True,False,0x35E2785F,0xB3BC1FA7,Chat,TCP,IPv4,50,1263,502,8,494,2,237,74,0.4,118974,55560,63414,0.467,2500.0,Low,73,Medium,High,Legacy IKE version detected; Perfect Forward Secrecy disabled,0.853,0.756,IKEv1|Tunnel|AES-256-GCM|DH20|False|IPv4|Chat
IPSEC-030-07,ipsec-030-07.pcap,train,synthetic_lab_ground_truth,26160,IKEv1,ESP,Tunnel,IPv4,AES-256-GCM,AEAD-GCM,RSA-Signature,Diffie-Hellman,DH20,False,True,86400,True,True,True,0xA8ACB8AD,0xE67E2471,Web,TCP,IPv4,50,1774,932,29,903,1,633,85,0.53,589956,116471,473485,0.1974,1886.792,Low,73,Medium,High,Legacy IKE version detected; Perfect Forward Secrecy disabled,0.827,0.776,IKEv1|Tunnel|AES-256-GCM|DH20|False|IPv4|Web
IPSEC-030-08,ipsec-030-08.pcap,train,synthetic_lab_ground_truth,26160,IKEv1,ESP,Tunnel,IPv4,AES-256-GCM,AEAD-GCM,RSA-Signature,Diffie-Hellman,DH20,False,True,14400,False,True,False,0xAFCCAF39,0xCAB6E7A7,Email,TCP,IPv4,50,690,818,15,803,0,394,108,1.19,322292,90164,232128,0.2798,840.336,Low,73,Medium,High,Legacy IKE version detected; Perfect Forward Secrecy disabled,0.822,0.721,IKEv1|Tunnel|AES-256-GCM|DH20|False|IPv4|Email
IPSEC-030-09,ipsec-030-09.pcap,train,synthetic_lab_ground_truth,26160,IKEv1,ESP,Tunnel,IPv4,AES-256-GCM,AEAD-GCM,RSA-Signature,Diffie-Hellman,DH20,False,False,28800,False,True,False,0xA1B6C6FF,0x7A0A4A7A,File-Transfer,TCP,IPv4,50,4148,1830,21,1809,1,889,295,0.44,1626870,870311,756559,0.535,2272.727,Low,48,Critical,Critical,Legacy IKE version detected; Perfect Forward Secrecy disabled; Replay protection disabled,0.81,0.846,IKEv1|Tunnel|AES-256-GCM|DH20|False|IPv4|File-Transfer
IPSEC-030-10,ipsec-030-10.pcap,train,synthetic_lab_ground_truth,26160,IKEv1,ESP,Tunnel,IPv4,AES-256-GCM,AEAD-GCM,RSA-Signature,Diffie-Hellman,DH20,False,True,3600,False,True,False,0x598E2EA5,0xECF2F289,VoIP,UDP,IPv4,50,2796,207,22,185,0,220,71,0.07,45540,22476,23064,0.4935,10000.0,Medium,73,Medium,High,Legacy IKE version detected; Perfect Forward Secrecy disabled,0.86,0.817,IKEv1|Tunnel|AES-256-GCM|DH20|False|IPv4|VoIP
IPSEC-030-11,ipsec-030-11.pcap,train,synthetic_lab_ground_truth,26160,IKEv1,ESP,Tunnel,IPv4,AES-256-GCM,AEAD-GCM,RSA-Signature,Diffie-Hellman,DH20,False,True,7200,False,True,False,0x3D527289,0x8F37E652,ICMP,ICMP/ICMPv6,IPv4,50,254,104,8,96,1,88,16,0.41,9152,4731,4421,0.517,2439.024,Low,73,Medium,High,Legacy IKE version detected; Perfect Forward Secrecy disabled,0.847,0.945,IKEv1|Tunnel|AES-256-GCM|DH20|False|IPv4|ICMP
IPSEC-030-12,ipsec-030-12.pcap,train,synthetic_lab_ground_truth,26160,IKEv1,ESP,Tunnel,IPv4,AES-256-GCM,AEAD-GCM,RSA-Signature,Diffie-Hellman,DH20,False,True,7200,False,True,False,0xC81EC28D,0xE7A90AF9,Video,TCP/QUIC,IPv4,50,5744,1477,31,1446,0,423,142,0.26,624771,203896,420875,0.3264,3846.154,Medium,73,Medium,High,Legacy IKE version detected; Perfect Forward Secrecy disabled,0.83,0.848,IKEv1|Tunnel|AES-256-GCM|DH20|False|IPv4|Video
IPSEC-030-13,ipsec-030-13.pcap,train,synthetic_lab_ground_truth,26160,IKEv1,ESP,Tunnel,IPv4,AES-256-GCM,AEAD-GCM,RSA-Signature,Diffie-Hellman,DH20,False,True,3600,True,True,True,0xB0FD9977,0xF812DCF6,Chat,TCP,IPv4,50,1066,321,13,308,0,281,71,0.3,90201,38524,51677,0.4271,3333.333,Low,73,Medium,High,Legacy IKE version detected; Perfect Forward Secrecy disabled,0.824,0.663,IKEv1|Tunnel|AES-256-GCM|DH20|False|IPv4|Chat
IPSEC-030-14,ipsec-030-14.pcap,train,synthetic_lab_ground_truth,26160,IKEv1,ESP,Tunnel,IPv4,AES-256-GCM,AEAD-GCM,RSA-Signature,Diffie-Hellman,DH20,False,True,3600,True,True,True,0xA86EE9C1,0xE7BEC51E,Web,TCP,IPv4,50,2002,951,44,907,1,485,96,0.48,461235,135227,326008,0.2932,2083.333,Low,73,Medium,High,Legacy IKE version detected; Perfect Forward Secrecy disabled,0.798,0.838,IKEv1|Tunnel|AES-256-GCM|DH20|False|IPv4|Web
IPSEC-030-15,ipsec-030-15.pcap,validation,synthetic_lab_ground_truth,26160,IKEv1,ESP,Tunnel,IPv4,AES-256-GCM,AEAD-GCM,RSA-Signature,Diffie-Hellman,DH20,False,True,172800,False,True,False,0x93829D9B,0x26606CFB,Email,TCP,IPv4,50,682,847,39,808,0,404,101,1.24,342188,162749,179439,0.4756,806.452,Low,65,High,High,Legacy IKE version detected; Perfect Forward Secrecy disabled; Long Security Association lifetime,0.86,0.731,IKEv1|Tunnel|AES-256-GCM|DH20|False|IPv4|Email
IPSEC-030-16,ipsec-030-16.pcap,validation,synthetic_lab_ground_truth,26160,IKEv1,ESP,Tunnel,IPv4,AES-256-GCM,AEAD-GCM,RSA-Signature,Diffie-Hellman,DH20,False,False,7200,True,True,True,0xEEA35DFF,0xCB4BD372,File-Transfer,TCP,IPv4,50,3950,1581,22,1559,1,784,206,0.4,1239504,693950,545554,0.5599,2500.0,Low,48,Critical,Critical,Legacy IKE version detected; Perfect Forward Secrecy disabled; Replay protection disabled,0.818,0.776,IKEv1|Tunnel|AES-256-GCM|DH20|False|IPv4|File-Transfer
IPSEC-030-17,ipsec-030-17.pcap,validation,synthetic_lab_ground_truth,26160,IKEv1,ESP,Tunnel,IPv4,AES-256-GCM,AEAD-GCM,RSA-Signature,Diffie-Hellman,DH20,False,True,172800,False,True,False,0x51D260FC,0xC6E252E3,VoIP,UDP,IPv4,50,3572,289,28,261,2,201,32,0.08,58089,38796,19293,0.6679,10000.0,Medium,65,High,High,Legacy IKE version detected; Perfect Forward Secrecy disabled; Long Security Association lifetime,0.777,0.763,IKEv1|Tunnel|AES-256-GCM|DH20|False|IPv4|VoIP
IPSEC-030-18,ipsec-030-18.pcap,test,synthetic_lab_ground_truth,26160,IKEv1,ESP,Tunnel,IPv4,AES-256-GCM,AEAD-GCM,RSA-Signature,Diffie-Hellman,DH20,False,True,600,False,True,False,0x8A1E3F70,0xF1DBE1E5,ICMP,ICMP/ICMPv6,IPv4,50,196,83,17,66,1,76,18,0.42,6308,2680,3628,0.4249,2380.952,Low,73,Medium,High,Legacy IKE version detected; Perfect Forward Secrecy disabled,0.818,0.98,IKEv1|Tunnel|AES-256-GCM|DH20|False|IPv4|ICMP
IPSEC-030-19,ipsec-030-19.pcap,test,synthetic_lab_ground_truth,26160,IKEv1,ESP,Tunnel,IPv4,AES-256-GCM,AEAD-GCM,RSA-Signature,Diffie-Hellman,DH20,False,True,7200,False,True,False,0x18608F4D,0xED8D93DC,Video,TCP/QUIC,IPv4,50,4449,1078,10,1068,1,551,104,0.24,593978,173121,420857,0.2915,4166.667,Medium,73,Medium,High,Legacy IKE version detected; Perfect Forward Secrecy disabled,0.834,0.906,IKEv1|Tunnel|AES-256-GCM|DH20|False|IPv4|Video
IPSEC-030-20,ipsec-030-20.pcap,test,synthetic_lab_ground_truth,26160,IKEv1,ESP,Tunnel,IPv4,AES-256-GCM,AEAD-GCM,RSA-Signature,Diffie-Hellman,DH20,False,True,3600,False,True,False,0xDD853F8D,0xA4CE00F7,Chat,TCP,IPv4,50,1101,366,18,348,1,267,98,0.33,97722,40094,57628,0.4103,3030.303,Low,73,Medium,High,Legacy IKE version detected; Perfect Forward Secrecy disabled,0.843,0.733,IKEv1|Tunnel|AES-256-GCM|DH20|False|IPv4|Chat
IPSEC-031-01,ipsec-031-01.pcap,train,synthetic_lab_ground_truth,26160,IKEv2,ESP,Transport,IPv4,AES-128-GCM,AEAD-GCM,ECDSA-Signature,Diffie-Hellman,DH20,True,True,86400,False,True,False,0xD7E0CEE0,0xA3AF8C43,Email,TCP,IPv4,50,631,924,25,899,0,458,104,1.46,423192,222164,201028,0.525,684.932,Medium,100,Low,Informational,No major policy violations detected,0.953,0.701,IKEv2|Transport|AES-128-GCM|DH20|True|IPv4|Email
IPSEC-031-02,ipsec-031-02.pcap,train,synthetic_lab_ground_truth,26160,IKEv2,ESP,Transport,IPv4,AES-128-GCM,AEAD-GCM,ECDSA-Signature,Diffie-Hellman,DH20,True,True,7200,False,True,False,0x58F59D96,0x85049031,File-Transfer,TCP,IPv4,50,2937,1356,30,1326,1,800,244,0.46,1084800,537987,546813,0.4959,2173.913,Medium,100,Low,Informational,No major policy violations detected,0.949,0.858,IKEv2|Transport|AES-128-GCM|DH20|True|IPv4|File-Transfer
IPSEC-031-03,ipsec-031-03.pcap,train,synthetic_lab_ground_truth,26160,IKEv2,ESP,Transport,IPv4,AES-128-GCM,AEAD-GCM,ECDSA-Signature,Diffie-Hellman,DH20,True,True,172800,True,True,True,0x782F9CB9,0x4ECE8571,VoIP,UDP,IPv4,50,2284,168,24,144,0,203,57,0.07,34104,17638,16466,0.5172,10000.0,Medium,92,Low,Medium,Long Security Association lifetime,0.947,0.757,IKEv2|Transport|AES-128-GCM|DH20|True|IPv4|VoIP
IPSEC-031-04,ipsec-031-04.pcap,train,synthetic_lab_ground_truth,26160,IKEv2,ESP,Transport,IPv4,AES-128-GCM,AEAD-GCM,ECDSA-Signature,Diffie-Hellman,DH20,True,False,14400,False,True,False,0x5C147F25,0xB53573E6,ICMP,ICMP/ICMPv6,IPv4,50,306,119,21,98,0,93,24,0.39,11067,4960,6107,0.4482,2564.103,Medium,75,Medium,Critical,Replay protection disabled,0.923,0.887,IKEv2|Transport|AES-128-GCM|DH20|True|IPv4|ICMP
IPSEC-031-05,ipsec-031-05.pcap,train,synthetic_lab_ground_truth,26160,IKEv2,ESP,Transport,IPv4,AES-128-GCM,AEAD-GCM,ECDSA-Signature,Diffie-Hellman,DH20,True,True,3600,False,True,False,0xB4D4E095,0x77F7162A,Video,TCP/QUIC,IPv4,50,4584,1234,37,1197,2,476,86,0.27,587384,173444,413940,0.2953,3703.704,Medium,100,Low,Informational,No major policy violations detected,0.99,0.851,IKEv2|Transport|AES-128-GCM|DH20|True|IPv4|Video
IPSEC-031-06,ipsec-031-06.pcap,train,synthetic_lab_ground_truth,26160,IKEv2,ESP,Transport,IPv4,AES-128-GCM,AEAD-GCM,ECDSA-Signature,Diffie-Hellman,DH20,True,True,7200,True,True,True,0x5BECCF27,0x7EC0CFD0,Chat,TCP,IPv4,50,1164,463,26,437,1,175,47,0.4,81025,47570,33455,0.5871,2500.0,Medium,100,Low,Informational,No major policy violations detected,0.958,0.744,IKEv2|Transport|AES-128-GCM|DH20|True|IPv4|Chat
IPSEC-031-07,ipsec-031-07.pcap,train,synthetic_lab_ground_truth,26160,IKEv2,ESP,Transport,IPv4,AES-128-GCM,AEAD-GCM,ECDSA-Signature,Diffie-Hellman,DH20,True,True,86400,False,True,False,0x2BA5005B,0x4F92823C,Web,TCP,IPv4,50,2174,822,26,796,0,561,139,0.38,461142,188650,272492,0.4091,2631.579,Medium,100,Low,Informational,No major policy violations detected,0.94,0.785,IKEv2|Transport|AES-128-GCM|DH20|True|IPv4|Web
IPSEC-031-08,ipsec-031-08.pcap,train,synthetic_lab_ground_truth,26160,IKEv2,ESP,Transport,IPv4,AES-128-GCM,AEAD-GCM,ECDSA-Signature,Diffie-Hellman,DH20,True,True,14400,False,True,False,0xDCF760AB,0xBD7B5DEF,Email,TCP,IPv4,50,455,509,15,494,0,445,90,1.12,226505,108126,118379,0.4774,892.857,Medium,100,Low,Informational,No major policy violations detected,0.952,0.767,IKEv2|Transport|AES-128-GCM|DH20|True|IPv4|Email
IPSEC-031-09,ipsec-031-09.pcap,train,synthetic_lab_ground_truth,26160,IKEv2,ESP,Transport,IPv4,AES-128-GCM,AEAD-GCM,ECDSA-Signature,Diffie-Hellman,DH20,True,False,3600,True,True,True,0xDF948C2F,0xB84C8988,File-Transfer,TCP,IPv4,50,3364,1327,30,1297,2,915,342,0.39,1214205,840746,373459,0.6924,2564.103,Medium,75,Medium,Critical,Replay protection disabled,0.973,0.791,IKEv2|Transport|AES-128-GCM|DH20|True|IPv4|File-Transfer
IPSEC-031-10,ipsec-031-10.pcap,train,synthetic_lab_ground_truth,26160,IKEv2,ESP,Transport,IPv4,AES-128-GCM,AEAD-GCM,ECDSA-Signature,Diffie-Hellman,DH20,True,True,14400,False,True,False,0xEF8A0BFC,0xD3A76B8C,VoIP,UDP,IPv4,50,3365,310,25,285,2,227,59,0.09,70370,35356,35014,0.5024,10000.0,Medium,100,Low,Informational,No major policy violations detected,0.943,0.808,IKEv2|Transport|AES-128-GCM|DH20|True|IPv4|VoIP
IPSEC-031-11,ipsec-031-11.pcap,train,synthetic_lab_ground_truth,26160,IKEv2,ESP,Transport,IPv4,AES-128-GCM,AEAD-GCM,ECDSA-Signature,Diffie-Hellman,DH20,True,True,3600,True,True,True,0xC9C52929,0xE4CB6683,ICMP,ICMP/ICMPv6,IPv4,50,277,127,13,114,0,93,26,0.46,11811,5272,6539,0.4464,2173.913,Medium,100,Low,Informational,No major policy violations detected,0.874,0.884,IKEv2|Transport|AES-128-GCM|DH20|True|IPv4|ICMP
IPSEC-031-12,ipsec-031-12.pcap,train,synthetic_lab_ground_truth,26160,IKEv2,ESP,Transport,IPv4,AES-128-GCM,AEAD-GCM,ECDSA-Signature,Diffie-Hellman,DH20,True,True,3600,True,True,True,0x53834CB3,0xBAAA3D8C,Video,TCP/QUIC,IPv4,50,4674,1324,14,1310,1,490,119,0.28,648760,289739,359021,0.4466,3571.429,Medium,100,Low,Informational,No major policy violations detected,0.975,0.79,IKEv2|Transport|AES-128-GCM|DH20|True|IPv4|Video
IPSEC-031-13,ipsec-031-13.pcap,train,synthetic_lab_ground_truth,26160,IKEv2,ESP,Transport,IPv4,AES-128-GCM,AEAD-GCM,ECDSA-Signature,Diffie-Hellman,DH20,True,True,28800,False,True,False,0x8F8453E6,0xE18F8982,Chat,TCP,IPv4,50,1219,486,15,471,0,254,89,0.4,123444,59824,63620,0.4846,2500.0,Medium,100,Low,Informational,No major policy violations detected,0.986,0.656,IKEv2|Transport|AES-128-GCM|DH20|True|IPv4|Chat
IPSEC-031-14,ipsec-031-14.pcap,train,synthetic_lab_ground_truth,26160,IKEv2,ESP,Transport,IPv4,AES-128-GCM,AEAD-GCM,ECDSA-Signature,Diffie-Hellman,DH20,True,True,3600,False,True,False,0xEB075B17,0xBB19833E,Web,TCP,IPv4,50,1871,763,18,745,1,501,192,0.41,382263,120382,261881,0.3149,2439.024,Medium,100,Low,Informational,No major policy violations detected,0.963,0.816,IKEv2|Transport|AES-128-GCM|DH20|True|IPv4|Web
IPSEC-031-15,ipsec-031-15.pcap,validation,synthetic_lab_ground_truth,26160,IKEv2,ESP,Transport,IPv4,AES-128-GCM,AEAD-GCM,ECDSA-Signature,Diffie-Hellman,DH20,True,True,172800,False,True,False,0x952162A1,0x831751B1,Email,TCP,IPv4,50,527,638,36,602,0,409,105,1.21,260942,120953,139989,0.4635,826.446,Medium,92,Low,Medium,Long Security Association lifetime,0.911,0.718,IKEv2|Transport|AES-128-GCM|DH20|True|IPv4|Email
IPSEC-031-16,ipsec-031-16.pcap,validation,synthetic_lab_ground_truth,26160,IKEv2,ESP,Transport,IPv4,AES-128-GCM,AEAD-GCM,ECDSA-Signature,Diffie-Hellman,DH20,True,True,7200,False,True,False,0x5AA8E78C,0xF54F49F3,File-Transfer,TCP,IPv4,50,2438,1041,18,1023,0,581,111,0.43,604821,332268,272553,0.5494,2325.581,Medium,100,Low,Informational,No major policy violations detected,0.949,0.846,IKEv2|Transport|AES-128-GCM|DH20|True|IPv4|File-Transfer
IPSEC-031-17,ipsec-031-17.pcap,validation,synthetic_lab_ground_truth,26160,IKEv2,ESP,Transport,IPv4,AES-128-GCM,AEAD-GCM,ECDSA-Signature,Diffie-Hellman,DH20,True,True,3600,True,True,True,0x3DB13F4B,0x47C6D7C7,VoIP,UDP,IPv4,50,3082,242,20,222,1,225,65,0.08,54450,29807,24643,0.5474,10000.0,Medium,100,Low,Informational,No major policy violations detected,0.937,0.779,IKEv2|Transport|AES-128-GCM|DH20|True|IPv4|VoIP
IPSEC-031-18,ipsec-031-18.pcap,test,synthetic_lab_ground_truth,26160,IKEv2,ESP,Transport,IPv4,AES-128-GCM,AEAD-GCM,ECDSA-Signature,Diffie-Hellman,DH20,True,True,86400,True,True,True,0xB57CEA1F,0x75C0B5C8,ICMP,ICMP/ICMPv6,IPv4,50,214,82,40,42,2,85,19,0.38,6970,3163,3807,0.4538,2631.579,Medium,100,Low,Informational,No major policy violations detected,0.94,0.948,IKEv2|Transport|AES-128-GCM|DH20|True|IPv4|ICMP
IPSEC-031-19,ipsec-031-19.pcap,test,synthetic_lab_ground_truth,26160,IKEv2,ESP,Transport,IPv4,AES-128-GCM,AEAD-GCM,ECDSA-Signature,Diffie-Hellman,DH20,True,True,172800,False,True,False,0x4663C7EC,0x26AB645C,Video,TCP/QUIC,IPv4,50,5135,1220,43,1177,0,494,105,0.24,602680,162299,440381,0.2693,4166.667,Medium,92,Low,Medium,Long Security Association lifetime,0.956,0.82,IKEv2|Transport|AES-128-GCM|DH20|True|IPv4|Video
IPSEC-031-20,ipsec-031-20.pcap,test,synthetic_lab_ground_truth,26160,IKEv2,ESP,Transport,IPv4,AES-128-GCM,AEAD-GCM,ECDSA-Signature,Diffie-Hellman,DH20,True,False,7200,False,True,False,0x8C615924,0x2994FD8A,Chat,TCP,IPv4,50,942,248,38,210,1,228,56,0.26,56544,36168,20376,0.6397,3846.154,Medium,75,Medium,Critical,Replay protection disabled,0.94,0.732,IKEv2|Transport|AES-128-GCM|DH20|True|IPv4|Chat
IPSEC-032-01,ipsec-032-01.pcap,train,synthetic_lab_ground_truth,26160,IKEv2,ESP,Tunnel,IPv6,AES-128-CBC,HMAC-SHA1-96,ECDSA-Signature,Diffie-Hellman,DH2,True,True,300,False,True,False,0x92458CC8,0x18FCCC71,Email,TCP,IPv6,50,424,416,25,391,0,400,125,0.98,166400,95659,70741,0.5749,1020.408,Low,49,Critical,Critical,Legacy integrity algorithm: HMAC-SHA1-96; Weak/legacy DH group,0.863,0.708,IKEv2|Tunnel|AES-128-CBC|DH2|True|IPv6|Email
IPSEC-032-02,ipsec-032-02.pcap,train,synthetic_lab_ground_truth,26160,IKEv2,ESP,Tunnel,IPv6,AES-128-CBC,HMAC-SHA1-96,ECDSA-Signature,Diffie-Hellman,DH2,True,True,14400,False,True,False,0x56610B20,0xC48EE1F5,File-Transfer,TCP,IPv6,50,3793,1315,42,1273,0,765,146,0.35,1005975,478061,527914,0.4752,2857.143,Low,49,Critical,Critical,Legacy integrity algorithm: HMAC-SHA1-96; Weak/legacy DH group,0.92,0.783,IKEv2|Tunnel|AES-128-CBC|DH2|True|IPv6|File-Transfer
IPSEC-032-03,ipsec-032-03.pcap,train,synthetic_lab_ground_truth,26160,IKEv2,ESP,Tunnel,IPv6,AES-128-CBC,HMAC-SHA1-96,ECDSA-Signature,Diffie-Hellman,DH2,True,True,7200,False,True,False,0xCDDE24B7,0x7A6AD401,VoIP,UDP,IPv6,50,2455,230,41,189,0,209,57,0.09,48070,20017,28053,0.4164,10000.0,Medium,49,Critical,Critical,Legacy integrity algorithm: HMAC-SHA1-96; Weak/legacy DH group,0.869,0.8,IKEv2|Tunnel|AES-128-CBC|DH2|True|IPv6|VoIP
IPSEC-032-04,ipsec-032-04.pcap,train,synthetic_lab_ground_truth,26160,IKEv2,ESP,Tunnel,IPv6,AES-128-CBC,HMAC-SHA1-96,ECDSA-Signature,Diffie-Hellman,DH2,True,False,3600,False,True,False,0xF1CC2C0D,0xD7933944,ICMP,ICMP/ICMPv6,IPv6,50,196,77,17,60,0,102,30,0.39,7854,3329,4525,0.424,2564.103,Low,24,Critical,Critical,Legacy integrity algorithm: HMAC-SHA1-96; Weak/legacy DH group; Replay protection disabled,0.909,0.93,IKEv2|Tunnel|AES-128-CBC|DH2|True|IPv6|ICMP
IPSEC-032-05,ipsec-032-05.pcap,train,synthetic_lab_ground_truth,26160,IKEv2,ESP,Tunnel,IPv6,AES-128-CBC,HMAC-SHA1-96,ECDSA-Signature,Diffie-Hellman,DH2,True,True,86400,False,True,False,0xBBF59A02,0x98328E52,Video,TCP/QUIC,IPv6,50,4946,1370,40,1330,1,572,128,0.28,783640,266632,517008,0.3402,3571.429,Medium,49,Critical,Critical,Legacy integrity algorithm: HMAC-SHA1-96; Weak/legacy DH group,0.902,0.781,IKEv2|Tunnel|AES-128-CBC|DH2|True|IPv6|Video
IPSEC-032-06,ipsec-032-06.pcap,train,synthetic_lab_ground_truth,26160,IKEv2,ESP,Tunnel,IPv6,AES-128-CBC,HMAC-SHA1-96,ECDSA-Signature,Diffie-Hellman,DH2,True,True,14400,True,True,True,0x20F115F5,0xF6B8041D,Chat,TCP,IPv6,50,1221,418,40,378,1,217,62,0.34,90706,47074,43632,0.519,2941.176,Low,49,Critical,Critical,Legacy integrity algorithm: HMAC-SHA1-96; Weak/legacy DH group,0.903,0.715,IKEv2|Tunnel|AES-128-CBC|DH2|True|IPv6|Chat
IPSEC-032-07,ipsec-032-07.pcap,train,synthetic_lab_ground_truth,26160,IKEv2,ESP,Tunnel,IPv6,AES-128-CBC,HMAC-SHA1-96,ECDSA-Signature,Diffie-Hellman,DH2,True,True,3600,True,True,True,0x88AA89FA,0x63201302,Web,TCP,IPv6,50,1793,734,33,701,1,552,130,0.41,405168,135368,269800,0.3341,2439.024,Low,49,Critical,Critical,Legacy integrity algorithm: HMAC-SHA1-96; Weak/legacy DH group,0.892,0.768,IKEv2|Tunnel|AES-128-CBC|DH2|True|IPv6|Web
IPSEC-032-08,ipsec-032-08.pcap,train,synthetic_lab_ground_truth,26160,IKEv2,ESP,Tunnel,IPv6,AES-128-CBC,HMAC-SHA1-96,ECDSA-Signature,Diffie-Hellman,DH2,True,True,28800,True,True,True,0x87090487,0xE428BAE0,Email,TCP,IPv6,50,385,396,15,381,0,378,126,1.03,149688,68194,81494,0.4556,970.874,Low,49,Critical,Critical,Legacy integrity algorithm: HMAC-SHA1-96; Weak/legacy DH group,0.915,0.721,IKEv2|Tunnel|AES-128-CBC|DH2|True|IPv6|Email
IPSEC-032-09,ipsec-032-09.pcap,train,synthetic_lab_ground_truth,26160,IKEv2,ESP,Tunnel,IPv6,AES-128-CBC,HMAC-SHA1-96,ECDSA-Signature,Diffie-Hellman,DH2,True,True,3600,False,True,False,0x2DF8C5A3,0x37F2CE95,File-Transfer,TCP,IPv6,50,3745,1534,24,1510,0,843,215,0.41,1293162,652984,640178,0.505,2439.024,Low,49,Critical,Critical,Legacy integrity algorithm: HMAC-SHA1-96; Weak/legacy DH group,0.894,0.827,IKEv2|Tunnel|AES-128-CBC|DH2|True|IPv6|File-Transfer
IPSEC-032-10,ipsec-032-10.pcap,train,synthetic_lab_ground_truth,26160,IKEv2,ESP,Tunnel,IPv6,AES-128-CBC,HMAC-SHA1-96,ECDSA-Signature,Diffie-Hellman,DH2,True,True,14400,False,True,False,0x6385278D,0x54FFF54D,VoIP,UDP,IPv6,50,2396,190,41,149,2,225,75,0.08,42750,22327,20423,0.5223,10000.0,Medium,49,Critical,Critical,Legacy integrity algorithm: HMAC-SHA1-96; Weak/legacy DH group,0.895,0.833,IKEv2|Tunnel|AES-128-CBC|DH2|True|IPv6|VoIP
IPSEC-032-11,ipsec-032-11.pcap,train,synthetic_lab_ground_truth,26160,IKEv2,ESP,Tunnel,IPv6,AES-128-CBC,HMAC-SHA1-96,ECDSA-Signature,Diffie-Hellman,DH2,True,True,14400,True,True,True,0xD4963ED0,0xFC654243,ICMP,ICMP/ICMPv6,IPv6,50,186,74,25,49,0,91,26,0.4,6734,3483,3251,0.5173,2500.0,Low,49,Critical,Critical,Legacy integrity algorithm: HMAC-SHA1-96; Weak/legacy DH group,0.902,0.935,IKEv2|Tunnel|AES-128-CBC|DH2|True|IPv6|ICMP
IPSEC-032-12,ipsec-032-12.pcap,train,synthetic_lab_ground_truth,26160,IKEv2,ESP,Tunnel,IPv6,AES-128-CBC,HMAC-SHA1-96,ECDSA-Signature,Diffie-Hellman,DH2,True,True,86400,False,True,False,0x6C16E8FC,0xB4B902AF,Video,TCP/QUIC,IPv6,50,4266,1184,35,1149,0,507,97,0.28,600288,225203,375085,0.3752,3571.429,Medium,49,Critical,Critical,Legacy integrity algorithm: HMAC-SHA1-96; Weak/legacy DH group,0.898,0.892,IKEv2|Tunnel|AES-128-CBC|DH2|True|IPv6|Video
IPSEC-032-13,ipsec-032-13.pcap,train,synthetic_lab_ground_truth,26160,IKEv2,ESP,Tunnel,IPv6,AES-128-CBC,HMAC-SHA1-96,ECDSA-Signature,Diffie-Hellman,DH2,True,False,7200,False,True,False,0xA6313240,0x1242DB18,Chat,TCP,IPv6,50,1304,413,25,388,0,253,44,0.32,104489,50182,54307,0.4803,3125.0,Low,24,Critical,Critical,Legacy integrity algorithm: HMAC-SHA1-96; Weak/legacy DH group; Replay protection disabled,0.883,0.69,IKEv2|Tunnel|AES-128-CBC|DH2|True|IPv6|Chat
IPSEC-032-14,ipsec-032-14.pcap,train,synthetic_lab_ground_truth,26160,IKEv2,ESP,Tunnel,IPv6,AES-128-CBC,HMAC-SHA1-96,ECDSA-Signature,Diffie-Hellman,DH2,True,True,3600,False,True,False,0xFDF88C27,0x2ACB48A7,Web,TCP,IPv6,50,1625,843,30,813,0,620,200,0.52,522660,198598,324062,0.38,1923.077,Low,49,Critical,Critical,Legacy integrity algorithm: HMAC-SHA1-96; Weak/legacy DH group,0.878,0.844,IKEv2|Tunnel|AES-128-CBC|DH2|True|IPv6|Web
IPSEC-032-15,ipsec-032-15.pcap,validation,synthetic_lab_ground_truth,26160,IKEv2,ESP,Tunnel,IPv6,AES-128-CBC,HMAC-SHA1-96,ECDSA-Signature,Diffie-Hellman,DH2,True,True,1800,False,True,False,0x33154A10,0xEDB13CA3,Email,TCP,IPv6,50,730,869,16,853,1,445,87,1.19,386705,230858,155847,0.597,840.336,Low,49,Critical,Critical,Legacy integrity algorithm: HMAC-SHA1-96; Weak/legacy DH group,0.902,0.784,IKEv2|Tunnel|AES-128-CBC|DH2|True|IPv6|Email
IPSEC-032-16,ipsec-032-16.pcap,validation,synthetic_lab_ground_truth,26160,IKEv2,ESP,Tunnel,IPv6,AES-128-CBC,HMAC-SHA1-96,ECDSA-Signature,Diffie-Hellman,DH2,True,True,600,True,True,True,0x17E3E14B,0xC48D739D,File-Transfer,TCP,IPv6,50,3118,1255,37,1218,0,766,187,0.4,961330,497063,464267,0.5171,2500.0,Low,49,Critical,Critical,Legacy integrity algorithm: HMAC-SHA1-96; Weak/legacy DH group,0.886,0.802,IKEv2|Tunnel|AES-128-CBC|DH2|True|IPv6|File-Transfer
IPSEC-032-17,ipsec-032-17.pcap,validation,synthetic_lab_ground_truth,26160,IKEv2,ESP,Tunnel,IPv6,AES-128-CBC,HMAC-SHA1-96,ECDSA-Signature,Diffie-Hellman,DH2,True,True,7200,False,True,False,0x6861DFAD,0x4A943439,VoIP,UDP,IPv6,50,3107,276,30,246,1,182,37,0.09,50232,27280,22952,0.5431,10000.0,Medium,49,Critical,Critical,Legacy integrity algorithm: HMAC-SHA1-96; Weak/legacy DH group,0.922,0.815,IKEv2|Tunnel|AES-128-CBC|DH2|True|IPv6|VoIP
IPSEC-032-18,ipsec-032-18.pcap,test,synthetic_lab_ground_truth,26160,IKEv2,ESP,Tunnel,IPv6,AES-128-CBC,HMAC-SHA1-96,ECDSA-Signature,Diffie-Hellman,DH2,True,True,600,False,True,False,0x9EA5FF18,0x8A43D6A0,ICMP,ICMP/ICMPv6,IPv6,50,224,85,41,44,0,85,20,0.38,7225,2854,4371,0.3951,2631.579,Low,49,Critical,Critical,Legacy integrity algorithm: HMAC-SHA1-96; Weak/legacy DH group,0.847,0.886,IKEv2|Tunnel|AES-128-CBC|DH2|True|IPv6|ICMP
IPSEC-032-19,ipsec-032-19.pcap,test,synthetic_lab_ground_truth,26160,IKEv2,ESP,Tunnel,IPv6,AES-128-CBC,HMAC-SHA1-96,ECDSA-Signature,Diffie-Hellman,DH2,True,True,7200,False,True,False,0xDAD635BE,0xC7D82DA1,Video,TCP/QUIC,IPv6,50,5822,1624,43,1581,1,442,115,0.28,717808,271610,446198,0.3784,3571.429,Medium,49,Critical,Critical,Legacy integrity algorithm: HMAC-SHA1-96; Weak/legacy DH group,0.885,0.769,IKEv2|Tunnel|AES-128-CBC|DH2|True|IPv6|Video
IPSEC-032-20,ipsec-032-20.pcap,test,synthetic_lab_ground_truth,26160,IKEv2,ESP,Tunnel,IPv6,AES-128-CBC,HMAC-SHA1-96,ECDSA-Signature,Diffie-Hellman,DH2,True,True,86400,False,True,False,0x49CA060A,0x65DA070F,Chat,TCP,IPv6,50,1091,382,27,355,1,262,31,0.35,100084,41535,58549,0.415,2857.143,Low,49,Critical,Critical,Legacy integrity algorithm: HMAC-SHA1-96; Weak/legacy DH group,0.887,0.727,IKEv2|Tunnel|AES-128-CBC|DH2|True|IPv6|Chat
IPSEC-033-01,ipsec-033-01.pcap,train,synthetic_lab_ground_truth,26160,IKEv2,ESP,Transport,IPv4,AES-256-CBC,HMAC-SHA256-128,RSA-Signature,Diffie-Hellman,DH2,True,True,172800,False,True,False,0xC731799F,0x9A377A51,Email,TCP,IPv4,50,732,924,43,881,4,507,107,1.26,468468,207371,261097,0.4427,793.651,Medium,63,High,Critical,Weak/legacy DH group; Long Security Association lifetime,0.933,0.73,IKEv2|Transport|AES-256-CBC|DH2|True|IPv4|Email
IPSEC-033-02,ipsec-033-02.pcap,train,synthetic_lab_ground_truth,26160,IKEv2,ESP,Transport,IPv4,AES-256-CBC,HMAC-SHA256-128,RSA-Signature,Diffie-Hellman,DH2,True,True,600,True,True,True,0xA4ABE7BB,0xF9197BA6,File-Transfer,TCP,IPv4,50,2939,1309,40,1269,1,1030,194,0.45,1348270,677990,670280,0.5029,2222.222,Medium,71,Medium,Critical,Weak/legacy DH group,0.868,0.783,IKEv2|Transport|AES-256-CBC|DH2|True|IPv4|File-Transfer
IPSEC-033-03,ipsec-033-03.pcap,train,synthetic_lab_ground_truth,26160,IKEv2,ESP,Transport,IPv4,AES-256-CBC,HMAC-SHA256-128,RSA-Signature,Diffie-Hellman,DH2,True,True,3600,False,True,False,0xA68DDCD4,0x904EFF19,VoIP,UDP,IPv4,50,2557,198,32,166,1,208,47,0.08,41184,23401,17783,0.5682,10000.0,Medium,71,Medium,Critical,Weak/legacy DH group,0.883,0.8,IKEv2|Transport|AES-256-CBC|DH2|True|IPv4|VoIP
IPSEC-033-04,ipsec-033-04.pcap,train,synthetic_lab_ground_truth,26160,IKEv2,ESP,Transport,IPv4,AES-256-CBC,HMAC-SHA256-128,RSA-Signature,Diffie-Hellman,DH2,True,True,28800,True,True,True,0xD13BF1E0,0xA9EC71EF,ICMP,ICMP/ICMPv6,IPv4,50,335,144,18,126,1,104,28,0.43,14976,6516,8460,0.4351,2325.581,Medium,71,Medium,Critical,Weak/legacy DH group,0.888,0.908,IKEv2|Transport|AES-256-CBC|DH2|True|IPv4|ICMP
IPSEC-033-05,ipsec-033-05.pcap,train,synthetic_lab_ground_truth,26160,IKEv2,ESP,Transport,IPv4,AES-256-CBC,HMAC-SHA256-128,RSA-Signature,Diffie-Hellman,DH2,True,True,14400,False,True,False,0x745E4970,0xF43024BA,Video,TCP/QUIC,IPv4,50,2892,803,15,788,0,519,106,0.28,416757,117479,299278,0.2819,3571.429,Medium,71,Medium,Critical,Weak/legacy DH group,0.891,0.81,IKEv2|Transport|AES-256-CBC|DH2|True|IPv4|Video
IPSEC-033-06,ipsec-033-06.pcap,train,synthetic_lab_ground_truth,26160,IKEv2,ESP,Transport,IPv4,AES-256-CBC,HMAC-SHA256-128,RSA-Signature,Diffie-Hellman,DH2,True,False,3600,False,True,False,0xE2A97AEF,0x5BD3FB2A,Chat,TCP,IPv4,50,1299,451,44,407,0,223,52,0.35,100573,47749,52824,0.4748,2857.143,Medium,46,Critical,Critical,Weak/legacy DH group; Replay protection disabled,0.9,0.739,IKEv2|Transport|AES-256-CBC|DH2|True|IPv4|Chat
IPSEC-033-07,ipsec-033-07.pcap,train,synthetic_lab_ground_truth,26160,IKEv2,ESP,Transport,IPv4,AES-256-CBC,HMAC-SHA256-128,RSA-Signature,Diffie-Hellman,DH2,True,True,3600,True,True,True,0x3E053847,0xB3AFC698,Web,TCP,IPv4,50,3154,1294,15,1279,0,567,158,0.41,733698,322605,411093,0.4397,2439.024,Medium,71,Medium,Critical,Weak/legacy DH group,0.9,0.747,IKEv2|Transport|AES-256-CBC|DH2|True|IPv4|Web
IPSEC-033-08,ipsec-033-08.pcap,train,synthetic_lab_ground_truth,26160,IKEv2,ESP,Transport,IPv4,AES-256-CBC,HMAC-SHA256-128,RSA-Signature,Diffie-Hellman,DH2,True,True,28800,False,True,False,0x90474304,0x10DE18A7,Email,TCP,IPv4,50,614,654,16,638,0,448,100,1.07,292992,183046,109946,0.6248,934.579,Medium,71,Medium,Critical,Weak/legacy DH group,0.928,0.78,IKEv2|Transport|AES-256-CBC|DH2|True|IPv4|Email
IPSEC-033-09,ipsec-033-09.pcap,train,synthetic_lab_ground_truth,26160,IKEv2,ESP,Transport,IPv4,AES-256-CBC,HMAC-SHA256-128,RSA-Signature,Diffie-Hellman,DH2,True,True,600,True,True,True,0xA8E71AFC,0xC13429A8,File-Transfer,TCP,IPv4,50,3627,1466,8,1458,0,845,212,0.4,1238770,593216,645554,0.4789,2500.0,Medium,71,Medium,Critical,Weak/legacy DH group,0.866,0.793,IKEv2|Transport|AES-256-CBC|DH2|True|IPv4|File-Transfer
IPSEC-033-10,ipsec-033-10.pcap,train,synthetic_lab_ground_truth,26160,IKEv2,ESP,Transport,IPv4,AES-256-CBC,HMAC-SHA256-128,RSA-Signature,Diffie-Hellman,DH2,True,True,1800,True,True,True,0x69404FCA,0xC161C987,VoIP,UDP,IPv4,50,2702,246,11,235,2,197,66,0.09,48462,26049,22413,0.5375,10000.0,Medium,71,Medium,Critical,Weak/legacy DH group,0.888,0.775,IKEv2|Transport|AES-256-CBC|DH2|True|IPv4|VoIP
IPSEC-033-11,ipsec-033-11.pcap,train,synthetic_lab_ground_truth,26160,IKEv2,ESP,Transport,IPv4,AES-256-CBC,HMAC-SHA256-128,RSA-Signature,Diffie-Hellman,DH2,True,False,1800,False,True,False,0x7C4C4C71,0xF735E030,ICMP,ICMP/ICMPv6,IPv4,50,254,113,35,78,0,99,30,0.44,11187,5630,5557,0.5033,2272.727,Medium,46,Critical,Critical,Weak/legacy DH group; Replay protection disabled,0.937,0.883,IKEv2|Transport|AES-256-CBC|DH2|True|IPv4|ICMP
IPSEC-033-12,ipsec-033-12.pcap,train,synthetic_lab_ground_truth,26160,IKEv2,ESP,Transport,IPv4,AES-256-CBC,HMAC-SHA256-128,RSA-Signature,Diffie-Hellman,DH2,True,True,14400,False,True,False,0x1E210D2D,0x9398F5C7,Video,TCP/QUIC,IPv4,50,4961,1396,37,1359,0,505,148,0.28,704980,339917,365063,0.4822,3571.429,Medium,71,Medium,Critical,Weak/legacy DH group,0.903,0.892,IKEv2|Transport|AES-256-CBC|DH2|True|IPv4|Video
IPSEC-033-13,ipsec-033-13.pcap,train,synthetic_lab_ground_truth,26160,IKEv2,ESP,Transport,IPv4,AES-256-CBC,HMAC-SHA256-128,RSA-Signature,Diffie-Hellman,DH2,True,True,28800,False,True,False,0x37B691F6,0x85208D6C,Chat,TCP,IPv4,50,1229,449,29,420,0,258,94,0.37,115842,81594,34248,0.7044,2702.703,Medium,71,Medium,Critical,Weak/legacy DH group,0.888,0.735,IKEv2|Transport|AES-256-CBC|DH2|True|IPv4|Chat
IPSEC-033-14,ipsec-033-14.pcap,train,synthetic_lab_ground_truth,26160,IKEv2,ESP,Transport,IPv4,AES-256-CBC,HMAC-SHA256-128,RSA-Signature,Diffie-Hellman,DH2,True,True,28800,False,True,False,0x237D7307,0x39613AEA,Web,TCP,IPv4,50,2260,817,14,803,0,540,106,0.36,441180,128149,313031,0.2905,2777.778,Medium,71,Medium,Critical,Weak/legacy DH group,0.873,0.829,IKEv2|Transport|AES-256-CBC|DH2|True|IPv4|Web
IPSEC-033-15,ipsec-033-15.pcap,validation,synthetic_lab_ground_truth,26160,IKEv2,ESP,Transport,IPv4,AES-256-CBC,HMAC-SHA256-128,RSA-Signature,Diffie-Hellman,DH2,True,True,14400,False,True,False,0x58EFEF7C,0x41F61C1F,Email,TCP,IPv4,50,515,628,29,599,1,445,170,1.22,279460,106417,173043,0.3808,819.672,Medium,71,Medium,Critical,Weak/legacy DH group,0.862,0.771,IKEv2|Transport|AES-256-CBC|DH2|True|IPv4|Email
IPSEC-033-16,ipsec-033-16.pcap,validation,synthetic_lab_ground_truth,26160,IKEv2,ESP,Transport,IPv4,AES-256-CBC,HMAC-SHA256-128,RSA-Signature,Diffie-Hellman,DH2,True,True,1800,False,True,False,0xE0131700,0xFE4B5BC4,File-Transfer,TCP,IPv4,50,3927,1979,42,1937,2,769,210,0.5,1521851,935651,586200,0.6148,2000.0,Medium,71,Medium,Critical,Weak/legacy DH group,0.928,0.84,IKEv2|Transport|AES-256-CBC|DH2|True|IPv4|File-Transfer
IPSEC-033-17,ipsec-033-17.pcap,validation,synthetic_lab_ground_truth,26160,IKEv2,ESP,Transport,IPv4,AES-256-CBC,HMAC-SHA256-128,RSA-Signature,Diffie-Hellman,DH2,True,True,600,True,True,True,0xC2B57F8B,0x52187B5E,VoIP,UDP,IPv4,50,3014,251,31,220,0,202,42,0.08,50702,18847,31855,0.3717,10000.0,Medium,71,Medium,Critical,Weak/legacy DH group,0.882,0.809,IKEv2|Transport|AES-256-CBC|DH2|True|IPv4|VoIP
IPSEC-033-18,ipsec-033-18.pcap,test,synthetic_lab_ground_truth,26160,IKEv2,ESP,Transport,IPv4,AES-256-CBC,HMAC-SHA256-128,RSA-Signature,Diffie-Hellman,DH2,True,True,3600,True,True,True,0xF6CF25D0,0x3B106450,ICMP,ICMP/ICMPv6,IPv4,50,242,81,20,61,2,84,23,0.33,6804,3985,2819,0.5858,3030.303,Medium,71,Medium,Critical,Weak/legacy DH group,0.885,0.902,IKEv2|Transport|AES-256-CBC|DH2|True|IPv4|ICMP
IPSEC-033-19,ipsec-033-19.pcap,test,synthetic_lab_ground_truth,26160,IKEv2,ESP,Transport,IPv4,AES-256-CBC,HMAC-SHA256-128,RSA-Signature,Diffie-Hellman,DH2,True,True,14400,False,True,False,0xB136E9A5,0xADD7AE2C,Video,TCP/QUIC,IPv4,50,4585,907,43,864,0,489,141,0.2,443523,202096,241427,0.4557,5000.0,Medium,71,Medium,Critical,Weak/legacy DH group,0.898,0.9,IKEv2|Transport|AES-256-CBC|DH2|True|IPv4|Video
IPSEC-033-20,ipsec-033-20.pcap,test,synthetic_lab_ground_truth,26160,IKEv2,ESP,Transport,IPv4,AES-256-CBC,HMAC-SHA256-128,RSA-Signature,Diffie-Hellman,DH2,True,True,86400,True,True,True,0xFF68B0BB,0x412B734B,Chat,TCP,IPv4,50,1092,421,29,392,1,271,88,0.39,114091,65824,48267,0.5769,2564.103,Medium,71,Medium,Critical,Weak/legacy DH group,0.921,0.689,IKEv2|Transport|AES-256-CBC|DH2|True|IPv4|Chat
IPSEC-034-01,ipsec-034-01.pcap,train,synthetic_lab_ground_truth,26160,IKEv1,ESP,Tunnel,IPv6,AES-128-GCM,AEAD-GCM,PSK,Diffie-Hellman,DH19,True,True,14400,True,True,True,0x9249E001,0x522A2340,Email,TCP,IPv6,50,490,566,20,546,0,357,71,1.16,202062,119894,82168,0.5934,862.069,Low,83,Medium,High,Legacy IKE version detected,0.821,0.729,IKEv1|Tunnel|AES-128-GCM|DH19|True|IPv6|Email
IPSEC-034-02,ipsec-034-02.pcap,train,synthetic_lab_ground_truth,26160,IKEv1,ESP,Tunnel,IPv6,AES-128-GCM,AEAD-GCM,PSK,Diffie-Hellman,DH19,True,True,86400,False,True,False,0xCAADC33E,0x4EAC4586,File-Transfer,TCP,IPv6,50,2445,1302,15,1287,0,1054,361,0.53,1372308,759549,612759,0.5535,1886.792,Low,83,Medium,High,Legacy IKE version detected,0.814,0.813,IKEv1|Tunnel|AES-128-GCM|DH19|True|IPv6|File-Transfer
IPSEC-034-03,ipsec-034-03.pcap,train,synthetic_lab_ground_truth,26160,IKEv1,ESP,Tunnel,IPv6,AES-128-GCM,AEAD-GCM,PSK,Diffie-Hellman,DH19,True,False,3600,False,True,False,0x428E6FBF,0x31870DF6,VoIP,UDP,IPv6,50,2787,235,38,197,1,233,64,0.08,54755,33959,20796,0.6202,10000.0,Medium,58,High,Critical,Legacy IKE version detected; Replay protection disabled,0.817,0.848,IKEv1|Tunnel|AES-128-GCM|DH19|True|IPv6|VoIP
IPSEC-034-04,ipsec-034-04.pcap,train,synthetic_lab_ground_truth,26160,IKEv1,ESP,Tunnel,IPv6,AES-128-GCM,AEAD-GCM,PSK,Diffie-Hellman,DH19,True,True,1800,True,True,True,0xA8A817DB,0x840DAD24,ICMP,ICMP/ICMPv6,IPv6,50,365,161,25,136,0,104,11,0.44,16744,8883,7861,0.5305,2272.727,Low,83,Medium,High,Legacy IKE version detected,0.847,0.967,IKEv1|Tunnel|AES-128-GCM|DH19|True|IPv6|ICMP
IPSEC-034-05,ipsec-034-05.pcap,train,synthetic_lab_ground_truth,26160,IKEv1,ESP,Tunnel,IPv6,AES-128-GCM,AEAD-GCM,PSK,Diffie-Hellman,DH19,True,True,14400,False,True,False,0x87588326,0x92B2FD72,Video,TCP/QUIC,IPv6,50,3599,724,18,706,0,526,132,0.2,380824,132122,248702,0.3469,5000.0,Medium,83,Medium,High,Legacy IKE version detected,0.779,0.9,IKEv1|Tunnel|AES-128-GCM|DH19|True|IPv6|Video
IPSEC-034-06,ipsec-034-06.pcap,train,synthetic_lab_ground_truth,26160,IKEv1,ESP,Tunnel,IPv6,AES-128-GCM,AEAD-GCM,PSK,Diffie-Hellman,DH19,True,True,7200,False,True,False,0x81BC2852,0xB82B0E23,Chat,TCP,IPv6,50,1087,313,38,275,1,286,30,0.29,89518,38660,50858,0.4319,3448.276,Low,83,Medium,High,Legacy IKE version detected,0.809,0.732,IKEv1|Tunnel|AES-128-GCM|DH19|True|IPv6|Chat
IPSEC-034-07,ipsec-034-07.pcap,train,synthetic_lab_ground_truth,26160,IKEv1,ESP,Tunnel,IPv6,AES-128-GCM,AEAD-GCM,PSK,Diffie-Hellman,DH19,True,True,3600,True,True,True,0x3B4E9557,0x4D2624EF,Web,TCP,IPv6,50,1654,653,38,615,1,504,158,0.39,329112,141440,187672,0.4298,2564.103,Low,83,Medium,High,Legacy IKE version detected,0.815,0.783,IKEv1|Tunnel|AES-128-GCM|DH19|True|IPv6|Web
IPSEC-034-08,ipsec-034-08.pcap,train,synthetic_lab_ground_truth,26160,IKEv1,ESP,Tunnel,IPv6,AES-128-GCM,AEAD-GCM,PSK,Diffie-Hellman,DH19,True,True,7200,False,True,False,0x7DDE7A78,0x38AEF771,Email,TCP,IPv6,50,638,643,29,614,3,538,101,1.01,345934,168719,177215,0.4877,990.099,Low,83,Medium,High,Legacy IKE version detected,0.811,0.723,IKEv1|Tunnel|AES-128-GCM|DH19|True|IPv6|Email
IPSEC-034-09,ipsec-034-09.pcap,train,synthetic_lab_ground_truth,26160,IKEv1,ESP,Tunnel,IPv6,AES-128-GCM,AEAD-GCM,PSK,Diffie-Hellman,DH19,True,True,14400,True,True,True,0x40C51D90,0xB06FE367,File-Transfer,TCP,IPv6,50,4571,2152,14,2138,1,952,216,0.47,2048704,967242,1081462,0.4721,2127.66,Low,83,Medium,High,Legacy IKE version detected,0.833,0.779,IKEv1|Tunnel|AES-128-GCM|DH19|True|IPv6|File-Transfer
IPSEC-034-10,ipsec-034-10.pcap,train,synthetic_lab_ground_truth,26160,IKEv1,ESP,Tunnel,IPv6,AES-128-GCM,AEAD-GCM,PSK,Diffie-Hellman,DH19,True,True,3600,False,True,False,0x204323F3,0x4A094022,VoIP,UDP,IPv6,50,2671,290,15,275,3,227,48,0.11,65830,29368,36462,0.4461,9090.909,Medium,83,Medium,High,Legacy IKE version detected,0.817,0.755,IKEv1|Tunnel|AES-128-GCM|DH19|True|IPv6|VoIP
IPSEC-034-11,ipsec-034-11.pcap,train,synthetic_lab_ground_truth,26160,IKEv1,ESP,Tunnel,IPv6,AES-128-GCM,AEAD-GCM,PSK,Diffie-Hellman,DH19,True,True,600,False,True,False,0x6795ECA3,0x134B136A,ICMP,ICMP/ICMPv6,IPv6,50,258,111,30,81,4,97,25,0.43,10767,3491,7276,0.3243,2325.581,Low,83,Medium,High,Legacy IKE version detected,0.81,0.945,IKEv1|Tunnel|AES-128-GCM|DH19|True|IPv6|ICMP
IPSEC-034-12,ipsec-034-12.pcap,train,synthetic_lab_ground_truth,26160,IKEv1,ESP,Tunnel,IPv6,AES-128-GCM,AEAD-GCM,PSK,Diffie-Hellman,DH19,True,True,600,False,True,False,0xCBBCC256,0x6FFEA8FC,Video,TCP/QUIC,IPv6,50,5149,1515,18,1497,1,549,165,0.29,831735,290676,541059,0.3495,3448.276,Medium,83,Medium,High,Legacy IKE version detected,0.804,0.849,IKEv1|Tunnel|AES-128-GCM|DH19|True|IPv6|Video
IPSEC-034-13,ipsec-034-13.pcap,train,synthetic_lab_ground_truth,26160,IKEv1,ESP,Tunnel,IPv6,AES-128-GCM,AEAD-GCM,PSK,Diffie-Hellman,DH19,True,True,1800,False,True,False,0x66B63F77,0xE0CE40F0,Chat,TCP,IPv6,50,1269,365,31,334,2,240,46,0.29,87600,52723,34877,0.6019,3448.276,Low,83,Medium,High,Legacy IKE version detected,0.832,0.705,IKEv1|Tunnel|AES-128-GCM|DH19|True|IPv6|Chat
IPSEC-034-14,ipsec-034-14.pcap,train,synthetic_lab_ground_truth,26160,IKEv1,ESP,Tunnel,IPv6,AES-128-GCM,AEAD-GCM,PSK,Diffie-Hellman,DH19,True,True,3600,False,True,False,0x3741D93A,0x45AD82D6,Web,TCP,IPv6,50,1456,542,14,528,1,622,182,0.37,337124,77561,259563,0.2301,2702.703,Low,83,Medium,High,Legacy IKE version detected,0.813,0.833,IKEv1|Tunnel|AES-128-GCM|DH19|True|IPv6|Web
IPSEC-034-15,ipsec-034-15.pcap,validation,synthetic_lab_ground_truth,26160,IKEv1,ESP,Tunnel,IPv6,AES-128-GCM,AEAD-GCM,PSK,Diffie-Hellman,DH19,True,True,3600,False,True,False,0x93894A09,0xCBE30169,Email,TCP,IPv6,50,554,724,40,684,0,428,142,1.31,309872,147121,162751,0.4748,763.359,Low,83,Medium,High,Legacy IKE version detected,0.835,0.71,IKEv1|Tunnel|AES-128-GCM|DH19|True|IPv6|Email
IPSEC-034-16,ipsec-034-16.pcap,validation,synthetic_lab_ground_truth,26160,IKEv1,ESP,Tunnel,IPv6,AES-128-GCM,AEAD-GCM,PSK,Diffie-Hellman,DH19,True,True,28800,True,True,True,0xB9DEB63A,0xBC1B0738,File-Transfer,TCP,IPv6,50,2817,1405,11,1394,1,715,130,0.5,1004575,584589,419986,0.5819,2000.0,Low,83,Medium,High,Legacy IKE version detected,0.799,0.787,IKEv1|Tunnel|AES-128-GCM|DH19|True|IPv6|File-Transfer
IPSEC-034-17,ipsec-034-17.pcap,validation,synthetic_lab_ground_truth,26160,IKEv1,ESP,Tunnel,IPv6,AES-128-GCM,AEAD-GCM,PSK,Diffie-Hellman,DH19,True,True,86400,False,True,False,0x4A7AE1C6,0x8FC6DE21,VoIP,UDP,IPv6,50,2230,178,15,163,0,213,48,0.08,37914,19747,18167,0.5208,10000.0,Medium,83,Medium,High,Legacy IKE version detected,0.817,0.813,IKEv1|Tunnel|AES-128-GCM|DH19|True|IPv6|VoIP
IPSEC-034-18,ipsec-034-18.pcap,test,synthetic_lab_ground_truth,26160,IKEv1,ESP,Tunnel,IPv6,AES-128-GCM,AEAD-GCM,PSK,Diffie-Hellman,DH19,True,True,86400,False,True,False,0xBA352426,0xC8536F68,ICMP,ICMP/ICMPv6,IPv6,50,263,118,9,109,1,114,32,0.45,13452,5632,7820,0.4187,2222.222,Low,83,Medium,High,Legacy IKE version detected,0.829,0.907,IKEv1|Tunnel|AES-128-GCM|DH19|True|IPv6|ICMP
IPSEC-034-19,ipsec-034-19.pcap,test,synthetic_lab_ground_truth,26160,IKEv1,ESP,Tunnel,IPv6,AES-128-GCM,AEAD-GCM,PSK,Diffie-Hellman,DH19,True,False,14400,True,True,True,0xFEE117F1,0xE24416D1,Video,TCP/QUIC,IPv6,50,4260,1253,37,1216,2,495,183,0.29,620235,124619,495616,0.2009,3448.276,Medium,58,High,Critical,Legacy IKE version detected; Replay protection disabled,0.813,0.853,IKEv1|Tunnel|AES-128-GCM|DH19|True|IPv6|Video
IPSEC-034-20,ipsec-034-20.pcap,test,synthetic_lab_ground_truth,26160,IKEv1,ESP,Tunnel,IPv6,AES-128-GCM,AEAD-GCM,PSK,Diffie-Hellman,DH19,True,True,7200,True,True,True,0xE27E14D5,0x3F0460E4,Chat,TCP,IPv6,50,1375,462,38,424,1,244,77,0.34,112728,58474,54254,0.5187,2941.176,Low,83,Medium,High,Legacy IKE version detected,0.816,0.674,IKEv1|Tunnel|AES-128-GCM|DH19|True|IPv6|Chat
IPSEC-035-01,ipsec-035-01.pcap,train,synthetic_lab_ground_truth,26160,IKEv1,ESP,Transport,IPv4,AES-256-CBC,HMAC-SHA256-128,PSK,Diffie-Hellman,DH20,True,True,14400,False,True,False,0x5762923E,0xBF0CCC55,Email,TCP,IPv4,50,554,670,22,648,1,539,177,1.21,361130,133395,227735,0.3694,826.446,Medium,79,Medium,High,Legacy IKE version detected,0.771,0.742,IKEv1|Transport|AES-256-CBC|DH20|True|IPv4|Email
IPSEC-035-02,ipsec-035-02.pcap,train,synthetic_lab_ground_truth,26160,IKEv1,ESP,Transport,IPv4,AES-256-CBC,HMAC-SHA256-128,PSK,Diffie-Hellman,DH20,True,True,7200,True,True,True,0x939DEA5F,0x26D5FA95,File-Transfer,TCP,IPv4,50,3560,1453,33,1420,0,1106,281,0.41,1607018,774005,833013,0.4816,2439.024,Medium,79,Medium,High,Legacy IKE version detected,0.783,0.762,IKEv1|Transport|AES-256-CBC|DH20|True|IPv4|File-Transfer
IPSEC-035-03,ipsec-035-03.pcap,train,synthetic_lab_ground_truth,26160,IKEv1,ESP,Transport,IPv4,AES-256-CBC,HMAC-SHA256-128,PSK,Diffie-Hellman,DH20,True,True,28800,False,True,False,0xDA5C39F4,0x8E19AAFE,VoIP,UDP,IPv4,50,2625,224,26,198,0,225,38,0.09,50400,17881,32519,0.3548,10000.0,Medium,79,Medium,High,Legacy IKE version detected,0.769,0.775,IKEv1|Transport|AES-256-CBC|DH20|True|IPv4|VoIP
IPSEC-035-04,ipsec-035-04.pcap,train,synthetic_lab_ground_truth,26160,IKEv1,ESP,Transport,IPv4,AES-256-CBC,HMAC-SHA256-128,PSK,Diffie-Hellman,DH20,True,True,28800,False,True,False,0xD2E9ABCC,0xC78BA3F7,ICMP,ICMP/ICMPv6,IPv4,50,210,62,20,42,1,92,32,0.3,5704,3492,2212,0.6122,3333.333,Medium,79,Medium,High,Legacy IKE version detected,0.754,0.9,IKEv1|Transport|AES-256-CBC|DH20|True|IPv4|ICMP
IPSEC-035-05,ipsec-035-05.pcap,train,synthetic_lab_ground_truth,26160,IKEv1,ESP,Transport,IPv4,AES-256-CBC,HMAC-SHA256-128,PSK,Diffie-Hellman,DH20,True,True,3600,False,True,False,0x2BA170DF,0x446B7E08,Video,TCP/QUIC,IPv4,50,4198,1164,20,1144,0,527,118,0.28,613428,230214,383214,0.3753,3571.429,Medium,79,Medium,High,Legacy IKE version detected,0.776,0.903,IKEv1|Transport|AES-256-CBC|DH20|True|IPv4|Video
IPSEC-035-06,ipsec-035-06.pcap,train,synthetic_lab_ground_truth,26160,IKEv1,ESP,Transport,IPv4,AES-256-CBC,HMAC-SHA256-128,PSK,Diffie-Hellman,DH20,True,True,3600,False,True,False,0xEC5210CD,0x3ADADF20,Chat,TCP,IPv4,50,1118,428,28,400,0,203,41,0.38,86884,51234,35650,0.5897,2631.579,Medium,79,Medium,High,Legacy IKE version detected,0.793,0.679,IKEv1|Transport|AES-256-CBC|DH20|True|IPv4|Chat
IPSEC-035-07,ipsec-035-07.pcap,train,synthetic_lab_ground_truth,26160,IKEv1,ESP,Transport,IPv4,AES-256-CBC,HMAC-SHA256-128,PSK,Diffie-Hellman,DH20,True,True,28800,False,True,False,0xA160DD17,0x698D4CE1,Web,TCP,IPv4,50,1600,754,28,726,1,682,128,0.47,514228,144075,370153,0.2802,2127.66,Medium,79,Medium,High,Legacy IKE version detected,0.742,0.821,IKEv1|Transport|AES-256-CBC|DH20|True|IPv4|Web
IPSEC-035-08,ipsec-035-08.pcap,train,synthetic_lab_ground_truth,26160,IKEv1,ESP,Transport,IPv4,AES-256-CBC,HMAC-SHA256-128,PSK,Diffie-Hellman,DH20,True,True,86400,True,True,True,0xE2B36DCB,0x4DFB710F,Email,TCP,IPv4,50,656,853,10,843,1,460,122,1.3,392380,198597,193783,0.5061,769.231,Medium,79,Medium,High,Legacy IKE version detected,0.817,0.683,IKEv1|Transport|AES-256-CBC|DH20|True|IPv4|Email
IPSEC-035-09,ipsec-035-09.pcap,train,synthetic_lab_ground_truth,26160,IKEv1,ESP,Transport,IPv4,AES-256-CBC,HMAC-SHA256-128,PSK,Diffie-Hellman,DH20,True,False,14400,False,True,False,0x27B79E95,0x1B28AEA8,File-Transfer,TCP,IPv4,50,3392,1344,10,1334,1,789,268,0.4,1060416,486565,573851,0.4588,2500.0,Medium,54,High,Critical,Legacy IKE version detected; Replay protection disabled,0.805,0.811,IKEv1|Transport|AES-256-CBC|DH20|True|IPv4|File-Transfer
IPSEC-035-10,ipsec-035-10.pcap,train,synthetic_lab_ground_truth,26160,IKEv1,ESP,Transport,IPv4,AES-256-CBC,HMAC-SHA256-128,PSK,Diffie-Hellman,DH20,True,True,86400,False,True,False,0xC8649685,0xCA32512C,VoIP,UDP,IPv4,50,2264,158,10,148,1,233,55,0.07,36814,22017,14797,0.5981,10000.0,Medium,79,Medium,High,Legacy IKE version detected,0.805,0.826,IKEv1|Transport|AES-256-CBC|DH20|True|IPv4|VoIP
IPSEC-035-11,ipsec-035-11.pcap,train,synthetic_lab_ground_truth,26160,IKEv1,ESP,Transport,IPv4,AES-256-CBC,HMAC-SHA256-128,PSK,Diffie-Hellman,DH20,True,True,86400,False,True,False,0x3EDF42C2,0x2AD9B93F,ICMP,ICMP/ICMPv6,IPv4,50,218,98,28,70,1,91,26,0.45,8918,5101,3817,0.572,2222.222,Medium,79,Medium,High,Legacy IKE version detected,0.739,0.844,IKEv1|Transport|AES-256-CBC|DH20|True|IPv4|ICMP
IPSEC-035-12,ipsec-035-12.pcap,train,synthetic_lab_ground_truth,26160,IKEv1,ESP,Transport,IPv4,AES-256-CBC,HMAC-SHA256-128,PSK,Diffie-Hellman,DH20,True,True,600,False,True,False,0xD6C46D58,0x671BE4F9,Video,TCP/QUIC,IPv4,50,3304,768,30,738,1,506,131,0.23,388608,164214,224394,0.4226,4347.826,Medium,79,Medium,High,Legacy IKE version detected,0.777,0.847,IKEv1|Transport|AES-256-CBC|DH20|True|IPv4|Video
IPSEC-035-13,ipsec-035-13.pcap,train,synthetic_lab_ground_truth,26160,IKEv1,ESP,Transport,IPv4,AES-256-CBC,HMAC-SHA256-128,PSK,Diffie-Hellman,DH20,True,True,28800,True,True,True,0x3C59091D,0x7758E55E,Chat,TCP,IPv4,50,698,247,18,229,2,216,63,0.35,53352,27433,25919,0.5142,2857.143,Medium,79,Medium,High,Legacy IKE version detected,0.77,0.689,IKEv1|Transport|AES-256-CBC|DH20|True|IPv4|Chat
IPSEC-035-14,ipsec-035-14.pcap,train,synthetic_lab_ground_truth,26160,IKEv1,ESP,Transport,IPv4,AES-256-CBC,HMAC-SHA256-128,PSK,Diffie-Hellman,DH20,True,True,7200,True,True,True,0x49971E79,0x572E9EAF,Web,TCP,IPv4,50,2067,991,38,953,0,587,114,0.48,581717,161110,420607,0.277,2083.333,Medium,79,Medium,High,Legacy IKE version detected,0.797,0.757,IKEv1|Transport|AES-256-CBC|DH20|True|IPv4|Web
IPSEC-035-15,ipsec-035-15.pcap,validation,synthetic_lab_ground_truth,26160,IKEv1,ESP,Transport,IPv4,AES-256-CBC,HMAC-SHA256-128,PSK,Diffie-Hellman,DH20,True,True,1800,True,True,True,0x10CE65B7,0xD9F71CCC,Email,TCP,IPv4,50,547,653,32,621,1,453,146,1.19,295809,183912,111897,0.6217,840.336,Medium,79,Medium,High,Legacy IKE version detected,0.795,0.719,IKEv1|Transport|AES-256-CBC|DH20|True|IPv4|Email
IPSEC-035-16,ipsec-035-16.pcap,validation,synthetic_lab_ground_truth,26160,IKEv1,ESP,Transport,IPv4,AES-256-CBC,HMAC-SHA256-128,PSK,Diffie-Hellman,DH20,True,True,7200,False,True,False,0xC563CB97,0x59F7C669,File-Transfer,TCP,IPv4,50,2501,1021,13,1008,2,998,314,0.41,1018958,590734,428224,0.5797,2439.024,Medium,79,Medium,High,Legacy IKE version detected,0.803,0.858,IKEv1|Transport|AES-256-CBC|DH20|True|IPv4|File-Transfer
IPSEC-035-17,ipsec-035-17.pcap,validation,synthetic_lab_ground_truth,26160,IKEv1,ESP,Transport,IPv4,AES-256-CBC,HMAC-SHA256-128,PSK,Diffie-Hellman,DH20,True,True,300,True,True,True,0xA5585BFD,0x125B2675,VoIP,UDP,IPv4,50,2900,256,22,234,2,265,86,0.09,67840,41265,26575,0.6083,10000.0,Medium,79,Medium,High,Legacy IKE version detected,0.769,0.794,IKEv1|Transport|AES-256-CBC|DH20|True|IPv4|VoIP
IPSEC-035-18,ipsec-035-18.pcap,test,synthetic_lab_ground_truth,26160,IKEv1,ESP,Transport,IPv4,AES-256-CBC,HMAC-SHA256-128,PSK,Diffie-Hellman,DH20,True,True,14400,False,True,False,0xCDE711A8,0x8E37D57A,ICMP,ICMP/ICMPv6,IPv4,50,296,117,43,74,1,80,17,0.4,9360,4683,4677,0.5004,2500.0,Medium,79,Medium,High,Legacy IKE version detected,0.826,0.932,IKEv1|Transport|AES-256-CBC|DH20|True|IPv4|ICMP
IPSEC-035-19,ipsec-035-19.pcap,test,synthetic_lab_ground_truth,26160,IKEv1,ESP,Transport,IPv4,AES-256-CBC,HMAC-SHA256-128,PSK,Diffie-Hellman,DH20,True,True,3600,True,True,True,0xB3A76057,0x91194CFC,Video,TCP/QUIC,IPv4,50,4232,862,30,832,2,497,134,0.2,428414,93477,334937,0.2182,5000.0,Medium,79,Medium,High,Legacy IKE version detected,0.798,0.804,IKEv1|Transport|AES-256-CBC|DH20|True|IPv4|Video
IPSEC-035-20,ipsec-035-20.pcap,test,synthetic_lab_ground_truth,26160,IKEv1,ESP,Transport,IPv4,AES-256-CBC,HMAC-SHA256-128,PSK,Diffie-Hellman,DH20,True,True,86400,False,True,False,0xA85CA9C5,0x4921D227,Chat,TCP,IPv4,50,918,324,33,291,0,233,43,0.35,75492,41466,34026,0.5493,2857.143,Medium,79,Medium,High,Legacy IKE version detected,0.746,0.673,IKEv1|Transport|AES-256-CBC|DH20|True|IPv4|Chat
IPSEC-036-01,ipsec-036-01.pcap,train,synthetic_lab_ground_truth,26160,IKEv1,ESP,Transport,IPv4,AES-128-GCM,AEAD-GCM,RSA-Signature,Diffie-Hellman,DH19,True,False,3600,False,True,False,0xC9E41B5F,0x66A51CA2,Email,TCP,IPv4,50,653,889,35,854,0,533,67,1.36,473837,273472,200365,0.5771,735.294,Medium,60,High,Critical,Legacy IKE version detected; Replay protection disabled,0.808,0.716,IKEv1|Transport|AES-128-GCM|DH19|True|IPv4|Email
IPSEC-036-02,ipsec-036-02.pcap,train,synthetic_lab_ground_truth,26160,IKEv1,ESP,Transport,IPv4,AES-128-GCM,AEAD-GCM,RSA-Signature,Diffie-Hellman,DH19,True,True,14400,False,True,False,0x70931927,0x18F56985,File-Transfer,TCP,IPv4,50,5225,2040,42,1998,1,786,251,0.39,1603440,877416,726024,0.5472,2564.103,Medium,85,Low,High,Legacy IKE version detected,0.825,0.771,IKEv1|Transport|AES-128-GCM|DH19|True|IPv4|File-Transfer
IPSEC-036-03,ipsec-036-03.pcap,train,synthetic_lab_ground_truth,26160,IKEv1,ESP,Transport,IPv4,AES-128-GCM,AEAD-GCM,RSA-Signature,Diffie-Hellman,DH19,True,True,3600,False,True,False,0xF18D220B,0xE38E5EC6,VoIP,UDP,IPv4,50,2637,236,42,194,1,183,42,0.09,43188,17030,26158,0.3943,10000.0,Medium,85,Low,High,Legacy IKE version detected,0.8,0.741,IKEv1|Transport|AES-128-GCM|DH19|True|IPv4|VoIP
IPSEC-036-04,ipsec-036-04.pcap,train,synthetic_lab_ground_truth,26160,IKEv1,ESP,Transport,IPv4,AES-128-GCM,AEAD-GCM,RSA-Signature,Diffie-Hellman,DH19,True,True,14400,True,True,True,0x51BB99E3,0xEFF561A0,ICMP,ICMP/ICMPv6,IPv4,50,284,96,43,53,2,86,19,0.34,8256,3504,4752,0.4244,2941.176,Medium,85,Low,High,Legacy IKE version detected,0.834,0.947,IKEv1|Transport|AES-128-GCM|DH19|True|IPv4|ICMP
IPSEC-036-05,ipsec-036-05.pcap,train,synthetic_lab_ground_truth,26160,IKEv1,ESP,Transport,IPv4,AES-128-GCM,AEAD-GCM,RSA-Signature,Diffie-Hellman,DH19,True,True,14400,False,True,False,0xD43DE2B8,0x29814C2F,Video,TCP/QUIC,IPv4,50,4771,1144,39,1105,0,521,117,0.24,596024,192811,403213,0.3235,4166.667,Medium,85,Low,High,Legacy IKE version detected,0.817,0.885,IKEv1|Transport|AES-128-GCM|DH19|True|IPv4|Video
IPSEC-036-06,ipsec-036-06.pcap,train,synthetic_lab_ground_truth,26160,IKEv1,ESP,Transport,IPv4,AES-128-GCM,AEAD-GCM,RSA-Signature,Diffie-Hellman,DH19,True,True,3600,False,True,False,0xC0B5893F,0x27C805DF,Chat,TCP,IPv4,50,1074,388,24,364,1,284,69,0.36,110192,62588,47604,0.568,2777.778,Medium,85,Low,High,Legacy IKE version detected,0.844,0.736,IKEv1|Transport|AES-128-GCM|DH19|True|IPv4|Chat
IPSEC-036-07,ipsec-036-07.pcap,train,synthetic_lab_ground_truth,26160,IKEv1,ESP,Transport,IPv4,AES-128-GCM,AEAD-GCM,RSA-Signature,Diffie-Hellman,DH19,True,True,3600,False,True,False,0x8EF60E1E,0x56A91BDF,Web,TCP,IPv4,50,1696,726,15,711,0,565,124,0.43,410190,140701,269489,0.343,2325.581,Medium,85,Low,High,Legacy IKE version detected,0.816,0.875,IKEv1|Transport|AES-128-GCM|DH19|True|IPv4|Web
IPSEC-036-08,ipsec-036-08.pcap,train,synthetic_lab_ground_truth,26160,IKEv1,ESP,Transport,IPv4,AES-128-GCM,AEAD-GCM,RSA-Signature,Diffie-Hellman,DH19,True,True,14400,False,True,False,0x1D9F8CFC,0x75B21244,Email,TCP,IPv4,50,867,1053,18,1035,0,413,112,1.21,434889,256873,178016,0.5907,826.446,Medium,85,Low,High,Legacy IKE version detected,0.787,0.792,IKEv1|Transport|AES-128-GCM|DH19|True|IPv4|Email
IPSEC-036-09,ipsec-036-09.pcap,train,synthetic_lab_ground_truth,26160,IKEv1,ESP,Transport,IPv4,AES-128-GCM,AEAD-GCM,RSA-Signature,Diffie-Hellman,DH19,True,True,7200,True,True,True,0xEDFE8D88,0x2EE2D717,File-Transfer,TCP,IPv4,50,2595,1117,44,1073,0,1067,317,0.43,1191839,471787,720052,0.3958,2325.581,Medium,85,Low,High,Legacy IKE version detected,0.784,0.835,IKEv1|Transport|AES-128-GCM|DH19|True|IPv4|File-Transfer
IPSEC-036-10,ipsec-036-10.pcap,train,synthetic_lab_ground_truth,26160,IKEv1,ESP,Transport,IPv4,AES-128-GCM,AEAD-GCM,RSA-Signature,Diffie-Hellman,DH19,True,True,3600,True,True,True,0x4BAD4C7D,0x8ADB21DE,VoIP,UDP,IPv4,50,2779,262,40,222,2,221,48,0.09,57902,31021,26881,0.5358,10000.0,Medium,85,Low,High,Legacy IKE version detected,0.819,0.798,IKEv1|Transport|AES-128-GCM|DH19|True|IPv4|VoIP
IPSEC-036-11,ipsec-036-11.pcap,train,synthetic_lab_ground_truth,26160,IKEv1,ESP,Transport,IPv4,AES-128-GCM,AEAD-GCM,RSA-Signature,Diffie-Hellman,DH19,True,True,14400,False,True,False,0x85C26719,0x553726F9,ICMP,ICMP/ICMPv6,IPv4,50,222,73,42,31,2,111,24,0.33,8103,4186,3917,0.5167,3030.303,Medium,85,Low,High,Legacy IKE version detected,0.826,0.896,IKEv1|Transport|AES-128-GCM|DH19|True|IPv4|ICMP
IPSEC-036-12,ipsec-036-12.pcap,train,synthetic_lab_ground_truth,26160,IKEv1,ESP,Transport,IPv4,AES-128-GCM,AEAD-GCM,RSA-Signature,Diffie-Hellman,DH19,True,True,3600,True,True,True,0xA6731C4F,0xBDC651DD,Video,TCP/QUIC,IPv4,50,5989,1520,38,1482,2,619,175,0.25,940880,290985,649895,0.3093,4000.0,Medium,85,Low,High,Legacy IKE version detected,0.822,0.877,IKEv1|Transport|AES-128-GCM|DH19|True|IPv4|Video
IPSEC-036-13,ipsec-036-13.pcap,train,synthetic_lab_ground_truth,26160,IKEv1,ESP,Transport,IPv4,AES-128-GCM,AEAD-GCM,RSA-Signature,Diffie-Hellman,DH19,True,True,14400,False,True,False,0xE0C6E5EC,0xD8133011,Chat,TCP,IPv4,50,973,338,15,323,1,235,73,0.35,79430,30569,48861,0.3849,2857.143,Medium,85,Low,High,Legacy IKE version detected,0.832,0.669,IKEv1|Transport|AES-128-GCM|DH19|True|IPv4|Chat
IPSEC-036-14,ipsec-036-14.pcap,train,synthetic_lab_ground_truth,26160,IKEv1,ESP,Transport,IPv4,AES-128-GCM,AEAD-GCM,RSA-Signature,Diffie-Hellman,DH19,True,True,28800,False,True,False,0x2901938F,0xD4B54EA1,Web,TCP,IPv4,50,1978,826,14,812,0,486,146,0.42,401436,47691,353745,0.1188,2380.952,Medium,85,Low,High,Legacy IKE version detected,0.818,0.798,IKEv1|Transport|AES-128-GCM|DH19|True|IPv4|Web
IPSEC-036-15,ipsec-036-15.pcap,validation,synthetic_lab_ground_truth,26160,IKEv1,ESP,Transport,IPv4,AES-128-GCM,AEAD-GCM,RSA-Signature,Diffie-Hellman,DH19,True,True,14400,True,True,True,0x2024ACDB,0x21C4FB4C,Email,TCP,IPv4,50,379,447,23,424,0,449,58,1.18,200703,76342,124361,0.3804,847.458,Medium,85,Low,High,Legacy IKE version detected,0.848,0.725,IKEv1|Transport|AES-128-GCM|DH19|True|IPv4|Email
IPSEC-036-16,ipsec-036-16.pcap,validation,synthetic_lab_ground_truth,26160,IKEv1,ESP,Transport,IPv4,AES-128-GCM,AEAD-GCM,RSA-Signature,Diffie-Hellman,DH19,True,True,1800,False,True,False,0x8D06A0F2,0xA7B795AF,File-Transfer,TCP,IPv4,50,3002,1153,27,1126,1,918,302,0.38,1058454,604440,454014,0.5711,2631.579,Medium,85,Low,High,Legacy IKE version detected,0.837,0.795,IKEv1|Transport|AES-128-GCM|DH19|True|IPv4|File-Transfer
IPSEC-036-17,ipsec-036-17.pcap,validation,synthetic_lab_ground_truth,26160,IKEv1,ESP,Transport,IPv4,AES-128-GCM,AEAD-GCM,RSA-Signature,Diffie-Hellman,DH19,True,True,172800,False,True,False,0x7AE73851,0xC3470DF1,VoIP,UDP,IPv4,50,2387,195,34,161,1,183,40,0.08,35685,22331,13354,0.6258,10000.0,Medium,77,Medium,High,Legacy IKE version detected; Long Security Association lifetime,0.833,0.836,IKEv1|Transport|AES-128-GCM|DH19|True|IPv4|VoIP
IPSEC-036-18,ipsec-036-18.pcap,test,synthetic_lab_ground_truth,26160,IKEv1,ESP,Transport,IPv4,AES-128-GCM,AEAD-GCM,RSA-Signature,Diffie-Hellman,DH19,True,False,3600,False,True,False,0xDDBEDE43,0xFB2D6D74,ICMP,ICMP/ICMPv6,IPv4,50,256,99,18,81,4,87,31,0.39,8613,3329,5284,0.3866,2564.103,Medium,60,High,Critical,Legacy IKE version detected; Replay protection disabled,0.864,0.976,IKEv1|Transport|AES-128-GCM|DH19|True|IPv4|ICMP
IPSEC-036-19,ipsec-036-19.pcap,test,synthetic_lab_ground_truth,26160,IKEv1,ESP,Transport,IPv4,AES-128-GCM,AEAD-GCM,RSA-Signature,Diffie-Hellman,DH19,True,True,28800,True,True,True,0x4AE5D3C6,0xB2CA1BB3,Video,TCP/QUIC,IPv4,50,4301,1299,27,1272,0,454,142,0.3,589746,185491,404255,0.3145,3333.333,Medium,85,Low,High,Legacy IKE version detected,0.843,0.85,IKEv1|Transport|AES-128-GCM|DH19|True|IPv4|Video
IPSEC-036-20,ipsec-036-20.pcap,test,synthetic_lab_ground_truth,26160,IKEv1,ESP,Transport,IPv4,AES-128-GCM,AEAD-GCM,RSA-Signature,Diffie-Hellman,DH19,True,True,3600,False,True,False,0x9F22D818,0x29C1F586,Chat,TCP,IPv4,50,1259,526,28,498,1,201,46,0.42,105726,41921,63805,0.3965,2380.952,Medium,85,Low,High,Legacy IKE version detected,0.793,0.708,IKEv1|Transport|AES-128-GCM|DH19|True|IPv4|Chat
IPSEC-037-01,ipsec-037-01.pcap,train,synthetic_lab_ground_truth,26160,IKEv1,ESP,Transport,IPv6,AES-256-GCM,AEAD-GCM,PSK,Diffie-Hellman,DH14,False,True,14400,True,True,True,0xAC5F51C4,0x498173AF,Email,TCP,IPv6,50,587,663,39,624,1,431,98,1.13,285753,122320,163433,0.4281,884.956,Medium,67,High,High,Legacy IKE version detected; Older DH group; policy review recommended; Perfect Forward Secrecy disabled,0.82,0.736,IKEv1|Transport|AES-256-GCM|DH14|False|IPv6|Email
IPSEC-037-02,ipsec-037-02.pcap,train,synthetic_lab_ground_truth,26160,IKEv1,ESP,Transport,IPv6,AES-256-GCM,AEAD-GCM,PSK,Diffie-Hellman,DH14,False,True,86400,True,True,True,0xA298D4AE,0x3C1C4DAC,File-Transfer,TCP,IPv6,50,2575,854,34,820,0,780,197,0.33,666120,276455,389665,0.415,3030.303,Medium,67,High,High,Legacy IKE version detected; Older DH group; policy review recommended; Perfect Forward Secrecy disabled,0.802,0.83,IKEv1|Transport|AES-256-GCM|DH14|False|IPv6|File-Transfer
IPSEC-037-03,ipsec-037-03.pcap,train,synthetic_lab_ground_truth,26160,IKEv1,ESP,Transport,IPv6,AES-256-GCM,AEAD-GCM,PSK,Diffie-Hellman,DH14,False,True,14400,False,True,False,0x7848EE6B,0x87D4AA2E,VoIP,UDP,IPv6,50,4196,331,21,310,0,197,34,0.08,65207,34313,30894,0.5262,10000.0,Medium,67,High,High,Legacy IKE version detected; Older DH group; policy review recommended; Perfect Forward Secrecy disabled,0.814,0.808,IKEv1|Transport|AES-256-GCM|DH14|False|IPv6|VoIP
IPSEC-037-04,ipsec-037-04.pcap,train,synthetic_lab_ground_truth,26160,IKEv1,ESP,Transport,IPv6,AES-256-GCM,AEAD-GCM,PSK,Diffie-Hellman,DH14,False,True,1800,True,True,True,0xD0114375,0xDCB648AC,ICMP,ICMP/ICMPv6,IPv6,50,285,130,41,89,0,84,27,0.46,10920,6123,4797,0.5607,2173.913,Medium,67,High,High,Legacy IKE version detected; Older DH group; policy review recommended; Perfect Forward Secrecy disabled,0.823,0.936,IKEv1|Transport|AES-256-GCM|DH14|False|IPv6|ICMP
IPSEC-037-05,ipsec-037-05.pcap,train,synthetic_lab_ground_truth,26160,IKEv1,ESP,Transport,IPv6,AES-256-GCM,AEAD-GCM,PSK,Diffie-Hellman,DH14,False,True,7200,False,True,False,0x21AE5375,0xB2CCFE3D,Video,TCP/QUIC,IPv6,50,5740,1731,40,1691,1,511,128,0.3,884541,309466,575075,0.3499,3333.333,Medium,67,High,High,Legacy IKE version detected; Older DH group; policy review recommended; Perfect Forward Secrecy disabled,0.858,0.836,IKEv1|Transport|AES-256-GCM|DH14|False|IPv6|Video
IPSEC-037-06,ipsec-037-06.pcap,train,synthetic_lab_ground_truth,26160,IKEv1,ESP,Transport,IPv6,AES-256-GCM,AEAD-GCM,PSK,Diffie-Hellman,DH14,False,True,28800,True,True,True,0x5AB8C645,0xD67AF303,Chat,TCP,IPv6,50,1283,398,40,358,0,252,70,0.31,100296,45662,54634,0.4553,3225.806,Medium,67,High,High,Legacy IKE version detected; Older DH group; policy review recommended; Perfect Forward Secrecy disabled,0.808,0.732,IKEv1|Transport|AES-256-GCM|DH14|False|IPv6|Chat
IPSEC-037-07,ipsec-037-07.pcap,train,synthetic_lab_ground_truth,26160,IKEv1,ESP,Transport,IPv6,AES-256-GCM,AEAD-GCM,PSK,Diffie-Hellman,DH14,False,True,600,True,True,True,0x7FAEE5FC,0xD12A0397,Web,TCP,IPv6,50,2147,911,29,882,0,526,116,0.42,479186,120219,358967,0.2509,2380.952,Medium,67,High,High,Legacy IKE version detected; Older DH group; policy review recommended; Perfect Forward Secrecy disabled,0.823,0.751,IKEv1|Transport|AES-256-GCM|DH14|False|IPv6|Web
IPSEC-037-08,ipsec-037-08.pcap,train,synthetic_lab_ground_truth,26160,IKEv1,ESP,Transport,IPv6,AES-256-GCM,AEAD-GCM,PSK,Diffie-Hellman,DH14,False,True,14400,False,True,False,0xE09DE83A,0x4BE5E4FF,Email,TCP,IPv6,50,387,492,27,465,2,601,155,1.27,295692,162052,133640,0.548,787.402,Medium,67,High,High,Legacy IKE version detected; Older DH group; policy review recommended; Perfect Forward Secrecy disabled,0.843,0.779,IKEv1|Transport|AES-256-GCM|DH14|False|IPv6|Email
IPSEC-037-09,ipsec-037-09.pcap,train,synthetic_lab_ground_truth,26160,IKEv1,ESP,Transport,IPv6,AES-256-GCM,AEAD-GCM,PSK,Diffie-Hellman,DH14,False,True,1800,True,True,True,0x206D6C41,0x5519B800,File-Transfer,TCP,IPv6,50,3290,1471,29,1442,0,844,156,0.45,1241524,784449,457075,0.6318,2222.222,Medium,67,High,High,Legacy IKE version detected; Older DH group; policy review recommended; Perfect Forward Secrecy disabled,0.811,0.758,IKEv1|Transport|AES-256-GCM|DH14|False|IPv6|File-Transfer
IPSEC-037-10,ipsec-037-10.pcap,train,synthetic_lab_ground_truth,26160,IKEv1,ESP,Transport,IPv6,AES-256-GCM,AEAD-GCM,PSK,Diffie-Hellman,DH14,False,True,172800,True,True,True,0x87A52F3E,0x50180CE6,VoIP,UDP,IPv6,50,2829,213,38,175,1,232,56,0.08,49416,20338,29078,0.4116,10000.0,Medium,59,High,High,Legacy IKE version detected; Older DH group; policy review recommended; Perfect Forward Secrecy disabled; Long Security Association lifetime,0.814,0.845,IKEv1|Transport|AES-256-GCM|DH14|False|IPv6|VoIP
IPSEC-037-11,ipsec-037-11.pcap,train,synthetic_lab_ground_truth,26160,IKEv1,ESP,Transport,IPv6,AES-256-GCM,AEAD-GCM,PSK,Diffie-Hellman,DH14,False,True,7200,True,True,True,0x72EF9B64,0x283DC733,ICMP,ICMP/ICMPv6,IPv6,50,256,111,31,80,1,100,23,0.43,11100,5216,5884,0.47,2325.581,Medium,67,High,High,Legacy IKE version detected; Older DH group; policy review recommended; Perfect Forward Secrecy disabled,0.832,0.881,IKEv1|Transport|AES-256-GCM|DH14|False|IPv6|ICMP
IPSEC-037-12,ipsec-037-12.pcap,train,synthetic_lab_ground_truth,26160,IKEv1,ESP,Transport,IPv6,AES-256-GCM,AEAD-GCM,PSK,Diffie-Hellman,DH14,False,True,86400,False,True,False,0x2DA163E1,0xE15E574F,Video,TCP/QUIC,IPv6,50,4804,1484,37,1447,0,406,77,0.31,602504,218847,383657,0.3632,3225.806,Medium,67,High,High,Legacy IKE version detected; Older DH group; policy review recommended; Perfect Forward Secrecy disabled,0.797,0.862,IKEv1|Transport|AES-256-GCM|DH14|False|IPv6|Video
IPSEC-037-13,ipsec-037-13.pcap,train,synthetic_lab_ground_truth,26160,IKEv1,ESP,Transport,IPv6,AES-256-GCM,AEAD-GCM,PSK,Diffie-Hellman,DH14,False,True,172800,True,True,True,0x925AA2FE,0x453C9559,Chat,TCP,IPv6,50,1506,579,33,546,0,237,57,0.38,137223,70296,66927,0.5123,2631.579,Medium,59,High,High,Legacy IKE version detected; Older DH group; policy review recommended; Perfect Forward Secrecy disabled; Long Security Association lifetime,0.855,0.78,IKEv1|Transport|AES-256-GCM|DH14|False|IPv6|Chat
IPSEC-037-14,ipsec-037-14.pcap,train,synthetic_lab_ground_truth,26160,IKEv1,ESP,Transport,IPv6,AES-256-GCM,AEAD-GCM,PSK,Diffie-Hellman,DH14,False,True,14400,False,True,False,0x8DB54178,0xB04D4E50,Web,TCP,IPv6,50,2662,1158,39,1119,1,638,134,0.44,738804,255305,483499,0.3456,2272.727,Medium,67,High,High,Legacy IKE version detected; Older DH group; policy review recommended; Perfect Forward Secrecy disabled,0.838,0.752,IKEv1|Transport|AES-256-GCM|DH14|False|IPv6|Web
IPSEC-037-15,ipsec-037-15.pcap,validation,synthetic_lab_ground_truth,26160,IKEv1,ESP,Transport,IPv6,AES-256-GCM,AEAD-GCM,PSK,Diffie-Hellman,DH14,False,True,3600,False,True,False,0x127B3ACF,0x263DDD75,Email,TCP,IPv6,50,624,789,13,776,0,441,77,1.26,347949,167644,180305,0.4818,793.651,Medium,67,High,High,Legacy IKE version detected; Older DH group; policy review recommended; Perfect Forward Secrecy disabled,0.839,0.773,IKEv1|Transport|AES-256-GCM|DH14|False|IPv6|Email
IPSEC-037-16,ipsec-037-16.pcap,validation,synthetic_lab_ground_truth,26160,IKEv1,ESP,Transport,IPv6,AES-256-GCM,AEAD-GCM,PSK,Diffie-Hellman,DH14,False,True,28800,False,True,False,0x7F08BDA6,0xB0B2DFD1,File-Transfer,TCP,IPv6,50,1486,929,43,886,1,1011,320,0.63,939219,341392,597827,0.3635,1587.302,Medium,67,High,High,Legacy IKE version detected; Older DH group; policy review recommended; Perfect Forward Secrecy disabled,0.792,0.782,IKEv1|Transport|AES-256-GCM|DH14|False|IPv6|File-Transfer
IPSEC-037-17,ipsec-037-17.pcap,validation,synthetic_lab_ground_truth,26160,IKEv1,ESP,Transport,IPv6,AES-256-GCM,AEAD-GCM,PSK,Diffie-Hellman,DH14,False,True,14400,True,True,True,0x495BCDCD,0xCD0BD6E7,VoIP,UDP,IPv6,50,3183,200,29,171,1,189,47,0.06,37800,17093,20707,0.4522,10000.0,Medium,67,High,High,Legacy IKE version detected; Older DH group; policy review recommended; Perfect Forward Secrecy disabled,0.865,0.791,IKEv1|Transport|AES-256-GCM|DH14|False|IPv6|VoIP
IPSEC-037-18,ipsec-037-18.pcap,test,synthetic_lab_ground_truth,26160,IKEv1,ESP,Transport,IPv6,AES-256-GCM,AEAD-GCM,PSK,Diffie-Hellman,DH14,False,False,600,True,True,True,0xB9C573F9,0x139FC02F,ICMP,ICMP/ICMPv6,IPv6,50,228,82,38,44,3,92,32,0.36,7544,3816,3728,0.5058,2777.778,Medium,42,Critical,Critical,Legacy IKE version detected; Older DH group; policy review recommended; Perfect Forward Secrecy disabled; Replay protection disabled,0.82,0.98,IKEv1|Transport|AES-256-GCM|DH14|False|IPv6|ICMP
IPSEC-037-19,ipsec-037-19.pcap,test,synthetic_lab_ground_truth,26160,IKEv1,ESP,Transport,IPv6,AES-256-GCM,AEAD-GCM,PSK,Diffie-Hellman,DH14,False,True,14400,False,True,False,0x8CF47C21,0x5CB25D39,Video,TCP/QUIC,IPv6,50,4174,815,39,776,1,494,174,0.2,402610,171545,231065,0.4261,5000.0,Medium,67,High,High,Legacy IKE version detected; Older DH group; policy review recommended; Perfect Forward Secrecy disabled,0.771,0.883,IKEv1|Transport|AES-256-GCM|DH14|False|IPv6|Video
IPSEC-037-20,ipsec-037-20.pcap,test,synthetic_lab_ground_truth,26160,IKEv1,ESP,Transport,IPv6,AES-256-GCM,AEAD-GCM,PSK,Diffie-Hellman,DH14,False,True,7200,True,True,True,0xF879BAA3,0x915BA237,Chat,TCP,IPv6,50,1162,400,28,372,0,267,49,0.34,106800,60209,46591,0.5638,2941.176,Medium,67,High,High,Legacy IKE version detected; Older DH group; policy review recommended; Perfect Forward Secrecy disabled,0.765,0.675,IKEv1|Transport|AES-256-GCM|DH14|False|IPv6|Chat
IPSEC-038-01,ipsec-038-01.pcap,train,synthetic_lab_ground_truth,26160,IKEv1,ESP,Transport,IPv6,AES-128-CBC,HMAC-SHA256-128,RSA-Signature,Diffie-Hellman,DH2,True,True,86400,False,True,False,0xEEF878F6,0x34C669D6,Email,TCP,IPv6,50,632,929,37,892,1,493,131,1.47,457997,217111,240886,0.474,680.272,Medium,52,High,Critical,Legacy IKE version detected; Weak/legacy DH group,0.769,0.767,IKEv1|Transport|AES-128-CBC|DH2|True|IPv6|Email
IPSEC-038-02,ipsec-038-02.pcap,train,synthetic_lab_ground_truth,26160,IKEv1,ESP,Transport,IPv6,AES-128-CBC,HMAC-SHA256-128,RSA-Signature,Diffie-Hellman,DH2,True,True,172800,False,True,False,0x6B1457BE,0x406960EB,File-Transfer,TCP,IPv6,50,2671,1048,30,1018,1,960,438,0.39,1006080,506374,499706,0.5033,2564.103,Medium,44,Critical,Critical,Legacy IKE version detected; Weak/legacy DH group; Long Security Association lifetime,0.797,0.838,IKEv1|Transport|AES-128-CBC|DH2|True|IPv6|File-Transfer
IPSEC-038-03,ipsec-038-03.pcap,train,synthetic_lab_ground_truth,26160,IKEv1,ESP,Transport,IPv6,AES-128-CBC,HMAC-SHA256-128,RSA-Signature,Diffie-Hellman,DH2,True,True,3600,False,True,False,0x70C1E1A8,0x8A10633E,VoIP,UDP,IPv6,50,1989,127,13,114,0,238,70,0.06,30226,15711,14515,0.5198,10000.0,Medium,52,High,Critical,Legacy IKE version detected; Weak/legacy DH group,0.761,0.788,IKEv1|Transport|AES-128-CBC|DH2|True|IPv6|VoIP
IPSEC-038-04,ipsec-038-04.pcap,train,synthetic_lab_ground_truth,26160,IKEv1,ESP,Transport,IPv6,AES-128-CBC,HMAC-SHA256-128,RSA-Signature,Diffie-Hellman,DH2,True,True,7200,False,True,False,0xF6A807F8,0xA347E27A,ICMP,ICMP/ICMPv6,IPv6,50,313,105,17,88,0,91,21,0.34,9555,5072,4483,0.5309,2941.176,Medium,52,High,Critical,Legacy IKE version detected; Weak/legacy DH group,0.78,0.936,IKEv1|Transport|AES-128-CBC|DH2|True|IPv6|ICMP
IPSEC-038-05,ipsec-038-05.pcap,train,synthetic_lab_ground_truth,26160,IKEv1,ESP,Transport,IPv6,AES-128-CBC,HMAC-SHA256-128,RSA-Signature,Diffie-Hellman,DH2,True,True,7200,False,True,False,0x2A582795,0x9E6F9C6E,Video,TCP/QUIC,IPv6,50,5242,1244,35,1209,1,569,101,0.24,707836,267730,440106,0.3782,4166.667,Medium,52,High,Critical,Legacy IKE version detected; Weak/legacy DH group,0.781,0.807,IKEv1|Transport|AES-128-CBC|DH2|True|IPv6|Video
IPSEC-038-06,ipsec-038-06.pcap,train,synthetic_lab_ground_truth,26160,IKEv1,ESP,Transport,IPv6,AES-128-CBC,HMAC-SHA256-128,RSA-Signature,Diffie-Hellman,DH2,True,True,7200,False,True,False,0xC8BB8AE4,0xB822A3D3,Chat,TCP,IPv6,50,1304,417,8,409,1,211,49,0.32,87987,53231,34756,0.605,3125.0,Medium,52,High,Critical,Legacy IKE version detected; Weak/legacy DH group,0.79,0.732,IKEv1|Transport|AES-128-CBC|DH2|True|IPv6|Chat
IPSEC-038-07,ipsec-038-07.pcap,train,synthetic_lab_ground_truth,26160,IKEv1,ESP,Transport,IPv6,AES-128-CBC,HMAC-SHA256-128,RSA-Signature,Diffie-Hellman,DH2,True,True,3600,False,True,False,0xBF05BE4E,0x2415713A,Web,TCP,IPv6,50,1642,727,29,698,2,482,145,0.44,350414,147498,202916,0.4209,2272.727,Medium,52,High,Critical,Legacy IKE version detected; Weak/legacy DH group,0.797,0.819,IKEv1|Transport|AES-128-CBC|DH2|True|IPv6|Web
IPSEC-038-08,ipsec-038-08.pcap,train,synthetic_lab_ground_truth,26160,IKEv1,ESP,Transport,IPv6,AES-128-CBC,HMAC-SHA256-128,RSA-Signature,Diffie-Hellman,DH2,True,True,14400,False,True,False,0x966209E7,0x43DFF06A,Email,TCP,IPv6,50,665,825,12,813,0,507,112,1.24,418275,215252,203023,0.5146,806.452,Medium,52,High,Critical,Legacy IKE version detected; Weak/legacy DH group,0.771,0.712,IKEv1|Transport|AES-128-CBC|DH2|True|IPv6|Email
IPSEC-038-09,ipsec-038-09.pcap,train,synthetic_lab_ground_truth,26160,IKEv1,ESP,Transport,IPv6,AES-128-CBC,HMAC-SHA256-128,RSA-Signature,Diffie-Hellman,DH2,True,True,7200,False,True,False,0x7ED6186F,0x8083DA26,File-Transfer,TCP,IPv6,50,3707,1434,16,1418,0,679,133,0.39,973686,456723,516963,0.4691,2564.103,Medium,52,High,Critical,Legacy IKE version detected; Weak/legacy DH group,0.777,0.803,IKEv1|Transport|AES-128-CBC|DH2|True|IPv6|File-Transfer
IPSEC-038-10,ipsec-038-10.pcap,train,synthetic_lab_ground_truth,26160,IKEv1,ESP,Transport,IPv6,AES-128-CBC,HMAC-SHA256-128,RSA-Signature,Diffie-Hellman,DH2,True,True,3600,True,True,True,0xDA51C1D8,0xF2C9AFEF,VoIP,UDP,IPv6,50,2502,198,29,169,2,237,89,0.08,46926,22785,24141,0.4856,10000.0,Medium,52,High,Critical,Legacy IKE version detected; Weak/legacy DH group,0.768,0.819,IKEv1|Transport|AES-128-CBC|DH2|True|IPv6|VoIP
IPSEC-038-11,ipsec-038-11.pcap,train,synthetic_lab_ground_truth,26160,IKEv1,ESP,Transport,IPv6,AES-128-CBC,HMAC-SHA256-128,RSA-Signature,Diffie-Hellman,DH2,True,True,7200,False,True,False,0xF363CA94,0x4104000D,ICMP,ICMP/ICMPv6,IPv6,50,193,75,15,60,1,96,28,0.39,7200,3139,4061,0.436,2564.103,Medium,52,High,Critical,Legacy IKE version detected; Weak/legacy DH group,0.75,0.855,IKEv1|Transport|AES-128-CBC|DH2|True|IPv6|ICMP
IPSEC-038-12,ipsec-038-12.pcap,train,synthetic_lab_ground_truth,26160,IKEv1,ESP,Transport,IPv6,AES-128-CBC,HMAC-SHA256-128,RSA-Signature,Diffie-Hellman,DH2,True,True,300,False,True,False,0xC0248B6A,0xEA374E47,Video,TCP/QUIC,IPv6,50,1820,427,28,399,2,547,120,0.23,233569,101658,131911,0.4352,4347.826,Medium,52,High,Critical,Legacy IKE version detected; Weak/legacy DH group,0.789,0.86,IKEv1|Transport|AES-128-CBC|DH2|True|IPv6|Video
IPSEC-038-13,ipsec-038-13.pcap,train,synthetic_lab_ground_truth,26160,IKEv1,ESP,Transport,IPv6,AES-128-CBC,HMAC-SHA256-128,RSA-Signature,Diffie-Hellman,DH2,True,True,86400,True,True,True,0x7E2144E3,0x259A5932,Chat,TCP,IPv6,50,1225,409,23,386,1,252,62,0.33,103068,56993,46075,0.553,3030.303,Medium,52,High,Critical,Legacy IKE version detected; Weak/legacy DH group,0.788,0.696,IKEv1|Transport|AES-128-CBC|DH2|True|IPv6|Chat
IPSEC-038-14,ipsec-038-14.pcap,train,synthetic_lab_ground_truth,26160,IKEv1,ESP,Transport,IPv6,AES-128-CBC,HMAC-SHA256-128,RSA-Signature,Diffie-Hellman,DH2,True,True,3600,False,True,False,0xE57A5F9F,0x5589EE7C,Web,TCP,IPv6,50,1579,772,25,747,1,632,161,0.49,487904,195652,292252,0.401,2040.816,Medium,52,High,Critical,Legacy IKE version detected; Weak/legacy DH group,0.797,0.836,IKEv1|Transport|AES-128-CBC|DH2|True|IPv6|Web
IPSEC-038-15,ipsec-038-15.pcap,validation,synthetic_lab_ground_truth,26160,IKEv1,ESP,Transport,IPv6,AES-128-CBC,HMAC-SHA256-128,RSA-Signature,Diffie-Hellman,DH2,True,True,1800,False,True,False,0xA1F3B0A3,0xE7D0DFA2,Email,TCP,IPv6,50,556,770,18,752,1,434,99,1.38,334180,177959,156221,0.5325,724.638,Medium,52,High,Critical,Legacy IKE version detected; Weak/legacy DH group,0.8,0.728,IKEv1|Transport|AES-128-CBC|DH2|True|IPv6|Email
IPSEC-038-16,ipsec-038-16.pcap,validation,synthetic_lab_ground_truth,26160,IKEv1,ESP,Transport,IPv6,AES-128-CBC,HMAC-SHA256-128,RSA-Signature,Diffie-Hellman,DH2,True,False,14400,True,True,True,0x770135A6,0x8CEC4C12,File-Transfer,TCP,IPv6,50,2038,1094,26,1068,0,746,170,0.54,816124,336838,479286,0.4127,1851.852,Medium,27,Critical,Critical,Legacy IKE version detected; Weak/legacy DH group; Replay protection disabled,0.82,0.709,IKEv1|Transport|AES-128-CBC|DH2|True|IPv6|File-Transfer
IPSEC-038-17,ipsec-038-17.pcap,validation,synthetic_lab_ground_truth,26160,IKEv1,ESP,Transport,IPv6,AES-128-CBC,HMAC-SHA256-128,RSA-Signature,Diffie-Hellman,DH2,True,True,28800,False,True,False,0x61121D79,0xBB9977AA,VoIP,UDP,IPv6,50,3143,272,10,262,0,257,77,0.09,69904,25936,43968,0.371,10000.0,Medium,52,High,Critical,Legacy IKE version detected; Weak/legacy DH group,0.83,0.717,IKEv1|Transport|AES-128-CBC|DH2|True|IPv6|VoIP
IPSEC-038-18,ipsec-038-18.pcap,test,synthetic_lab_ground_truth,26160,IKEv1,ESP,Transport,IPv6,AES-128-CBC,HMAC-SHA256-128,RSA-Signature,Diffie-Hellman,DH2,True,True,14400,True,True,True,0x3ECCED7E,0xFA3F0D65,ICMP,ICMP/ICMPv6,IPv6,50,223,109,34,75,0,95,37,0.49,10355,4785,5570,0.4621,2040.816,Medium,52,High,Critical,Legacy IKE version detected; Weak/legacy DH group,0.785,0.913,IKEv1|Transport|AES-128-CBC|DH2|True|IPv6|ICMP
IPSEC-038-19,ipsec-038-19.pcap,test,synthetic_lab_ground_truth,26160,IKEv1,ESP,Transport,IPv6,AES-128-CBC,HMAC-SHA256-128,RSA-Signature,Diffie-Hellman,DH2,True,False,14400,False,True,False,0x9F4C4337,0x74209442,Video,TCP/QUIC,IPv6,50,5030,1388,29,1359,3,599,180,0.28,831412,298228,533184,0.3587,3571.429,Medium,27,Critical,Critical,Legacy IKE version detected; Weak/legacy DH group; Replay protection disabled,0.758,0.87,IKEv1|Transport|AES-128-CBC|DH2|True|IPv6|Video
IPSEC-038-20,ipsec-038-20.pcap,test,synthetic_lab_ground_truth,26160,IKEv1,ESP,Transport,IPv6,AES-128-CBC,HMAC-SHA256-128,RSA-Signature,Diffie-Hellman,DH2,True,True,28800,False,True,False,0xDCD04B2F,0x5B692A8B,Chat,TCP,IPv6,50,1604,543,10,533,0,218,51,0.34,118374,58968,59406,0.4982,2941.176,Medium,52,High,Critical,Legacy IKE version detected; Weak/legacy DH group,0.79,0.754,IKEv1|Transport|AES-128-CBC|DH2|True|IPv6|Chat
IPSEC-039-01,ipsec-039-01.pcap,train,synthetic_lab_ground_truth,26160,IKEv1,ESP,Transport,IPv6,AES-128-GCM,AEAD-GCM,RSA-Signature,Diffie-Hellman,DH19,False,True,300,False,True,False,0xB12BDB27,0xE32BEB5B,Email,TCP,IPv6,50,728,882,23,859,1,388,85,1.21,342216,168959,173257,0.4937,826.446,Medium,73,Medium,High,Legacy IKE version detected; Perfect Forward Secrecy disabled,0.828,0.754,IKEv1|Transport|AES-128-GCM|DH19|False|IPv6|Email
IPSEC-039-02,ipsec-039-02.pcap,train,synthetic_lab_ground_truth,26160,IKEv1,ESP,Transport,IPv6,AES-128-GCM,AEAD-GCM,RSA-Signature,Diffie-Hellman,DH19,False,True,3600,False,True,False,0xF8FEC50B,0x1CD122E0,File-Transfer,TCP,IPv6,50,2809,1218,13,1205,1,815,235,0.43,992670,495587,497083,0.4992,2325.581,Medium,73,Medium,High,Legacy IKE version detected; Perfect Forward Secrecy disabled,0.803,0.759,IKEv1|Transport|AES-128-GCM|DH19|False|IPv6|File-Transfer
IPSEC-039-03,ipsec-039-03.pcap,train,synthetic_lab_ground_truth,26160,IKEv1,ESP,Transport,IPv6,AES-128-GCM,AEAD-GCM,RSA-Signature,Diffie-Hellman,DH19,False,False,86400,True,True,True,0x66D6C4D0,0xB491B990,VoIP,UDP,IPv6,50,2967,242,20,222,0,274,85,0.08,66308,31890,34418,0.481,10000.0,Medium,48,Critical,Critical,Legacy IKE version detected; Perfect Forward Secrecy disabled; Replay protection disabled,0.816,0.762,IKEv1|Transport|AES-128-GCM|DH19|False|IPv6|VoIP
IPSEC-039-04,ipsec-039-04.pcap,train,synthetic_lab_ground_truth,26160,IKEv1,ESP,Transport,IPv6,AES-128-GCM,AEAD-GCM,RSA-Signature,Diffie-Hellman,DH19,False,True,14400,True,True,True,0x73C424D4,0xCFB563D4,ICMP,ICMP/ICMPv6,IPv6,50,314,108,44,64,2,88,19,0.34,9504,5532,3972,0.5821,2941.176,Medium,73,Medium,High,Legacy IKE version detected; Perfect Forward Secrecy disabled,0.829,0.953,IKEv1|Transport|AES-128-GCM|DH19|False|IPv6|ICMP
IPSEC-039-05,ipsec-039-05.pcap,train,synthetic_lab_ground_truth,26160,IKEv1,ESP,Transport,IPv6,AES-128-GCM,AEAD-GCM,RSA-Signature,Diffie-Hellman,DH19,False,True,86400,False,True,False,0xB7303B62,0xD9CE2104,Video,TCP/QUIC,IPv6,50,5055,1265,33,1232,1,577,197,0.25,729905,168850,561055,0.2313,4000.0,Medium,73,Medium,High,Legacy IKE version detected; Perfect Forward Secrecy disabled,0.813,0.892,IKEv1|Transport|AES-128-GCM|DH19|False|IPv6|Video
IPSEC-039-06,ipsec-039-06.pcap,train,synthetic_lab_ground_truth,26160,IKEv1,ESP,Transport,IPv6,AES-128-GCM,AEAD-GCM,RSA-Signature,Diffie-Hellman,DH19,False,True,3600,False,True,False,0xAFB48921,0xDD5395B4,Chat,TCP,IPv6,50,1226,385,31,354,2,226,53,0.31,87010,40188,46822,0.4619,3225.806,Medium,73,Medium,High,Legacy IKE version detected; Perfect Forward Secrecy disabled,0.812,0.741,IKEv1|Transport|AES-128-GCM|DH19|False|IPv6|Chat
IPSEC-039-07,ipsec-039-07.pcap,train,synthetic_lab_ground_truth,26160,IKEv1,ESP,Transport,IPv6,AES-128-GCM,AEAD-GCM,RSA-Signature,Diffie-Hellman,DH19,False,True,14400,False,True,False,0x9E5357CC,0x2B8B6EC8,Web,TCP,IPv6,50,1651,603,19,584,0,462,68,0.37,278586,159233,119353,0.5716,2702.703,Medium,73,Medium,High,Legacy IKE version detected; Perfect Forward Secrecy disabled,0.835,0.803,IKEv1|Transport|AES-128-GCM|DH19|False|IPv6|Web
IPSEC-039-08,ipsec-039-08.pcap,train,synthetic_lab_ground_truth,26160,IKEv1,ESP,Transport,IPv6,AES-128-GCM,AEAD-GCM,RSA-Signature,Diffie-Hellman,DH19,False,True,14400,True,True,True,0xE24D6091,0x8A8C632D,Email,TCP,IPv6,50,736,978,36,942,0,412,81,1.33,402936,202865,200071,0.5035,751.88,Medium,73,Medium,High,Legacy IKE version detected; Perfect Forward Secrecy disabled,0.855,0.729,IKEv1|Transport|AES-128-GCM|DH19|False|IPv6|Email
IPSEC-039-09,ipsec-039-09.pcap,train,synthetic_lab_ground_truth,26160,IKEv1,ESP,Transport,IPv6,AES-128-GCM,AEAD-GCM,RSA-Signature,Diffie-Hellman,DH19,False,True,86400,True,True,True,0x1E807CD8,0x10927300,File-Transfer,TCP,IPv6,50,3575,1618,16,1602,1,914,224,0.45,1478852,574462,904390,0.3885,2222.222,Medium,73,Medium,High,Legacy IKE version detected; Perfect Forward Secrecy disabled,0.81,0.797,IKEv1|Transport|AES-128-GCM|DH19|False|IPv6|File-Transfer
IPSEC-039-10,ipsec-039-10.pcap,train,synthetic_lab_ground_truth,26160,IKEv1,ESP,Transport,IPv6,AES-128-GCM,AEAD-GCM,RSA-Signature,Diffie-Hellman,DH19,False,True,86400,False,True,False,0xF0D20B63,0x8AFA6418,VoIP,UDP,IPv6,50,2031,128,20,108,1,241,54,0.06,30848,10899,19949,0.3533,10000.0,Medium,73,Medium,High,Legacy IKE version detected; Perfect Forward Secrecy disabled,0.82,0.807,IKEv1|Transport|AES-128-GCM|DH19|False|IPv6|VoIP
IPSEC-039-11,ipsec-039-11.pcap,train,synthetic_lab_ground_truth,26160,IKEv1,ESP,Transport,IPv6,AES-128-GCM,AEAD-GCM,RSA-Signature,Diffie-Hellman,DH19,False,True,3600,False,True,False,0x57C1AE1B,0xCD6AD583,ICMP,ICMP/ICMPv6,IPv6,50,244,114,29,85,0,96,29,0.47,10944,4662,6282,0.4261,2127.66,Medium,73,Medium,High,Legacy IKE version detected; Perfect Forward Secrecy disabled,0.826,0.891,IKEv1|Transport|AES-128-GCM|DH19|False|IPv6|ICMP
IPSEC-039-12,ipsec-039-12.pcap,train,synthetic_lab_ground_truth,26160,IKEv1,ESP,Transport,IPv6,AES-128-GCM,AEAD-GCM,RSA-Signature,Diffie-Hellman,DH19,False,True,3600,False,True,False,0x9A8EA569,0x6A9A41C9,Video,TCP/QUIC,IPv6,50,4870,1266,35,1231,0,613,177,0.26,776058,261752,514306,0.3373,3846.154,Medium,73,Medium,High,Legacy IKE version detected; Perfect Forward Secrecy disabled,0.852,0.869,IKEv1|Transport|AES-128-GCM|DH19|False|IPv6|Video
IPSEC-039-13,ipsec-039-13.pcap,train,synthetic_lab_ground_truth,26160,IKEv1,ESP,Transport,IPv6,AES-128-GCM,AEAD-GCM,RSA-Signature,Diffie-Hellman,DH19,False,True,3600,False,True,False,0xF03E7ACC,0xDCC516D9,Chat,TCP,IPv6,50,967,394,35,359,0,251,89,0.41,98894,45805,53089,0.4632,2439.024,Medium,73,Medium,High,Legacy IKE version detected; Perfect Forward Secrecy disabled,0.834,0.676,IKEv1|Transport|AES-128-GCM|DH19|False|IPv6|Chat
IPSEC-039-14,ipsec-039-14.pcap,train,synthetic_lab_ground_truth,26160,IKEv1,ESP,Transport,IPv6,AES-128-GCM,AEAD-GCM,RSA-Signature,Diffie-Hellman,DH19,False,True,7200,False,True,False,0xFF1A32A3,0x61C51989,Web,TCP,IPv6,50,2644,1109,34,1075,0,519,106,0.42,575571,188514,387057,0.3275,2380.952,Medium,73,Medium,High,Legacy IKE version detected; Perfect Forward Secrecy disabled,0.861,0.781,IKEv1|Transport|AES-128-GCM|DH19|False|IPv6|Web
IPSEC-039-15,ipsec-039-15.pcap,validation,synthetic_lab_ground_truth,26160,IKEv1,ESP,Transport,IPv6,AES-128-GCM,AEAD-GCM,RSA-Signature,Diffie-Hellman,DH19,False,True,300,False,True,False,0xA3D7AB64,0x596DC12C,Email,TCP,IPv6,50,515,543,17,526,0,369,129,1.05,200367,99264,101103,0.4954,952.381,Medium,73,Medium,High,Legacy IKE version detected; Perfect Forward Secrecy disabled,0.842,0.741,IKEv1|Transport|AES-128-GCM|DH19|False|IPv6|Email
IPSEC-039-16,ipsec-039-16.pcap,validation,synthetic_lab_ground_truth,26160,IKEv1,ESP,Transport,IPv6,AES-128-GCM,AEAD-GCM,RSA-Signature,Diffie-Hellman,DH19,False,True,14400,False,True,False,0x4E90A3C4,0xD194318A,File-Transfer,TCP,IPv6,50,3912,1834,20,1814,1,772,213,0.47,1415848,629580,786268,0.4447,2127.66,Medium,73,Medium,High,Legacy IKE version detected; Perfect Forward Secrecy disabled,0.757,0.785,IKEv1|Transport|AES-128-GCM|DH19|False|IPv6|File-Transfer
IPSEC-039-17,ipsec-039-17.pcap,validation,synthetic_lab_ground_truth,26160,IKEv1,ESP,Transport,IPv6,AES-128-GCM,AEAD-GCM,RSA-Signature,Diffie-Hellman,DH19,False,True,14400,False,True,False,0xA5974217,0x3E6ABAAF,VoIP,UDP,IPv6,50,3396,285,23,262,1,218,56,0.08,62130,38863,23267,0.6255,10000.0,Medium,73,Medium,High,Legacy IKE version detected; Perfect Forward Secrecy disabled,0.777,0.76,IKEv1|Transport|AES-128-GCM|DH19|False|IPv6|VoIP
IPSEC-039-18,ipsec-039-18.pcap,test,synthetic_lab_ground_truth,26160,IKEv1,ESP,Transport,IPv6,AES-128-GCM,AEAD-GCM,RSA-Signature,Diffie-Hellman,DH19,False,True,3600,False,True,False,0x340F095C,0x71E2E4EE,ICMP,ICMP/ICMPv6,IPv6,50,190,75,28,47,0,74,21,0.39,5550,2773,2777,0.4997,2564.103,Medium,73,Medium,High,Legacy IKE version detected; Perfect Forward Secrecy disabled,0.795,0.872,IKEv1|Transport|AES-128-GCM|DH19|False|IPv6|ICMP
IPSEC-039-19,ipsec-039-19.pcap,test,synthetic_lab_ground_truth,26160,IKEv1,ESP,Transport,IPv6,AES-128-GCM,AEAD-GCM,RSA-Signature,Diffie-Hellman,DH19,False,True,86400,False,True,False,0x188531DB,0xA23B7C25,Video,TCP/QUIC,IPv6,50,4296,882,32,850,0,478,146,0.21,421596,163985,257611,0.389,4761.905,Medium,73,Medium,High,Legacy IKE version detected; Perfect Forward Secrecy disabled,0.799,0.834,IKEv1|Transport|AES-128-GCM|DH19|False|IPv6|Video
IPSEC-039-20,ipsec-039-20.pcap,test,synthetic_lab_ground_truth,26160,IKEv1,ESP,Transport,IPv6,AES-128-GCM,AEAD-GCM,RSA-Signature,Diffie-Hellman,DH19,False,True,86400,True,True,True,0xBE972F78,0x9356702E,Chat,TCP,IPv6,50,1140,387,27,360,2,303,112,0.34,117261,57381,59880,0.4894,2941.176,Medium,73,Medium,High,Legacy IKE version detected; Perfect Forward Secrecy disabled,0.805,0.757,IKEv1|Transport|AES-128-GCM|DH19|False|IPv6|Chat
IPSEC-040-01,ipsec-040-01.pcap,train,synthetic_lab_ground_truth,26160,IKEv2,ESP,Tunnel,IPv4,AES-128-GCM,AEAD-GCM,ECDSA-Signature,Diffie-Hellman,DH24,True,True,7200,False,True,False,0x82B3747F,0xA0A2E502,Email,TCP,IPv4,50,524,594,17,577,2,389,130,1.13,231066,125675,105391,0.5439,884.956,Low,92,Low,Informational,No major policy violations detected,0.949,0.723,IKEv2|Tunnel|AES-128-GCM|DH24|True|IPv4|Email
IPSEC-040-02,ipsec-040-02.pcap,train,synthetic_lab_ground_truth,26160,IKEv2,ESP,Tunnel,IPv4,AES-128-GCM,AEAD-GCM,ECDSA-Signature,Diffie-Hellman,DH24,True,True,3600,True,True,True,0x85F836D0,0x2F338167,File-Transfer,TCP,IPv4,50,2814,1220,22,1198,1,1031,224,0.43,1257820,696544,561276,0.5538,2325.581,Low,92,Low,Informational,No major policy violations detected,0.943,0.794,IKEv2|Tunnel|AES-128-GCM|DH24|True|IPv4|File-Transfer
IPSEC-040-03,ipsec-040-03.pcap,train,synthetic_lab_ground_truth,26160,IKEv2,ESP,Tunnel,IPv4,AES-128-GCM,AEAD-GCM,ECDSA-Signature,Diffie-Hellman,DH24,True,True,7200,False,True,False,0x1533EB32,0x3D3B70F3,VoIP,UDP,IPv4,50,3073,283,12,271,0,227,42,0.09,64241,32026,32215,0.4985,10000.0,Medium,92,Low,Informational,No major policy violations detected,0.958,0.804,IKEv2|Tunnel|AES-128-GCM|DH24|True|IPv4|VoIP
IPSEC-040-04,ipsec-040-04.pcap,train,synthetic_lab_ground_truth,26160,IKEv2,ESP,Tunnel,IPv4,AES-128-GCM,AEAD-GCM,ECDSA-Signature,Diffie-Hellman,DH24,True,True,7200,True,True,True,0x2C92329A,0x7BC19144,ICMP,ICMP/ICMPv6,IPv4,50,247,90,43,47,1,97,32,0.36,8730,4748,3982,0.544,2777.778,Low,92,Low,Informational,No major policy violations detected,0.933,0.974,IKEv2|Tunnel|AES-128-GCM|DH24|True|IPv4|ICMP
IPSEC-040-05,ipsec-040-05.pcap,train,synthetic_lab_ground_truth,26160,IKEv2,ESP,Tunnel,IPv4,AES-128-GCM,AEAD-GCM,ECDSA-Signature,Diffie-Hellman,DH24,True,True,14400,False,True,False,0x4BF7DAC1,0xE664F49F,Video,TCP/QUIC,IPv4,50,3764,1065,28,1037,0,561,216,0.28,597465,242114,355351,0.4052,3571.429,Medium,92,Low,Informational,No major policy violations detected,0.955,0.898,IKEv2|Tunnel|AES-128-GCM|DH24|True|IPv4|Video
IPSEC-040-06,ipsec-040-06.pcap,train,synthetic_lab_ground_truth,26160,IKEv2,ESP,Tunnel,IPv4,AES-128-GCM,AEAD-GCM,ECDSA-Signature,Diffie-Hellman,DH24,True,True,7200,False,True,False,0xBD5418C0,0x9E8C8175,Chat,TCP,IPv4,50,1368,480,11,469,1,233,98,0.35,111840,63184,48656,0.565,2857.143,Low,92,Low,Informational,No major policy violations detected,0.942,0.738,IKEv2|Tunnel|AES-128-GCM|DH24|True|IPv4|Chat
IPSEC-040-07,ipsec-040-07.pcap,train,synthetic_lab_ground_truth,26160,IKEv2,ESP,Tunnel,IPv4,AES-128-GCM,AEAD-GCM,ECDSA-Signature,Diffie-Hellman,DH24,True,True,7200,True,True,True,0xF1A478CE,0xDA96F15F,Web,TCP,IPv4,50,2603,1133,39,1094,1,531,127,0.44,601623,221617,380006,0.3684,2272.727,Low,92,Low,Informational,No major policy violations detected,0.967,0.847,IKEv2|Tunnel|AES-128-GCM|DH24|True|IPv4|Web
IPSEC-040-08,ipsec-040-08.pcap,train,synthetic_lab_ground_truth,26160,IKEv2,ESP,Tunnel,IPv4,AES-128-GCM,AEAD-GCM,ECDSA-Signature,Diffie-Hellman,DH24,True,True,300,False,True,False,0x12459A86,0x4D21DC33,Email,TCP,IPv4,50,785,1061,10,1051,2,417,101,1.35,442437,239681,202756,0.5417,740.741,Low,92,Low,Informational,No major policy violations detected,0.914,0.704,IKEv2|Tunnel|AES-128-GCM|DH24|True|IPv4|Email
IPSEC-040-09,ipsec-040-09.pcap,train,synthetic_lab_ground_truth,26160,IKEv2,ESP,Tunnel,IPv4,AES-128-GCM,AEAD-GCM,ECDSA-Signature,Diffie-Hellman,DH24,True,True,3600,False,True,False,0x3AA48F52,0x55C48174,File-Transfer,TCP,IPv4,50,4540,1895,41,1854,1,841,251,0.42,1593695,887449,706246,0.5569,2380.952,Low,92,Low,Informational,No major policy violations detected,0.948,0.794,IKEv2|Tunnel|AES-128-GCM|DH24|True|IPv4|File-Transfer
IPSEC-040-10,ipsec-040-10.pcap,train,synthetic_lab_ground_truth,26160,IKEv2,ESP,Tunnel,IPv4,AES-128-GCM,AEAD-GCM,ECDSA-Signature,Diffie-Hellman,DH24,True,True,7200,False,True,False,0x906D1C96,0x409D080C,VoIP,UDP,IPv4,50,3613,280,39,241,0,227,59,0.08,63560,31241,32319,0.4915,10000.0,Medium,92,Low,Informational,No major policy violations detected,0.908,0.751,IKEv2|Tunnel|AES-128-GCM|DH24|True|IPv4|VoIP
IPSEC-040-11,ipsec-040-11.pcap,train,synthetic_lab_ground_truth,26160,IKEv2,ESP,Tunnel,IPv4,AES-128-GCM,AEAD-GCM,ECDSA-Signature,Diffie-Hellman,DH24,True,True,3600,True,True,True,0x87F6031F,0x4560F509,ICMP,ICMP/ICMPv6,IPv4,50,204,89,14,75,1,124,28,0.44,11036,5484,5552,0.4969,2272.727,Low,92,Low,Informational,No major policy violations detected,0.959,0.923,IKEv2|Tunnel|AES-128-GCM|DH24|True|IPv4|ICMP
IPSEC-040-12,ipsec-040-12.pcap,train,synthetic_lab_ground_truth,26160,IKEv2,ESP,Tunnel,IPv4,AES-128-GCM,AEAD-GCM,ECDSA-Signature,Diffie-Hellman,DH24,True,True,7200,False,True,False,0x2C8B89E7,0xCB4DE898,Video,TCP/QUIC,IPv4,50,4321,1151,30,1121,0,483,152,0.27,555933,179775,376158,0.3234,3703.704,Medium,92,Low,Informational,No major policy violations detected,0.962,0.883,IKEv2|Tunnel|AES-128-GCM|DH24|True|IPv4|Video
IPSEC-040-13,ipsec-040-13.pcap,train,synthetic_lab_ground_truth,26160,IKEv2,ESP,Tunnel,IPv4,AES-128-GCM,AEAD-GCM,ECDSA-Signature,Diffie-Hellman,DH24,True,True,300,False,True,False,0x300C662A,0xF81BDA61,Chat,TCP,IPv4,50,1522,519,17,502,0,250,66,0.34,129750,54677,75073,0.4214,2941.176,Low,92,Low,Informational,No major policy violations detected,0.931,0.736,IKEv2|Tunnel|AES-128-GCM|DH24|True|IPv4|Chat
IPSEC-040-14,ipsec-040-14.pcap,train,synthetic_lab_ground_truth,26160,IKEv2,ESP,Tunnel,IPv4,AES-128-GCM,AEAD-GCM,ECDSA-Signature,Diffie-Hellman,DH24,True,True,3600,False,True,False,0x54CDA5B0,0x456BD791,Web,TCP,IPv4,50,1886,892,13,879,0,606,192,0.47,540552,165723,374829,0.3066,2127.66,Low,92,Low,Informational,No major policy violations detected,0.94,0.789,IKEv2|Tunnel|AES-128-GCM|DH24|True|IPv4|Web
IPSEC-040-15,ipsec-040-15.pcap,validation,synthetic_lab_ground_truth,26160,IKEv2,ESP,Tunnel,IPv4,AES-128-GCM,AEAD-GCM,ECDSA-Signature,Diffie-Hellman,DH24,True,True,3600,True,True,True,0xBEB0D045,0xF108D61C,Email,TCP,IPv4,50,569,774,29,745,1,478,118,1.36,369972,197503,172469,0.5338,735.294,Low,92,Low,Informational,No major policy violations detected,0.95,0.725,IKEv2|Tunnel|AES-128-GCM|DH24|True|IPv4|Email
IPSEC-040-16,ipsec-040-16.pcap,validation,synthetic_lab_ground_truth,26160,IKEv2,ESP,Tunnel,IPv4,AES-128-GCM,AEAD-GCM,ECDSA-Signature,Diffie-Hellman,DH24,True,True,3600,False,True,False,0x9A123AB8,0x59C85737,File-Transfer,TCP,IPv4,50,2686,1131,11,1120,1,1055,249,0.42,1193205,509333,683872,0.4269,2380.952,Low,92,Low,Informational,No major policy violations detected,0.979,0.789,IKEv2|Tunnel|AES-128-GCM|DH24|True|IPv4|File-Transfer
IPSEC-040-17,ipsec-040-17.pcap,validation,synthetic_lab_ground_truth,26160,IKEv2,ESP,Tunnel,IPv4,AES-128-GCM,AEAD-GCM,ECDSA-Signature,Diffie-Hellman,DH24,True,True,7200,True,True,True,0x3CDE6EC0,0xD5C29184,VoIP,UDP,IPv4,50,2564,198,33,165,0,260,65,0.08,51480,23463,28017,0.4558,10000.0,Medium,92,Low,Informational,No major policy violations detected,0.944,0.796,IKEv2|Tunnel|AES-128-GCM|DH24|True|IPv4|VoIP
IPSEC-040-18,ipsec-040-18.pcap,test,synthetic_lab_ground_truth,26160,IKEv2,ESP,Tunnel,IPv4,AES-128-GCM,AEAD-GCM,ECDSA-Signature,Diffie-Hellman,DH24,True,True,3600,False,True,False,0xCD280183,0x3FC622A6,ICMP,ICMP/ICMPv6,IPv4,50,204,75,40,35,1,95,30,0.37,7125,4442,2683,0.6234,2702.703,Low,92,Low,Informational,No major policy violations detected,0.939,0.952,IKEv2|Tunnel|AES-128-GCM|DH24|True|IPv4|ICMP
IPSEC-040-19,ipsec-040-19.pcap,test,synthetic_lab_ground_truth,26160,IKEv2,ESP,Tunnel,IPv4,AES-128-GCM,AEAD-GCM,ECDSA-Signature,Diffie-Hellman,DH24,True,True,28800,False,True,False,0x266A2677,0x5876A68B,Video,TCP/QUIC,IPv4,50,5800,1430,20,1410,3,485,129,0.25,693550,223944,469606,0.3229,4000.0,Medium,92,Low,Informational,No major policy violations detected,0.911,0.818,IKEv2|Tunnel|AES-128-GCM|DH24|True|IPv4|Video
IPSEC-040-20,ipsec-040-20.pcap,test,synthetic_lab_ground_truth,26160,IKEv2,ESP,Tunnel,IPv4,AES-128-GCM,AEAD-GCM,ECDSA-Signature,Diffie-Hellman,DH24,True,True,3600,True,True,True,0x903C71C7,0x1BDE439B,Chat,TCP,IPv4,50,1169,419,38,381,1,202,61,0.36,84638,48081,36557,0.5681,2777.778,Low,92,Low,Informational,No major policy violations detected,0.943,0.759,IKEv2|Tunnel|AES-128-GCM|DH24|True|IPv4|Chat
IPSEC-041-01,ipsec-041-01.pcap,train,synthetic_lab_ground_truth,26160,IKEv2,ESP,Transport,IPv6,AES-256-CBC,HMAC-SHA256-128,PSK,Diffie-Hellman,DH14,False,True,14400,False,True,False,0x8749AE1E,0x7935FA53,Email,TCP,IPv6,50,713,976,16,960,0,383,91,1.37,373808,236114,137694,0.6316,729.927,Medium,78,Medium,Medium,Older DH group; policy review recommended; Perfect Forward Secrecy disabled,0.916,0.739,IKEv2|Transport|AES-256-CBC|DH14|False|IPv6|Email
IPSEC-041-02,ipsec-041-02.pcap,train,synthetic_lab_ground_truth,26160,IKEv2,ESP,Transport,IPv6,AES-256-CBC,HMAC-SHA256-128,PSK,Diffie-Hellman,DH14,False,True,3600,False,True,False,0xC855B2A3,0x293A4436,File-Transfer,TCP,IPv6,50,3607,1715,13,1702,0,881,163,0.48,1510915,655471,855444,0.4338,2083.333,Medium,78,Medium,Medium,Older DH group; policy review recommended; Perfect Forward Secrecy disabled,0.859,0.806,IKEv2|Transport|AES-256-CBC|DH14|False|IPv6|File-Transfer
IPSEC-041-03,ipsec-041-03.pcap,train,synthetic_lab_ground_truth,26160,IKEv2,ESP,Transport,IPv6,AES-256-CBC,HMAC-SHA256-128,PSK,Diffie-Hellman,DH14,False,True,14400,True,True,True,0x848D13EC,0xD3349A36,VoIP,UDP,IPv6,50,1974,170,24,146,0,211,65,0.09,35870,18738,17132,0.5224,10000.0,Medium,78,Medium,Medium,Older DH group; policy review recommended; Perfect Forward Secrecy disabled,0.929,0.8,IKEv2|Transport|AES-256-CBC|DH14|False|IPv6|VoIP
IPSEC-041-04,ipsec-041-04.pcap,train,synthetic_lab_ground_truth,26160,IKEv2,ESP,Transport,IPv6,AES-256-CBC,HMAC-SHA256-128,PSK,Diffie-Hellman,DH14,False,True,14400,True,True,True,0xCCA28B20,0xA7B12FD7,ICMP,ICMP/ICMPv6,IPv6,50,163,52,30,22,0,102,22,0.32,5304,2275,3029,0.429,3125.0,Medium,78,Medium,Medium,Older DH group; policy review recommended; Perfect Forward Secrecy disabled,0.884,0.927,IKEv2|Transport|AES-256-CBC|DH14|False|IPv6|ICMP
IPSEC-041-05,ipsec-041-05.pcap,train,synthetic_lab_ground_truth,26160,IKEv2,ESP,Transport,IPv6,AES-256-CBC,HMAC-SHA256-128,PSK,Diffie-Hellman,DH14,False,True,86400,True,True,True,0x8A9E905C,0x75D2FD3F,Video,TCP/QUIC,IPv6,50,4050,912,42,870,1,469,134,0.23,427728,123534,304194,0.2888,4347.826,Medium,78,Medium,Medium,Older DH group; policy review recommended; Perfect Forward Secrecy disabled,0.891,0.907,IKEv2|Transport|AES-256-CBC|DH14|False|IPv6|Video
IPSEC-041-06,ipsec-041-06.pcap,train,synthetic_lab_ground_truth,26160,IKEv2,ESP,Transport,IPv6,AES-256-CBC,HMAC-SHA256-128,PSK,Diffie-Hellman,DH14,False,True,86400,False,True,False,0xDDB7154B,0xF3E76AFE,Chat,TCP,IPv6,50,1314,390,19,371,0,234,47,0.3,91260,51164,40096,0.5606,3333.333,Medium,78,Medium,Medium,Older DH group; policy review recommended; Perfect Forward Secrecy disabled,0.927,0.709,IKEv2|Transport|AES-256-CBC|DH14|False|IPv6|Chat
IPSEC-041-07,ipsec-041-07.pcap,train,synthetic_lab_ground_truth,26160,IKEv2,ESP,Transport,IPv6,AES-256-CBC,HMAC-SHA256-128,PSK,Diffie-Hellman,DH14,False,True,28800,True,True,True,0xB6949506,0x1228AED1,Web,TCP,IPv6,50,2087,903,26,877,0,563,70,0.43,508389,197770,310619,0.389,2325.581,Medium,78,Medium,Medium,Older DH group; policy review recommended; Perfect Forward Secrecy disabled,0.93,0.791,IKEv2|Transport|AES-256-CBC|DH14|False|IPv6|Web
IPSEC-041-08,ipsec-041-08.pcap,train,synthetic_lab_ground_truth,26160,IKEv2,ESP,Transport,IPv6,AES-256-CBC,HMAC-SHA256-128,PSK,Diffie-Hellman,DH14,False,True,600,False,True,False,0x5337BE71,0x7422953E,Email,TCP,IPv6,50,661,804,21,783,0,468,82,1.22,376272,196870,179402,0.5232,819.672,Medium,78,Medium,Medium,Older DH group; policy review recommended; Perfect Forward Secrecy disabled,0.899,0.713,IKEv2|Transport|AES-256-CBC|DH14|False|IPv6|Email
IPSEC-041-09,ipsec-041-09.pcap,train,synthetic_lab_ground_truth,26160,IKEv2,ESP,Transport,IPv6,AES-256-CBC,HMAC-SHA256-128,PSK,Diffie-Hellman,DH14,False,True,28800,False,True,False,0xB9B44204,0x1853469E,File-Transfer,TCP,IPv6,50,2583,1160,8,1152,0,817,262,0.45,947720,470515,477205,0.4965,2222.222,Medium,78,Medium,Medium,Older DH group; policy review recommended; Perfect Forward Secrecy disabled,0.945,0.775,IKEv2|Transport|AES-256-CBC|DH14|False|IPv6|File-Transfer
IPSEC-041-10,ipsec-041-10.pcap,train,synthetic_lab_ground_truth,26160,IKEv2,ESP,Transport,IPv6,AES-256-CBC,HMAC-SHA256-128,PSK,Diffie-Hellman,DH14,False,True,3600,False,True,False,0x789E3F3F,0xBE5EE2E8,VoIP,UDP,IPv6,50,2817,223,35,188,0,278,69,0.08,61994,30059,31935,0.4849,10000.0,Medium,78,Medium,Medium,Older DH group; policy review recommended; Perfect Forward Secrecy disabled,0.908,0.808,IKEv2|Transport|AES-256-CBC|DH14|False|IPv6|VoIP
IPSEC-041-11,ipsec-041-11.pcap,train,synthetic_lab_ground_truth,26160,IKEv2,ESP,Transport,IPv6,AES-256-CBC,HMAC-SHA256-128,PSK,Diffie-Hellman,DH14,False,True,600,False,True,False,0x3C53BD9F,0x2083C1C0,ICMP,ICMP/ICMPv6,IPv6,50,216,89,21,68,2,91,17,0.41,8099,3599,4500,0.4444,2439.024,Medium,78,Medium,Medium,Older DH group; policy review recommended; Perfect Forward Secrecy disabled,0.912,0.862,IKEv2|Transport|AES-256-CBC|DH14|False|IPv6|ICMP
IPSEC-041-12,ipsec-041-12.pcap,train,synthetic_lab_ground_truth,26160,IKEv2,ESP,Transport,IPv6,AES-256-CBC,HMAC-SHA256-128,PSK,Diffie-Hellman,DH14,False,True,7200,True,True,True,0x5BB93E02,0x3BD1B7B9,Video,TCP/QUIC,IPv6,50,3543,859,18,841,1,458,124,0.24,393422,178888,214534,0.4547,4166.667,Medium,78,Medium,Medium,Older DH group; policy review recommended; Perfect Forward Secrecy disabled,0.883,0.87,IKEv2|Transport|AES-256-CBC|DH14|False|IPv6|Video
IPSEC-041-13,ipsec-041-13.pcap,train,synthetic_lab_ground_truth,26160,IKEv2,ESP,Transport,IPv6,AES-256-CBC,HMAC-SHA256-128,PSK,Diffie-Hellman,DH14,False,True,28800,False,True,False,0x856AAD17,0x358BCE1C,Chat,TCP,IPv6,50,1068,393,15,378,1,260,54,0.37,102180,53651,48529,0.5251,2702.703,Medium,78,Medium,Medium,Older DH group; policy review recommended; Perfect Forward Secrecy disabled,0.921,0.68,IKEv2|Transport|AES-256-CBC|DH14|False|IPv6|Chat
IPSEC-041-14,ipsec-041-14.pcap,train,synthetic_lab_ground_truth,26160,IKEv2,ESP,Transport,IPv6,AES-256-CBC,HMAC-SHA256-128,PSK,Diffie-Hellman,DH14,False,True,3600,False,True,False,0x88406801,0x83703D4E,Web,TCP,IPv6,50,2306,906,20,886,2,541,124,0.39,490146,146266,343880,0.2984,2564.103,Medium,78,Medium,Medium,Older DH group; policy review recommended; Perfect Forward Secrecy disabled,0.914,0.75,IKEv2|Transport|AES-256-CBC|DH14|False|IPv6|Web
IPSEC-041-15,ipsec-041-15.pcap,validation,synthetic_lab_ground_truth,26160,IKEv2,ESP,Transport,IPv6,AES-256-CBC,HMAC-SHA256-128,PSK,Diffie-Hellman,DH14,False,True,7200,True,True,True,0xBD4587B1,0x8CCFFBE9,Email,TCP,IPv6,50,734,812,21,791,1,475,125,1.11,385700,226369,159331,0.5869,900.901,Medium,78,Medium,Medium,Older DH group; policy review recommended; Perfect Forward Secrecy disabled,0.89,0.788,IKEv2|Transport|AES-256-CBC|DH14|False|IPv6|Email
IPSEC-041-16,ipsec-041-16.pcap,validation,synthetic_lab_ground_truth,26160,IKEv2,ESP,Transport,IPv6,AES-256-CBC,HMAC-SHA256-128,PSK,Diffie-Hellman,DH14,False,True,28800,True,True,True,0x748FC6AF,0xFAB7816B,File-Transfer,TCP,IPv6,50,3204,1577,34,1543,1,644,156,0.49,1015588,516768,498820,0.5088,2040.816,Medium,78,Medium,Medium,Older DH group; policy review recommended; Perfect Forward Secrecy disabled,0.942,0.771,IKEv2|Transport|AES-256-CBC|DH14|False|IPv6|File-Transfer
IPSEC-041-17,ipsec-041-17.pcap,validation,synthetic_lab_ground_truth,26160,IKEv2,ESP,Transport,IPv6,AES-256-CBC,HMAC-SHA256-128,PSK,Diffie-Hellman,DH14,False,True,3600,True,True,True,0x4DBEFF3B,0x3FCE1B40,VoIP,UDP,IPv6,50,3528,309,13,296,1,188,71,0.09,58092,26701,31391,0.4596,10000.0,Medium,78,Medium,Medium,Older DH group; policy review recommended; Perfect Forward Secrecy disabled,0.868,0.81,IKEv2|Transport|AES-256-CBC|DH14|False|IPv6|VoIP
IPSEC-041-18,ipsec-041-18.pcap,test,synthetic_lab_ground_truth,26160,IKEv2,ESP,Transport,IPv6,AES-256-CBC,HMAC-SHA256-128,PSK,Diffie-Hellman,DH14,False,True,3600,True,True,True,0xA9F02E98,0xF95C6819,ICMP,ICMP/ICMPv6,IPv6,50,254,109,24,85,2,102,21,0.43,11118,4913,6205,0.442,2325.581,Medium,78,Medium,Medium,Older DH group; policy review recommended; Perfect Forward Secrecy disabled,0.887,0.954,IKEv2|Transport|AES-256-CBC|DH14|False|IPv6|ICMP
IPSEC-041-19,ipsec-041-19.pcap,test,synthetic_lab_ground_truth,26160,IKEv2,ESP,Transport,IPv6,AES-256-CBC,HMAC-SHA256-128,PSK,Diffie-Hellman,DH14,False,True,7200,False,True,False,0x854FAD47,0x506BBF46,Video,TCP/QUIC,IPv6,50,7118,1800,15,1785,2,543,114,0.25,977400,306220,671180,0.3133,4000.0,Medium,78,Medium,Medium,Older DH group; policy review recommended; Perfect Forward Secrecy disabled,0.926,0.838,IKEv2|Transport|AES-256-CBC|DH14|False|IPv6|Video
IPSEC-041-20,ipsec-041-20.pcap,test,synthetic_lab_ground_truth,26160,IKEv2,ESP,Transport,IPv6,AES-256-CBC,HMAC-SHA256-128,PSK,Diffie-Hellman,DH14,False,True,1800,False,True,False,0xF178E4AE,0x5B7CBCEF,Chat,TCP,IPv6,50,1228,429,44,385,0,248,78,0.35,106392,60715,45677,0.5707,2857.143,Medium,78,Medium,Medium,Older DH group; policy review recommended; Perfect Forward Secrecy disabled,0.897,0.739,IKEv2|Transport|AES-256-CBC|DH14|False|IPv6|Chat
IPSEC-042-01,ipsec-042-01.pcap,train,synthetic_lab_ground_truth,26160,IKEv2,ESP,Transport,IPv6,AES-128-CBC,HMAC-SHA256-128,PSK,Diffie-Hellman,DH20,False,True,1800,False,True,False,0xF65C8777,0xBF6713B3,Email,TCP,IPv6,50,755,915,15,900,1,332,70,1.21,303780,124553,179227,0.41,826.446,Medium,78,Medium,Medium,Perfect Forward Secrecy disabled,0.908,0.775,IKEv2|Transport|AES-128-CBC|DH20|False|IPv6|Email
IPSEC-042-02,ipsec-042-02.pcap,train,synthetic_lab_ground_truth,26160,IKEv2,ESP,Transport,IPv6,AES-128-CBC,HMAC-SHA256-128,PSK,Diffie-Hellman,DH20,False,True,172800,True,True,True,0xAD974B91,0xCCD7A2D2,File-Transfer,TCP,IPv6,50,3679,1718,38,1680,0,917,264,0.47,1575406,693769,881637,0.4404,2127.66,Medium,70,Medium,Medium,Perfect Forward Secrecy disabled; Long Security Association lifetime,0.973,0.845,IKEv2|Transport|AES-128-CBC|DH20|False|IPv6|File-Transfer
IPSEC-042-03,ipsec-042-03.pcap,train,synthetic_lab_ground_truth,26160,IKEv2,ESP,Transport,IPv6,AES-128-CBC,HMAC-SHA256-128,PSK,Diffie-Hellman,DH20,False,True,28800,True,True,True,0x9C52F637,0x56A25AAC,VoIP,UDP,IPv6,50,3761,310,9,301,2,241,65,0.08,74710,39338,35372,0.5265,10000.0,Medium,78,Medium,Medium,Perfect Forward Secrecy disabled,0.938,0.811,IKEv2|Transport|AES-128-CBC|DH20|False|IPv6|VoIP
IPSEC-042-04,ipsec-042-04.pcap,train,synthetic_lab_ground_truth,26160,IKEv2,ESP,Transport,IPv6,AES-128-CBC,HMAC-SHA256-128,PSK,Diffie-Hellman,DH20,False,True,3600,True,True,True,0x92CF22E6,0xB745A9F6,ICMP,ICMP/ICMPv6,IPv6,50,243,97,35,62,2,119,32,0.4,11543,6471,5072,0.5606,2500.0,Medium,78,Medium,Medium,Perfect Forward Secrecy disabled,0.928,0.915,IKEv2|Transport|AES-128-CBC|DH20|False|IPv6|ICMP
IPSEC-042-05,ipsec-042-05.pcap,train,synthetic_lab_ground_truth,26160,IKEv2,ESP,Transport,IPv6,AES-128-CBC,HMAC-SHA256-128,PSK,Diffie-Hellman,DH20,False,True,3600,True,True,True,0x489A8DD8,0xC37A3856,Video,TCP/QUIC,IPv6,50,5161,1248,39,1209,0,560,122,0.24,698880,260796,438084,0.3732,4166.667,Medium,78,Medium,Medium,Perfect Forward Secrecy disabled,0.967,0.839,IKEv2|Transport|AES-128-CBC|DH20|False|IPv6|Video
IPSEC-042-06,ipsec-042-06.pcap,train,synthetic_lab_ground_truth,26160,IKEv2,ESP,Transport,IPv6,AES-128-CBC,HMAC-SHA256-128,PSK,Diffie-Hellman,DH20,False,True,28800,True,True,True,0xD43EACDA,0x9F061D57,Chat,TCP,IPv6,50,1432,571,43,528,0,227,65,0.4,129617,50079,79538,0.3864,2500.0,Medium,78,Medium,Medium,Perfect Forward Secrecy disabled,0.895,0.679,IKEv2|Transport|AES-128-CBC|DH20|False|IPv6|Chat
IPSEC-042-07,ipsec-042-07.pcap,train,synthetic_lab_ground_truth,26160,IKEv2,ESP,Transport,IPv6,AES-128-CBC,HMAC-SHA256-128,PSK,Diffie-Hellman,DH20,False,True,28800,True,True,True,0xA3A7A2D6,0x49015F60,Web,TCP,IPv6,50,1463,678,21,657,0,520,201,0.46,352560,129582,222978,0.3675,2173.913,Medium,78,Medium,Medium,Perfect Forward Secrecy disabled,0.898,0.811,IKEv2|Transport|AES-128-CBC|DH20|False|IPv6|Web
IPSEC-042-08,ipsec-042-08.pcap,train,synthetic_lab_ground_truth,26160,IKEv2,ESP,Transport,IPv6,AES-128-CBC,HMAC-SHA256-128,PSK,Diffie-Hellman,DH20,False,True,28800,False,True,False,0x4AAFCBAB,0x266B40A7,Email,TCP,IPv6,50,605,802,23,779,0,547,176,1.33,438694,133150,305544,0.3035,751.88,Medium,78,Medium,Medium,Perfect Forward Secrecy disabled,0.899,0.748,IKEv2|Transport|AES-128-CBC|DH20|False|IPv6|Email
IPSEC-042-09,ipsec-042-09.pcap,train,synthetic_lab_ground_truth,26160,IKEv2,ESP,Transport,IPv6,AES-128-CBC,HMAC-SHA256-128,PSK,Diffie-Hellman,DH20,False,True,3600,False,True,False,0xDD1B1757,0x7066AF8F,File-Transfer,TCP,IPv6,50,3992,1521,21,1500,0,897,174,0.38,1364337,556259,808078,0.4077,2631.579,Medium,78,Medium,Medium,Perfect Forward Secrecy disabled,0.846,0.838,IKEv2|Transport|AES-128-CBC|DH20|False|IPv6|File-Transfer
IPSEC-042-10,ipsec-042-10.pcap,train,synthetic_lab_ground_truth,26160,IKEv2,ESP,Transport,IPv6,AES-128-CBC,HMAC-SHA256-128,PSK,Diffie-Hellman,DH20,False,True,3600,False,True,False,0x2F4DF242,0xA64C6829,VoIP,UDP,IPv6,50,3366,282,16,266,1,242,40,0.08,68244,24187,44057,0.3544,10000.0,Medium,78,Medium,Medium,Perfect Forward Secrecy disabled,0.942,0.797,IKEv2|Transport|AES-128-CBC|DH20|False|IPv6|VoIP
IPSEC-042-11,ipsec-042-11.pcap,train,synthetic_lab_ground_truth,26160,IKEv2,ESP,Transport,IPv6,AES-128-CBC,HMAC-SHA256-128,PSK,Diffie-Hellman,DH20,False,True,14400,True,True,True,0x8887A5B0,0xEC0525AF,ICMP,ICMP/ICMPv6,IPv6,50,296,120,33,87,2,95,18,0.41,11400,7177,4223,0.6296,2439.024,Medium,78,Medium,Medium,Perfect Forward Secrecy disabled,0.895,0.895,IKEv2|Transport|AES-128-CBC|DH20|False|IPv6|ICMP
IPSEC-042-12,ipsec-042-12.pcap,train,synthetic_lab_ground_truth,26160,IKEv2,ESP,Transport,IPv6,AES-128-CBC,HMAC-SHA256-128,PSK,Diffie-Hellman,DH20,False,False,3600,True,True,True,0xC9CAA095,0xC45F0A71,Video,TCP/QUIC,IPv6,50,5788,1481,27,1454,0,482,71,0.26,713842,214669,499173,0.3007,3846.154,Medium,53,High,Critical,Perfect Forward Secrecy disabled; Replay protection disabled,0.9,0.864,IKEv2|Transport|AES-128-CBC|DH20|False|IPv6|Video
IPSEC-042-13,ipsec-042-13.pcap,train,synthetic_lab_ground_truth,26160,IKEv2,ESP,Transport,IPv6,AES-128-CBC,HMAC-SHA256-128,PSK,Diffie-Hellman,DH20,False,True,3600,False,True,False,0x7D44B26F,0x4BD99578,Chat,TCP,IPv6,50,884,397,26,371,0,274,88,0.45,108778,59393,49385,0.546,2222.222,Medium,78,Medium,Medium,Perfect Forward Secrecy disabled,0.939,0.691,IKEv2|Transport|AES-128-CBC|DH20|False|IPv6|Chat
IPSEC-042-14,ipsec-042-14.pcap,train,synthetic_lab_ground_truth,26160,IKEv2,ESP,Transport,IPv6,AES-128-CBC,HMAC-SHA256-128,PSK,Diffie-Hellman,DH20,False,True,14400,False,True,False,0x643D6E55,0xD100BA4B,Web,TCP,IPv6,50,2202,847,19,828,1,497,119,0.38,420959,204032,216927,0.4847,2631.579,Medium,78,Medium,Medium,Perfect Forward Secrecy disabled,0.913,0.802,IKEv2|Transport|AES-128-CBC|DH20|False|IPv6|Web
IPSEC-042-15,ipsec-042-15.pcap,validation,synthetic_lab_ground_truth,26160,IKEv2,ESP,Transport,IPv6,AES-128-CBC,HMAC-SHA256-128,PSK,Diffie-Hellman,DH20,False,True,1800,True,True,True,0xC28D8FCD,0xC796713E,Email,TCP,IPv6,50,453,566,11,555,2,451,159,1.25,255266,107754,147512,0.4221,800.0,Medium,78,Medium,Medium,Perfect Forward Secrecy disabled,0.923,0.755,IKEv2|Transport|AES-128-CBC|DH20|False|IPv6|Email
IPSEC-042-16,ipsec-042-16.pcap,validation,synthetic_lab_ground_truth,26160,IKEv2,ESP,Transport,IPv6,AES-128-CBC,HMAC-SHA256-128,PSK,Diffie-Hellman,DH20,False,True,14400,False,True,False,0x65A92874,0x76EA0BA8,File-Transfer,TCP,IPv6,50,3287,1414,29,1385,0,920,203,0.43,1300880,593739,707141,0.4564,2325.581,Medium,78,Medium,Medium,Perfect Forward Secrecy disabled,0.908,0.796,IKEv2|Transport|AES-128-CBC|DH20|False|IPv6|File-Transfer
IPSEC-042-17,ipsec-042-17.pcap,validation,synthetic_lab_ground_truth,26160,IKEv2,ESP,Transport,IPv6,AES-128-CBC,HMAC-SHA256-128,PSK,Diffie-Hellman,DH20,False,True,1800,False,True,False,0x27E8BE9C,0x8646D66B,VoIP,UDP,IPv6,50,2792,221,22,199,0,184,59,0.08,40664,23307,17357,0.5732,10000.0,Medium,78,Medium,Medium,Perfect Forward Secrecy disabled,0.91,0.864,IKEv2|Transport|AES-128-CBC|DH20|False|IPv6|VoIP
IPSEC-042-18,ipsec-042-18.pcap,test,synthetic_lab_ground_truth,26160,IKEv2,ESP,Transport,IPv6,AES-128-CBC,HMAC-SHA256-128,PSK,Diffie-Hellman,DH20,False,True,3600,True,True,True,0xD7AF54D7,0x324F12E1,ICMP,ICMP/ICMPv6,IPv6,50,317,108,18,90,2,93,27,0.34,10044,4560,5484,0.454,2941.176,Medium,78,Medium,Medium,Perfect Forward Secrecy disabled,0.929,0.904,IKEv2|Transport|AES-128-CBC|DH20|False|IPv6|ICMP
IPSEC-042-19,ipsec-042-19.pcap,test,synthetic_lab_ground_truth,26160,IKEv2,ESP,Transport,IPv6,AES-128-CBC,HMAC-SHA256-128,PSK,Diffie-Hellman,DH20,False,True,14400,False,True,False,0x6FC951EC,0x757CECF4,Video,TCP/QUIC,IPv6,50,4245,972,20,952,0,530,121,0.23,515160,265620,249540,0.5156,4347.826,Medium,78,Medium,Medium,Perfect Forward Secrecy disabled,0.926,0.802,IKEv2|Transport|AES-128-CBC|DH20|False|IPv6|Video
IPSEC-042-20,ipsec-042-20.pcap,test,synthetic_lab_ground_truth,26160,IKEv2,ESP,Transport,IPv6,AES-128-CBC,HMAC-SHA256-128,PSK,Diffie-Hellman,DH20,False,True,3600,True,True,True,0xF82045C9,0xF9FD8E1D,Chat,TCP,IPv6,50,1585,481,15,466,0,252,77,0.3,121212,61403,59809,0.5066,3333.333,Medium,78,Medium,Medium,Perfect Forward Secrecy disabled,0.847,0.75,IKEv2|Transport|AES-128-CBC|DH20|False|IPv6|Chat
IPSEC-043-01,ipsec-043-01.pcap,train,synthetic_lab_ground_truth,26160,IKEv2,ESP,Transport,IPv4,AES-256-GCM,AEAD-GCM,PSK,Diffie-Hellman,DH24,False,True,7200,True,True,True,0x1BD59F72,0x30C1A430,Email,TCP,IPv4,50,705,939,30,909,0,414,147,1.33,388746,208617,180129,0.5366,751.88,Medium,78,Medium,Medium,Perfect Forward Secrecy disabled,0.947,0.703,IKEv2|Transport|AES-256-GCM|DH24|False|IPv4|Email
IPSEC-043-02,ipsec-043-02.pcap,train,synthetic_lab_ground_truth,26160,IKEv2,ESP,Transport,IPv4,AES-256-GCM,AEAD-GCM,PSK,Diffie-Hellman,DH24,False,True,7200,True,True,True,0xAC1C7380,0x248AB60D,File-Transfer,TCP,IPv4,50,4387,1741,42,1699,1,985,238,0.4,1714885,886244,828641,0.5168,2500.0,Medium,78,Medium,Medium,Perfect Forward Secrecy disabled,0.907,0.772,IKEv2|Transport|AES-256-GCM|DH24|False|IPv4|File-Transfer
IPSEC-043-03,ipsec-043-03.pcap,train,synthetic_lab_ground_truth,26160,IKEv2,ESP,Transport,IPv4,AES-256-GCM,AEAD-GCM,PSK,Diffie-Hellman,DH24,False,True,3600,True,True,True,0x6C567D01,0x34EC07CF,VoIP,UDP,IPv4,50,2912,233,10,223,0,197,56,0.08,45901,19197,26704,0.4182,10000.0,Medium,78,Medium,Medium,Perfect Forward Secrecy disabled,0.953,0.788,IKEv2|Transport|AES-256-GCM|DH24|False|IPv4|VoIP
IPSEC-043-04,ipsec-043-04.pcap,train,synthetic_lab_ground_truth,26160,IKEv2,ESP,Transport,IPv4,AES-256-GCM,AEAD-GCM,PSK,Diffie-Hellman,DH24,False,True,3600,False,True,False,0x25B1BC4D,0x4E9E3820,ICMP,ICMP/ICMPv6,IPv4,50,218,103,10,93,0,104,33,0.47,10712,5608,5104,0.5235,2127.66,Medium,78,Medium,Medium,Perfect Forward Secrecy disabled,0.936,0.873,IKEv2|Transport|AES-256-GCM|DH24|False|IPv4|ICMP
IPSEC-043-05,ipsec-043-05.pcap,train,synthetic_lab_ground_truth,26160,IKEv2,ESP,Transport,IPv4,AES-256-GCM,AEAD-GCM,PSK,Diffie-Hellman,DH24,False,True,3600,False,True,False,0x1BFC2870,0x720CFA5A,Video,TCP/QUIC,IPv4,50,4880,1032,32,1000,1,476,116,0.21,491232,94040,397192,0.1914,4761.905,Medium,78,Medium,Medium,Perfect Forward Secrecy disabled,0.934,0.858,IKEv2|Transport|AES-256-GCM|DH24|False|IPv4|Video
IPSEC-043-06,ipsec-043-06.pcap,train,synthetic_lab_ground_truth,26160,IKEv2,ESP,Transport,IPv4,AES-256-GCM,AEAD-GCM,PSK,Diffie-Hellman,DH24,False,True,14400,False,True,False,0x7D61AE3C,0xFAA54E4E,Chat,TCP,IPv4,50,1099,374,17,357,0,225,65,0.34,84150,46903,37247,0.5574,2941.176,Medium,78,Medium,Medium,Perfect Forward Secrecy disabled,0.909,0.781,IKEv2|Transport|AES-256-GCM|DH24|False|IPv4|Chat
IPSEC-043-07,ipsec-043-07.pcap,train,synthetic_lab_ground_truth,26160,IKEv2,ESP,Transport,IPv4,AES-256-GCM,AEAD-GCM,PSK,Diffie-Hellman,DH24,False,True,7200,False,True,False,0x3134C7D2,0xF5B7807D,Web,TCP,IPv4,50,1914,686,17,669,1,517,124,0.36,354662,55193,299469,0.1556,2777.778,Medium,78,Medium,Medium,Perfect Forward Secrecy disabled,0.923,0.751,IKEv2|Transport|AES-256-GCM|DH24|False|IPv4|Web
IPSEC-043-08,ipsec-043-08.pcap,train,synthetic_lab_ground_truth,26160,IKEv2,ESP,Transport,IPv4,AES-256-GCM,AEAD-GCM,PSK,Diffie-Hellman,DH24,False,True,1800,True,True,True,0x426BE437,0x242D45F5,Email,TCP,IPv4,50,403,492,30,462,0,500,81,1.22,246000,113845,132155,0.4628,819.672,Medium,78,Medium,Medium,Perfect Forward Secrecy disabled,0.959,0.712,IKEv2|Transport|AES-256-GCM|DH24|False|IPv4|Email
IPSEC-043-09,ipsec-043-09.pcap,train,synthetic_lab_ground_truth,26160,IKEv2,ESP,Transport,IPv4,AES-256-GCM,AEAD-GCM,PSK,Diffie-Hellman,DH24,False,True,86400,True,True,True,0x561810B8,0xA34B19C0,File-Transfer,TCP,IPv4,50,4439,2025,9,2016,0,945,202,0.46,1913625,1042637,870988,0.5448,2173.913,Medium,78,Medium,Medium,Perfect Forward Secrecy disabled,0.976,0.824,IKEv2|Transport|AES-256-GCM|DH24|False|IPv4|File-Transfer
IPSEC-043-10,ipsec-043-10.pcap,train,synthetic_lab_ground_truth,26160,IKEv2,ESP,Transport,IPv4,AES-256-GCM,AEAD-GCM,PSK,Diffie-Hellman,DH24,False,True,86400,False,True,False,0x3026BA6F,0xEC4DA906,VoIP,UDP,IPv4,50,1862,169,40,129,2,243,80,0.09,41067,19059,22008,0.4641,10000.0,Medium,78,Medium,Medium,Perfect Forward Secrecy disabled,0.923,0.8,IKEv2|Transport|AES-256-GCM|DH24|False|IPv4|VoIP
IPSEC-043-11,ipsec-043-11.pcap,train,synthetic_lab_ground_truth,26160,IKEv2,ESP,Transport,IPv4,AES-256-GCM,AEAD-GCM,PSK,Diffie-Hellman,DH24,False,True,1800,False,True,False,0xC9A95B34,0x152553B3,ICMP,ICMP/ICMPv6,IPv4,50,194,60,37,23,1,102,15,0.31,6120,3433,2687,0.5611,3225.806,Medium,78,Medium,Medium,Perfect Forward Secrecy disabled,0.916,0.87,IKEv2|Transport|AES-256-GCM|DH24|False|IPv4|ICMP
IPSEC-043-12,ipsec-043-12.pcap,train,synthetic_lab_ground_truth,26160,IKEv2,ESP,Transport,IPv4,AES-256-GCM,AEAD-GCM,PSK,Diffie-Hellman,DH24,False,True,86400,False,True,False,0x80C5F80B,0x4CD548C4,Video,TCP/QUIC,IPv4,50,3513,783,34,749,1,477,127,0.22,373491,188963,184528,0.5059,4545.455,Medium,78,Medium,Medium,Perfect Forward Secrecy disabled,0.935,0.835,IKEv2|Transport|AES-256-GCM|DH24|False|IPv4|Video
IPSEC-043-13,ipsec-043-13.pcap,train,synthetic_lab_ground_truth,26160,IKEv2,ESP,Transport,IPv4,AES-256-GCM,AEAD-GCM,PSK,Diffie-Hellman,DH24,False,True,14400,False,True,False,0x5DF8025C,0xCE429F69,Chat,TCP,IPv4,50,1297,383,12,371,2,302,59,0.3,115666,61442,54224,0.5312,3333.333,Medium,78,Medium,Medium,Perfect Forward Secrecy disabled,0.915,0.73,IKEv2|Transport|AES-256-GCM|DH24|False|IPv4|Chat
IPSEC-043-14,ipsec-043-14.pcap,train,synthetic_lab_ground_truth,26160,IKEv2,ESP,Transport,IPv4,AES-256-GCM,AEAD-GCM,PSK,Diffie-Hellman,DH24,False,True,3600,True,True,True,0xE89E0379,0x49662167,Web,TCP,IPv4,50,1970,887,15,872,0,561,118,0.45,497607,139681,357926,0.2807,2222.222,Medium,78,Medium,Medium,Perfect Forward Secrecy disabled,0.925,0.831,IKEv2|Transport|AES-256-GCM|DH24|False|IPv4|Web
IPSEC-043-15,ipsec-043-15.pcap,validation,synthetic_lab_ground_truth,26160,IKEv2,ESP,Transport,IPv4,AES-256-GCM,AEAD-GCM,PSK,Diffie-Hellman,DH24,False,True,86400,True,True,True,0x4587DD93,0xF6B3C0A1,Email,TCP,IPv4,50,675,800,23,777,2,536,67,1.19,428800,271358,157442,0.6328,840.336,Medium,78,Medium,Medium,Perfect Forward Secrecy disabled,0.938,0.791,IKEv2|Transport|AES-256-GCM|DH24|False|IPv4|Email
IPSEC-043-16,ipsec-043-16.pcap,validation,synthetic_lab_ground_truth,26160,IKEv2,ESP,Transport,IPv4,AES-256-GCM,AEAD-GCM,PSK,Diffie-Hellman,DH24,False,True,7200,False,True,False,0x8C8294C0,0x1EABAF79,File-Transfer,TCP,IPv4,50,3153,1559,14,1545,2,805,230,0.49,1254995,656265,598730,0.5229,2040.816,Medium,78,Medium,Medium,Perfect Forward Secrecy disabled,0.88,0.851,IKEv2|Transport|AES-256-GCM|DH24|False|IPv4|File-Transfer
IPSEC-043-17,ipsec-043-17.pcap,validation,synthetic_lab_ground_truth,26160,IKEv2,ESP,Transport,IPv4,AES-256-GCM,AEAD-GCM,PSK,Diffie-Hellman,DH24,False,True,86400,False,True,False,0xF5E62EDC,0xC76473F2,VoIP,UDP,IPv4,50,3000,297,14,283,1,236,67,0.1,70092,42535,27557,0.6068,10000.0,Medium,78,Medium,Medium,Perfect Forward Secrecy disabled,0.964,0.783,IKEv2|Transport|AES-256-GCM|DH24|False|IPv4|VoIP
IPSEC-043-18,ipsec-043-18.pcap,test,synthetic_lab_ground_truth,26160,IKEv2,ESP,Transport,IPv4,AES-256-GCM,AEAD-GCM,PSK,Diffie-Hellman,DH24,False,False,14400,True,True,True,0x18BE3531,0x832E688E,ICMP,ICMP/ICMPv6,IPv4,50,198,81,36,45,1,104,27,0.41,8424,3647,4777,0.433,2439.024,Medium,53,High,Critical,Perfect Forward Secrecy disabled; Replay protection disabled,0.959,0.909,IKEv2|Transport|AES-256-GCM|DH24|False|IPv4|ICMP
IPSEC-043-19,ipsec-043-19.pcap,test,synthetic_lab_ground_truth,26160,IKEv2,ESP,Transport,IPv4,AES-256-GCM,AEAD-GCM,PSK,Diffie-Hellman,DH24,False,True,7200,True,True,True,0xADD041A2,0x504B3013,Video,TCP/QUIC,IPv4,50,4054,1095,22,1073,0,530,124,0.27,580350,212959,367391,0.367,3703.704,Medium,78,Medium,Medium,Perfect Forward Secrecy disabled,0.933,0.846,IKEv2|Transport|AES-256-GCM|DH24|False|IPv4|Video
IPSEC-043-20,ipsec-043-20.pcap,test,synthetic_lab_ground_truth,26160,IKEv2,ESP,Transport,IPv4,AES-256-GCM,AEAD-GCM,PSK,Diffie-Hellman,DH24,False,True,86400,False,True,False,0x90F8561C,0xA5B24E24,Chat,TCP,IPv4,50,873,230,30,200,0,288,55,0.26,66240,33878,32362,0.5114,3846.154,Medium,78,Medium,Medium,Perfect Forward Secrecy disabled,0.954,0.623,IKEv2|Transport|AES-256-GCM|DH24|False|IPv4|Chat
IPSEC-044-01,ipsec-044-01.pcap,train,synthetic_lab_ground_truth,26160,IKEv2,ESP,Transport,IPv4,AES-128-GCM,AEAD-GCM,PSK,Diffie-Hellman,DH24,True,True,28800,True,True,True,0x22A0A900,0x42D8BAFF,Email,TCP,IPv4,50,673,770,25,745,0,522,138,1.14,401940,165856,236084,0.4126,877.193,Medium,90,Low,Informational,No major policy violations detected,0.953,0.704,IKEv2|Transport|AES-128-GCM|DH24|True|IPv4|Email
IPSEC-044-02,ipsec-044-02.pcap,train,synthetic_lab_ground_truth,26160,IKEv2,ESP,Transport,IPv4,AES-128-GCM,AEAD-GCM,PSK,Diffie-Hellman,DH24,True,True,3600,False,True,False,0xAE10EDA2,0xE1EDFF57,File-Transfer,TCP,IPv4,50,2879,1228,22,1206,1,877,170,0.43,1076956,681288,395668,0.6326,2325.581,Medium,90,Low,Informational,No major policy violations detected,0.935,0.789,IKEv2|Transport|AES-128-GCM|DH24|True|IPv4|File-Transfer
IPSEC-044-03,ipsec-044-03.pcap,train,synthetic_lab_ground_truth,26160,IKEv2,ESP,Transport,IPv4,AES-128-GCM,AEAD-GCM,PSK,Diffie-Hellman,DH24,True,True,86400,True,True,True,0x38A7C1DA,0x347BE262,VoIP,UDP,IPv4,50,3210,301,30,271,1,201,53,0.09,60501,27633,32868,0.4567,10000.0,Medium,90,Low,Informational,No major policy violations detected,0.97,0.76,IKEv2|Transport|AES-128-GCM|DH24|True|IPv4|VoIP
IPSEC-044-04,ipsec-044-04.pcap,train,synthetic_lab_ground_truth,26160,IKEv2,ESP,Transport,IPv4,AES-128-GCM,AEAD-GCM,PSK,Diffie-Hellman,DH24,True,False,3600,False,True,False,0x6826F65E,0x927ECD9B,ICMP,ICMP/ICMPv6,IPv4,50,207,92,28,64,1,90,22,0.44,8280,3923,4357,0.4739,2272.727,Medium,65,High,Critical,Replay protection disabled,0.899,0.874,IKEv2|Transport|AES-128-GCM|DH24|True|IPv4|ICMP
IPSEC-044-05,ipsec-044-05.pcap,train,synthetic_lab_ground_truth,26160,IKEv2,ESP,Transport,IPv4,AES-128-GCM,AEAD-GCM,PSK,Diffie-Hellman,DH24,True,True,3600,False,True,False,0x22EC0AAF,0xD2F09E70,Video,TCP/QUIC,IPv4,50,6187,1628,10,1618,2,454,107,0.26,739112,281643,457469,0.3811,3846.154,Medium,90,Low,Informational,No major policy violations detected,0.965,0.884,IKEv2|Transport|AES-128-GCM|DH24|True|IPv4|Video
IPSEC-044-06,ipsec-044-06.pcap,train,synthetic_lab_ground_truth,26160,IKEv2,ESP,Transport,IPv4,AES-128-GCM,AEAD-GCM,PSK,Diffie-Hellman,DH24,True,True,7200,False,True,False,0x4AE7C6DC,0x8545E4D9,Chat,TCP,IPv4,50,1473,514,44,470,1,240,62,0.35,123360,70369,52991,0.5704,2857.143,Medium,90,Low,Informational,No major policy violations detected,0.895,0.771,IKEv2|Transport|AES-128-GCM|DH24|True|IPv4|Chat
IPSEC-044-07,ipsec-044-07.pcap,train,synthetic_lab_ground_truth,26160,IKEv2,ESP,Transport,IPv4,AES-128-GCM,AEAD-GCM,PSK,Diffie-Hellman,DH24,True,True,14400,False,True,False,0x72E72521,0x3368FA6E,Web,TCP,IPv4,50,1738,599,38,561,2,457,120,0.34,273743,76831,196912,0.2807,2941.176,Medium,90,Low,Informational,No major policy violations detected,0.94,0.77,IKEv2|Transport|AES-128-GCM|DH24|True|IPv4|Web
IPSEC-044-08,ipsec-044-08.pcap,train,synthetic_lab_ground_truth,26160,IKEv2,ESP,Transport,IPv4,AES-128-GCM,AEAD-GCM,PSK,Diffie-Hellman,DH24,True,True,1800,True,True,True,0x89CFA6C1,0x21648F21,Email,TCP,IPv4,50,607,764,30,734,1,483,133,1.26,369012,144523,224489,0.3916,793.651,Medium,90,Low,Informational,No major policy violations detected,0.947,0.753,IKEv2|Transport|AES-128-GCM|DH24|True|IPv4|Email
IPSEC-044-09,ipsec-044-09.pcap,train,synthetic_lab_ground_truth,26160,IKEv2,ESP,Transport,IPv4,AES-128-GCM,AEAD-GCM,PSK,Diffie-Hellman,DH24,True,True,86400,False,True,False,0x8BAAE7BD,0x9E866BEF,File-Transfer,TCP,IPv4,50,2689,991,10,981,0,763,201,0.37,756133,447096,309037,0.5913,2702.703,Medium,90,Low,Informational,No major policy violations detected,0.911,0.873,IKEv2|Transport|AES-128-GCM|DH24|True|IPv4|File-Transfer
IPSEC-044-10,ipsec-044-10.pcap,train,synthetic_lab_ground_truth,26160,IKEv2,ESP,Transport,IPv4,AES-128-GCM,AEAD-GCM,PSK,Diffie-Hellman,DH24,True,True,28800,True,True,True,0xC70C80C4,0xF13D0F5A,VoIP,UDP,IPv4,50,3384,291,23,268,0,239,53,0.09,69549,43881,25668,0.6309,10000.0,Medium,90,Low,Informational,No major policy violations detected,0.909,0.792,IKEv2|Transport|AES-128-GCM|DH24|True|IPv4|VoIP
IPSEC-044-11,ipsec-044-11.pcap,train,synthetic_lab_ground_truth,26160,IKEv2,ESP,Transport,IPv4,AES-128-GCM,AEAD-GCM,PSK,Diffie-Hellman,DH24,True,True,14400,False,True,False,0x5DEC8F72,0x4A39012D,ICMP,ICMP/ICMPv6,IPv4,50,202,70,13,57,0,99,38,0.35,6930,3327,3603,0.4802,2857.143,Medium,90,Low,Informational,No major policy violations detected,0.926,0.943,IKEv2|Transport|AES-128-GCM|DH24|True|IPv4|ICMP
IPSEC-044-12,ipsec-044-12.pcap,train,synthetic_lab_ground_truth,26160,IKEv2,ESP,Transport,IPv4,AES-128-GCM,AEAD-GCM,PSK,Diffie-Hellman,DH24,True,True,7200,False,True,False,0xB5D6E08C,0x8192A2E3,Video,TCP/QUIC,IPv4,50,4466,1314,40,1274,1,459,77,0.29,603126,303724,299402,0.5036,3448.276,Medium,90,Low,Informational,No major policy violations detected,0.915,0.781,IKEv2|Transport|AES-128-GCM|DH24|True|IPv4|Video
IPSEC-044-13,ipsec-044-13.pcap,train,synthetic_lab_ground_truth,26160,IKEv2,ESP,Transport,IPv4,AES-128-GCM,AEAD-GCM,PSK,Diffie-Hellman,DH24,True,True,14400,True,True,True,0xEF3EA010,0xCCBE2299,Chat,TCP,IPv4,50,1009,410,18,392,1,289,98,0.41,118490,75362,43128,0.636,2439.024,Medium,90,Low,Informational,No major policy violations detected,0.941,0.658,IKEv2|Transport|AES-128-GCM|DH24|True|IPv4|Chat
IPSEC-044-14,ipsec-044-14.pcap,train,synthetic_lab_ground_truth,26160,IKEv2,ESP,Transport,IPv4,AES-128-GCM,AEAD-GCM,PSK,Diffie-Hellman,DH24,True,True,600,False,True,False,0x4BF974EA,0xA39C331E,Web,TCP,IPv4,50,1974,960,12,948,2,559,201,0.49,536640,187547,349093,0.3495,2040.816,Medium,90,Low,Informational,No major policy violations detected,0.981,0.798,IKEv2|Transport|AES-128-GCM|DH24|True|IPv4|Web
IPSEC-044-15,ipsec-044-15.pcap,validation,synthetic_lab_ground_truth,26160,IKEv2,ESP,Transport,IPv4,AES-128-GCM,AEAD-GCM,PSK,Diffie-Hellman,DH24,True,True,3600,False,True,False,0xA11CC901,0x9B7B76E6,Email,TCP,IPv4,50,686,865,19,846,0,425,130,1.26,367625,179875,187750,0.4893,793.651,Medium,90,Low,Informational,No major policy violations detected,0.958,0.623,IKEv2|Transport|AES-128-GCM|DH24|True|IPv4|Email
IPSEC-044-16,ipsec-044-16.pcap,validation,synthetic_lab_ground_truth,26160,IKEv2,ESP,Transport,IPv4,AES-128-GCM,AEAD-GCM,PSK,Diffie-Hellman,DH24,True,True,7200,False,True,False,0x44B64486,0xBC795F63,File-Transfer,TCP,IPv4,50,3903,1338,16,1322,0,794,201,0.34,1062372,492531,569841,0.4636,2941.176,Medium,90,Low,Informational,No major policy violations detected,0.928,0.852,IKEv2|Transport|AES-128-GCM|DH24|True|IPv4|File-Transfer
IPSEC-044-17,ipsec-044-17.pcap,validation,synthetic_lab_ground_truth,26160,IKEv2,ESP,Transport,IPv4,AES-128-GCM,AEAD-GCM,PSK,Diffie-Hellman,DH24,True,True,3600,False,True,False,0xF5A815FD,0x2CE93A86,VoIP,UDP,IPv4,50,2697,224,26,198,0,209,46,0.08,46816,16936,29880,0.3618,10000.0,Medium,90,Low,Informational,No major policy violations detected,0.914,0.766,IKEv2|Transport|AES-128-GCM|DH24|True|IPv4|VoIP
IPSEC-044-18,ipsec-044-18.pcap,test,synthetic_lab_ground_truth,26160,IKEv2,ESP,Transport,IPv4,AES-128-GCM,AEAD-GCM,PSK,Diffie-Hellman,DH24,True,True,14400,False,True,False,0x93BF84C0,0xA690F97A,ICMP,ICMP/ICMPv6,IPv4,50,307,131,11,120,1,110,28,0.43,14410,7506,6904,0.5209,2325.581,Medium,90,Low,Informational,No major policy violations detected,0.938,0.887,IKEv2|Transport|AES-128-GCM|DH24|True|IPv4|ICMP
IPSEC-044-19,ipsec-044-19.pcap,test,synthetic_lab_ground_truth,26160,IKEv2,ESP,Transport,IPv4,AES-128-GCM,AEAD-GCM,PSK,Diffie-Hellman,DH24,True,True,86400,True,True,True,0x55B0F07D,0x7162EFF8,Video,TCP/QUIC,IPv4,50,5341,1528,28,1500,1,486,174,0.29,742608,133727,608881,0.1801,3448.276,Medium,90,Low,Informational,No major policy violations detected,0.917,0.852,IKEv2|Transport|AES-128-GCM|DH24|True|IPv4|Video
IPSEC-044-20,ipsec-044-20.pcap,test,synthetic_lab_ground_truth,26160,IKEv2,ESP,Transport,IPv4,AES-128-GCM,AEAD-GCM,PSK,Diffie-Hellman,DH24,True,True,86400,False,True,False,0x2A119C59,0x6F30F660,Chat,TCP,IPv4,50,1395,488,32,456,0,326,72,0.35,159088,74761,84327,0.4699,2857.143,Medium,90,Low,Informational,No major policy violations detected,0.95,0.773,IKEv2|Transport|AES-128-GCM|DH24|True|IPv4|Chat
IPSEC-045-01,ipsec-045-01.pcap,train,synthetic_lab_ground_truth,26160,IKEv2,ESP,Tunnel,IPv6,AES-128-CBC,HMAC-SHA256-128,RSA-Signature,Diffie-Hellman,DH14,False,True,3600,False,True,False,0x5770D8FF,0x11315FDA,Email,TCP,IPv6,50,728,947,30,917,0,361,97,1.3,341867,215402,126465,0.6301,769.231,Low,76,Medium,Medium,Older DH group; policy review recommended; Perfect Forward Secrecy disabled,0.904,0.744,IKEv2|Tunnel|AES-128-CBC|DH14|False|IPv6|Email
IPSEC-045-02,ipsec-045-02.pcap,train,synthetic_lab_ground_truth,26160,IKEv2,ESP,Tunnel,IPv6,AES-128-CBC,HMAC-SHA256-128,RSA-Signature,Diffie-Hellman,DH14,False,True,1800,True,True,True,0xF0B330CD,0x9D59AD29,File-Transfer,TCP,IPv6,50,1849,763,29,734,2,958,178,0.41,730954,414506,316448,0.5671,2439.024,Low,76,Medium,Medium,Older DH group; policy review recommended; Perfect Forward Secrecy disabled,0.901,0.861,IKEv2|Tunnel|AES-128-CBC|DH14|False|IPv6|File-Transfer
IPSEC-045-03,ipsec-045-03.pcap,train,synthetic_lab_ground_truth,26160,IKEv2,ESP,Tunnel,IPv6,AES-128-CBC,HMAC-SHA256-128,RSA-Signature,Diffie-Hellman,DH14,False,True,14400,False,True,False,0x39A52060,0xF2248B93,VoIP,UDP,IPv6,50,3337,256,29,227,1,241,45,0.08,61696,36116,25580,0.5854,10000.0,Medium,76,Medium,Medium,Older DH group; policy review recommended; Perfect Forward Secrecy disabled,0.934,0.751,IKEv2|Tunnel|AES-128-CBC|DH14|False|IPv6|VoIP
IPSEC-045-04,ipsec-045-04.pcap,train,synthetic_lab_ground_truth,26160,IKEv2,ESP,Tunnel,IPv6,AES-128-CBC,HMAC-SHA256-128,RSA-Signature,Diffie-Hellman,DH14,False,False,3600,False,True,False,0xC4B160F2,0xAC2FC02D,ICMP,ICMP/ICMPv6,IPv6,50,235,99,27,72,2,107,29,0.42,10593,4153,6440,0.3921,2380.952,Low,51,High,Critical,Older DH group; policy review recommended; Perfect Forward Secrecy disabled; Replay protection disabled,0.897,0.924,IKEv2|Tunnel|AES-128-CBC|DH14|False|IPv6|ICMP
IPSEC-045-05,ipsec-045-05.pcap,train,synthetic_lab_ground_truth,26160,IKEv2,ESP,Tunnel,IPv6,AES-128-CBC,HMAC-SHA256-128,RSA-Signature,Diffie-Hellman,DH14,False,True,28800,False,True,False,0xD729C020,0x5AA36757,Video,TCP/QUIC,IPv6,50,6862,1709,35,1674,0,550,127,0.25,939950,247016,692934,0.2628,4000.0,Medium,76,Medium,Medium,Older DH group; policy review recommended; Perfect Forward Secrecy disabled,0.909,0.828,IKEv2|Tunnel|AES-128-CBC|DH14|False|IPv6|Video
IPSEC-045-06,ipsec-045-06.pcap,train,synthetic_lab_ground_truth,26160,IKEv2,ESP,Tunnel,IPv6,AES-128-CBC,HMAC-SHA256-128,RSA-Signature,Diffie-Hellman,DH14,False,True,172800,False,True,False,0x92ED4ACB,0x9FE75F77,Chat,TCP,IPv6,50,1197,334,21,313,0,220,55,0.28,73480,46504,26976,0.6329,3571.429,Low,68,High,Medium,Older DH group; policy review recommended; Perfect Forward Secrecy disabled; Long Security Association lifetime,0.895,0.777,IKEv2|Tunnel|AES-128-CBC|DH14|False|IPv6|Chat
IPSEC-045-07,ipsec-045-07.pcap,train,synthetic_lab_ground_truth,26160,IKEv2,ESP,Tunnel,IPv6,AES-128-CBC,HMAC-SHA256-128,RSA-Signature,Diffie-Hellman,DH14,False,False,3600,True,True,True,0x4E15A990,0x27E2DBDA,Web,TCP,IPv6,50,2037,875,35,840,2,473,153,0.43,413875,168119,245756,0.4062,2325.581,Low,51,High,Critical,Older DH group; policy review recommended; Perfect Forward Secrecy disabled; Replay protection disabled,0.904,0.787,IKEv2|Tunnel|AES-128-CBC|DH14|False|IPv6|Web
IPSEC-045-08,ipsec-045-08.pcap,train,synthetic_lab_ground_truth,26160,IKEv2,ESP,Tunnel,IPv6,AES-128-CBC,HMAC-SHA256-128,RSA-Signature,Diffie-Hellman,DH14,False,True,14400,False,True,False,0xB13EA0FF,0x76BDB9D0,Email,TCP,IPv6,50,553,632,35,597,1,459,75,1.14,290088,108547,181541,0.3742,877.193,Low,76,Medium,Medium,Older DH group; policy review recommended; Perfect Forward Secrecy disabled,0.886,0.763,IKEv2|Tunnel|AES-128-CBC|DH14|False|IPv6|Email
IPSEC-045-09,ipsec-045-09.pcap,train,synthetic_lab_ground_truth,26160,IKEv2,ESP,Tunnel,IPv6,AES-128-CBC,HMAC-SHA256-128,RSA-Signature,Diffie-Hellman,DH14,False,True,3600,False,True,False,0x3E544F0D,0x7F887687,File-Transfer,TCP,IPv6,50,2591,988,14,974,2,929,238,0.38,917852,471373,446479,0.5136,2631.579,Low,76,Medium,Medium,Older DH group; policy review recommended; Perfect Forward Secrecy disabled,0.893,0.842,IKEv2|Tunnel|AES-128-CBC|DH14|False|IPv6|File-Transfer
IPSEC-045-10,ipsec-045-10.pcap,train,synthetic_lab_ground_truth,26160,IKEv2,ESP,Tunnel,IPv6,AES-128-CBC,HMAC-SHA256-128,RSA-Signature,Diffie-Hellman,DH14,False,True,86400,True,True,True,0x887F7E29,0x11385790,VoIP,UDP,IPv6,50,2450,220,23,197,1,218,36,0.09,47960,23785,24175,0.4959,10000.0,Medium,76,Medium,Medium,Older DH group; policy review recommended; Perfect Forward Secrecy disabled,0.876,0.727,IKEv2|Tunnel|AES-128-CBC|DH14|False|IPv6|VoIP
IPSEC-045-11,ipsec-045-11.pcap,train,synthetic_lab_ground_truth,26160,IKEv2,ESP,Tunnel,IPv6,AES-128-CBC,HMAC-SHA256-128,RSA-Signature,Diffie-Hellman,DH14,False,True,3600,True,True,True,0x890818CD,0x60FD8033,ICMP,ICMP/ICMPv6,IPv6,50,223,69,34,35,1,85,32,0.31,5865,2482,3383,0.4232,3225.806,Low,76,Medium,Medium,Older DH group; policy review recommended; Perfect Forward Secrecy disabled,0.899,0.923,IKEv2|Tunnel|AES-128-CBC|DH14|False|IPv6|ICMP
IPSEC-045-12,ipsec-045-12.pcap,train,synthetic_lab_ground_truth,26160,IKEv2,ESP,Tunnel,IPv6,AES-128-CBC,HMAC-SHA256-128,RSA-Signature,Diffie-Hellman,DH14,False,True,7200,False,True,False,0x9F6E858F,0xBBE30D96,Video,TCP/QUIC,IPv6,50,4771,1335,17,1318,0,452,144,0.28,603420,168577,434843,0.2794,3571.429,Medium,76,Medium,Medium,Older DH group; policy review recommended; Perfect Forward Secrecy disabled,0.934,0.837,IKEv2|Tunnel|AES-128-CBC|DH14|False|IPv6|Video
IPSEC-045-13,ipsec-045-13.pcap,train,synthetic_lab_ground_truth,26160,IKEv2,ESP,Tunnel,IPv6,AES-128-CBC,HMAC-SHA256-128,RSA-Signature,Diffie-Hellman,DH14,False,True,86400,False,True,False,0x1A71E780,0x7B16A9B0,Chat,TCP,IPv6,50,754,248,18,230,1,262,37,0.33,64976,24938,40038,0.3838,3030.303,Low,76,Medium,Medium,Older DH group; policy review recommended; Perfect Forward Secrecy disabled,0.917,0.669,IKEv2|Tunnel|AES-128-CBC|DH14|False|IPv6|Chat
IPSEC-045-14,ipsec-045-14.pcap,train,synthetic_lab_ground_truth,26160,IKEv2,ESP,Tunnel,IPv6,AES-128-CBC,HMAC-SHA256-128,RSA-Signature,Diffie-Hellman,DH14,False,True,7200,True,True,True,0x4589C049,0xEC698DBD,Web,TCP,IPv6,50,1931,758,32,726,0,578,113,0.39,438124,200637,237487,0.4579,2564.103,Low,76,Medium,Medium,Older DH group; policy review recommended; Perfect Forward Secrecy disabled,0.879,0.738,IKEv2|Tunnel|AES-128-CBC|DH14|False|IPv6|Web
IPSEC-045-15,ipsec-045-15.pcap,validation,synthetic_lab_ground_truth,26160,IKEv2,ESP,Tunnel,IPv6,AES-128-CBC,HMAC-SHA256-128,RSA-Signature,Diffie-Hellman,DH14,False,True,300,False,True,False,0xE36F884E,0x62A604D9,Email,TCP,IPv6,50,580,749,12,737,1,393,138,1.29,294357,148773,145584,0.5054,775.194,Low,76,Medium,Medium,Older DH group; policy review recommended; Perfect Forward Secrecy disabled,0.902,0.707,IKEv2|Tunnel|AES-128-CBC|DH14|False|IPv6|Email
IPSEC-045-16,ipsec-045-16.pcap,validation,synthetic_lab_ground_truth,26160,IKEv2,ESP,Tunnel,IPv6,AES-128-CBC,HMAC-SHA256-128,RSA-Signature,Diffie-Hellman,DH14,False,True,3600,False,True,False,0x3ADE39D7,0x66C7360F,File-Transfer,TCP,IPv6,50,1441,362,35,327,0,929,216,0.25,336298,186896,149402,0.5557,4000.0,Low,76,Medium,Medium,Older DH group; policy review recommended; Perfect Forward Secrecy disabled,0.93,0.788,IKEv2|Tunnel|AES-128-CBC|DH14|False|IPv6|File-Transfer
IPSEC-045-17,ipsec-045-17.pcap,validation,synthetic_lab_ground_truth,26160,IKEv2,ESP,Tunnel,IPv6,AES-128-CBC,HMAC-SHA256-128,RSA-Signature,Diffie-Hellman,DH14,False,True,7200,False,True,False,0x5964223E,0x993F456C,VoIP,UDP,IPv6,50,2038,149,33,116,1,214,62,0.07,31886,20426,11460,0.6406,10000.0,Medium,76,Medium,Medium,Older DH group; policy review recommended; Perfect Forward Secrecy disabled,0.856,0.867,IKEv2|Tunnel|AES-128-CBC|DH14|False|IPv6|VoIP
IPSEC-045-18,ipsec-045-18.pcap,test,synthetic_lab_ground_truth,26160,IKEv2,ESP,Tunnel,IPv6,AES-128-CBC,HMAC-SHA256-128,RSA-Signature,Diffie-Hellman,DH14,False,True,14400,True,True,True,0x2FBE23C2,0xDD9D8DCC,ICMP,ICMP/ICMPv6,IPv6,50,235,92,10,82,0,90,26,0.39,8280,2814,5466,0.3399,2564.103,Low,76,Medium,Medium,Older DH group; policy review recommended; Perfect Forward Secrecy disabled,0.863,0.957,IKEv2|Tunnel|AES-128-CBC|DH14|False|IPv6|ICMP
IPSEC-045-19,ipsec-045-19.pcap,test,synthetic_lab_ground_truth,26160,IKEv2,ESP,Tunnel,IPv6,AES-128-CBC,HMAC-SHA256-128,RSA-Signature,Diffie-Hellman,DH14,False,True,1800,False,True,False,0x3386DCD7,0xB5C943A3,Video,TCP/QUIC,IPv6,50,5323,1392,21,1371,2,489,124,0.26,680688,311948,368740,0.4583,3846.154,Medium,76,Medium,Medium,Older DH group; policy review recommended; Perfect Forward Secrecy disabled,0.864,0.877,IKEv2|Tunnel|AES-128-CBC|DH14|False|IPv6|Video
IPSEC-045-20,ipsec-045-20.pcap,test,synthetic_lab_ground_truth,26160,IKEv2,ESP,Tunnel,IPv6,AES-128-CBC,HMAC-SHA256-128,RSA-Signature,Diffie-Hellman,DH14,False,True,86400,False,True,False,0x5996FF97,0x7A802FBB,Chat,TCP,IPv6,50,1049,317,38,279,1,291,73,0.3,92247,43716,48531,0.4739,3333.333,Low,76,Medium,Medium,Older DH group; policy review recommended; Perfect Forward Secrecy disabled,0.916,0.691,IKEv2|Tunnel|AES-128-CBC|DH14|False|IPv6|Chat
IPSEC-046-01,ipsec-046-01.pcap,train,synthetic_lab_ground_truth,26160,IKEv1,ESP,Tunnel,IPv4,AES-256-CBC,HMAC-SHA256-128,RSA-Signature,Diffie-Hellman,DH19,False,True,14400,True,True,True,0x3B675D94,0xB4DFCCE9,Email,TCP,IPv4,50,620,772,18,754,0,561,178,1.25,433092,151519,281573,0.3499,800.0,Low,69,High,High,Legacy IKE version detected; Perfect Forward Secrecy disabled,0.776,0.748,IKEv1|Tunnel|AES-256-CBC|DH19|False|IPv4|Email
IPSEC-046-02,ipsec-046-02.pcap,train,synthetic_lab_ground_truth,26160,IKEv1,ESP,Tunnel,IPv4,AES-256-CBC,HMAC-SHA256-128,RSA-Signature,Diffie-Hellman,DH19,False,True,14400,True,True,True,0xABDCC6C1,0x6C1FDB55,File-Transfer,TCP,IPv4,50,3644,1558,36,1522,1,755,184,0.43,1176290,537347,638943,0.4568,2325.581,Low,69,High,High,Legacy IKE version detected; Perfect Forward Secrecy disabled,0.806,0.823,IKEv1|Tunnel|AES-256-CBC|DH19|False|IPv4|File-Transfer
IPSEC-046-03,ipsec-046-03.pcap,train,synthetic_lab_ground_truth,26160,IKEv1,ESP,Tunnel,IPv4,AES-256-CBC,HMAC-SHA256-128,RSA-Signature,Diffie-Hellman,DH19,False,True,3600,True,True,True,0x4F6C7341,0x7DBE3C0C,VoIP,UDP,IPv4,50,2635,221,21,200,0,191,37,0.08,42211,17925,24286,0.4247,10000.0,Medium,69,High,High,Legacy IKE version detected; Perfect Forward Secrecy disabled,0.782,0.778,IKEv1|Tunnel|AES-256-CBC|DH19|False|IPv4|VoIP
IPSEC-046-04,ipsec-046-04.pcap,train,synthetic_lab_ground_truth,26160,IKEv1,ESP,Tunnel,IPv4,AES-256-CBC,HMAC-SHA256-128,RSA-Signature,Diffie-Hellman,DH19,False,True,3600,True,True,True,0xDE1A6130,0x5BC96E8B,ICMP,ICMP/ICMPv6,IPv4,50,283,114,44,70,0,94,26,0.4,10716,6322,4394,0.59,2500.0,Low,69,High,High,Legacy IKE version detected; Perfect Forward Secrecy disabled,0.767,0.886,IKEv1|Tunnel|AES-256-CBC|DH19|False|IPv4|ICMP
IPSEC-046-05,ipsec-046-05.pcap,train,synthetic_lab_ground_truth,26160,IKEv1,ESP,Tunnel,IPv4,AES-256-CBC,HMAC-SHA256-128,RSA-Signature,Diffie-Hellman,DH19,False,True,3600,True,True,True,0x9B7DEE8D,0x6C823851,Video,TCP/QUIC,IPv4,50,4995,1215,44,1171,0,477,73,0.24,579555,192384,387171,0.332,4166.667,Medium,69,High,High,Legacy IKE version detected; Perfect Forward Secrecy disabled,0.776,0.841,IKEv1|Tunnel|AES-256-CBC|DH19|False|IPv4|Video
IPSEC-046-06,ipsec-046-06.pcap,train,synthetic_lab_ground_truth,26160,IKEv1,ESP,Tunnel,IPv4,AES-256-CBC,HMAC-SHA256-128,RSA-Signature,Diffie-Hellman,DH19,False,True,28800,False,True,False,0xA3E94895,0x21EC9743,Chat,TCP,IPv4,50,1363,559,17,542,0,276,80,0.41,154284,59867,94417,0.388,2439.024,Low,69,High,High,Legacy IKE version detected; Perfect Forward Secrecy disabled,0.79,0.751,IKEv1|Tunnel|AES-256-CBC|DH19|False|IPv4|Chat
IPSEC-046-07,ipsec-046-07.pcap,train,synthetic_lab_ground_truth,26160,IKEv1,ESP,Tunnel,IPv4,AES-256-CBC,HMAC-SHA256-128,RSA-Signature,Diffie-Hellman,DH19,False,True,28800,True,True,True,0x64806A3C,0xCFBE29EF,Web,TCP,IPv4,50,1668,786,18,768,1,532,168,0.47,418152,134800,283352,0.3224,2127.66,Low,69,High,High,Legacy IKE version detected; Perfect Forward Secrecy disabled,0.804,0.823,IKEv1|Tunnel|AES-256-CBC|DH19|False|IPv4|Web
IPSEC-046-08,ipsec-046-08.pcap,train,synthetic_lab_ground_truth,26160,IKEv1,ESP,Tunnel,IPv4,AES-256-CBC,HMAC-SHA256-128,RSA-Signature,Diffie-Hellman,DH19,False,True,3600,False,True,False,0xE0ED700B,0xA978E8D9,Email,TCP,IPv4,50,556,673,29,644,0,391,97,1.21,263143,119959,143184,0.4559,826.446,Low,69,High,High,Legacy IKE version detected; Perfect Forward Secrecy disabled,0.75,0.772,IKEv1|Tunnel|AES-256-CBC|DH19|False|IPv4|Email
IPSEC-046-09,ipsec-046-09.pcap,train,synthetic_lab_ground_truth,26160,IKEv1,ESP,Tunnel,IPv4,AES-256-CBC,HMAC-SHA256-128,RSA-Signature,Diffie-Hellman,DH19,False,True,14400,False,True,False,0x354BF054,0x34A69E7B,File-Transfer,TCP,IPv4,50,3412,1556,29,1527,1,745,84,0.46,1159220,417137,742083,0.3598,2173.913,Low,69,High,High,Legacy IKE version detected; Perfect Forward Secrecy disabled,0.766,0.796,IKEv1|Tunnel|AES-256-CBC|DH19|False|IPv4|File-Transfer
IPSEC-046-10,ipsec-046-10.pcap,train,synthetic_lab_ground_truth,26160,IKEv1,ESP,Tunnel,IPv4,AES-256-CBC,HMAC-SHA256-128,RSA-Signature,Diffie-Hellman,DH19,False,True,14400,False,True,False,0x70C2F102,0x1C32A584,VoIP,UDP,IPv4,50,2578,232,27,205,1,215,44,0.09,49880,19597,30283,0.3929,10000.0,Medium,69,High,High,Legacy IKE version detected; Perfect Forward Secrecy disabled,0.757,0.81,IKEv1|Tunnel|AES-256-CBC|DH19|False|IPv4|VoIP
IPSEC-046-11,ipsec-046-11.pcap,train,synthetic_lab_ground_truth,26160,IKEv1,ESP,Tunnel,IPv4,AES-256-CBC,HMAC-SHA256-128,RSA-Signature,Diffie-Hellman,DH19,False,True,28800,False,True,False,0x5068B6FE,0x2A0B4E21,ICMP,ICMP/ICMPv6,IPv4,50,250,84,11,73,0,80,25,0.34,6720,3544,3176,0.5275,2941.176,Low,69,High,High,Legacy IKE version detected; Perfect Forward Secrecy disabled,0.795,0.888,IKEv1|Tunnel|AES-256-CBC|DH19|False|IPv4|ICMP
IPSEC-046-12,ipsec-046-12.pcap,train,synthetic_lab_ground_truth,26160,IKEv1,ESP,Tunnel,IPv4,AES-256-CBC,HMAC-SHA256-128,RSA-Signature,Diffie-Hellman,DH19,False,True,86400,False,True,False,0xE59EF38E,0xBB120D16,Video,TCP/QUIC,IPv4,50,5593,1469,20,1449,1,535,119,0.26,785915,335696,450219,0.4271,3846.154,Medium,69,High,High,Legacy IKE version detected; Perfect Forward Secrecy disabled,0.799,0.849,IKEv1|Tunnel|AES-256-CBC|DH19|False|IPv4|Video
IPSEC-046-13,ipsec-046-13.pcap,train,synthetic_lab_ground_truth,26160,IKEv1,ESP,Tunnel,IPv4,AES-256-CBC,HMAC-SHA256-128,RSA-Signature,Diffie-Hellman,DH19,False,True,28800,False,True,False,0xD6D7DDC6,0x3F4E1E8E,Chat,TCP,IPv4,50,991,299,39,260,3,235,36,0.3,70265,25930,44335,0.369,3333.333,Low,69,High,High,Legacy IKE version detected; Perfect Forward Secrecy disabled,0.754,0.629,IKEv1|Tunnel|AES-256-CBC|DH19|False|IPv4|Chat
IPSEC-046-14,ipsec-046-14.pcap,train,synthetic_lab_ground_truth,26160,IKEv1,ESP,Tunnel,IPv4,AES-256-CBC,HMAC-SHA256-128,RSA-Signature,Diffie-Hellman,DH19,False,False,172800,False,True,False,0xE2D407F0,0xF5CFECE4,Web,TCP,IPv4,50,961,407,26,381,0,725,205,0.42,295075,102531,192544,0.3475,2380.952,Low,36,Critical,Critical,Legacy IKE version detected; Perfect Forward Secrecy disabled; Replay protection disabled; Long Security Association lifetime,0.756,0.859,IKEv1|Tunnel|AES-256-CBC|DH19|False|IPv4|Web
IPSEC-046-15,ipsec-046-15.pcap,validation,synthetic_lab_ground_truth,26160,IKEv1,ESP,Tunnel,IPv4,AES-256-CBC,HMAC-SHA256-128,RSA-Signature,Diffie-Hellman,DH19,False,True,7200,False,True,False,0xAD06A359,0x3DDAC219,Email,TCP,IPv4,50,552,619,14,605,1,425,134,1.12,263075,114508,148567,0.4353,892.857,Low,69,High,High,Legacy IKE version detected; Perfect Forward Secrecy disabled,0.786,0.706,IKEv1|Tunnel|AES-256-CBC|DH19|False|IPv4|Email
IPSEC-046-16,ipsec-046-16.pcap,validation,synthetic_lab_ground_truth,26160,IKEv1,ESP,Tunnel,IPv4,AES-256-CBC,HMAC-SHA256-128,RSA-Signature,Diffie-Hellman,DH19,False,True,3600,False,True,False,0xEA0C890B,0x46BF39A2,File-Transfer,TCP,IPv4,50,3125,1378,23,1355,0,731,266,0.44,1007318,320549,686769,0.3182,2272.727,Low,69,High,High,Legacy IKE version detected; Perfect Forward Secrecy disabled,0.8,0.832,IKEv1|Tunnel|AES-256-CBC|DH19|False|IPv4|File-Transfer
IPSEC-046-17,ipsec-046-17.pcap,validation,synthetic_lab_ground_truth,26160,IKEv1,ESP,Tunnel,IPv4,AES-256-CBC,HMAC-SHA256-128,RSA-Signature,Diffie-Hellman,DH19,False,True,3600,True,True,True,0xF24CAF67,0xE4073BE3,VoIP,UDP,IPv4,50,2485,172,8,164,3,254,61,0.07,43688,23290,20398,0.5331,10000.0,Medium,69,High,High,Legacy IKE version detected; Perfect Forward Secrecy disabled,0.77,0.795,IKEv1|Tunnel|AES-256-CBC|DH19|False|IPv4|VoIP
IPSEC-046-18,ipsec-046-18.pcap,test,synthetic_lab_ground_truth,26160,IKEv1,ESP,Tunnel,IPv4,AES-256-CBC,HMAC-SHA256-128,RSA-Signature,Diffie-Hellman,DH19,False,True,600,True,True,True,0x48F66AC1,0x20F8CE0F,ICMP,ICMP/ICMPv6,IPv4,50,180,73,31,42,0,93,23,0.41,6789,3366,3423,0.4959,2439.024,Low,69,High,High,Legacy IKE version detected; Perfect Forward Secrecy disabled,0.801,0.91,IKEv1|Tunnel|AES-256-CBC|DH19|False|IPv4|ICMP
IPSEC-046-19,ipsec-046-19.pcap,test,synthetic_lab_ground_truth,26160,IKEv1,ESP,Tunnel,IPv4,AES-256-CBC,HMAC-SHA256-128,RSA-Signature,Diffie-Hellman,DH19,False,True,3600,False,True,False,0x1C3479CD,0x71C96293,Video,TCP/QUIC,IPv4,50,5285,1358,18,1340,0,578,100,0.26,784924,319155,465769,0.4066,3846.154,Medium,69,High,High,Legacy IKE version detected; Perfect Forward Secrecy disabled,0.799,0.854,IKEv1|Tunnel|AES-256-CBC|DH19|False|IPv4|Video
IPSEC-046-20,ipsec-046-20.pcap,test,synthetic_lab_ground_truth,26160,IKEv1,ESP,Tunnel,IPv4,AES-256-CBC,HMAC-SHA256-128,RSA-Signature,Diffie-Hellman,DH19,False,True,86400,False,True,False,0xBC6F944E,0x2D65BB38,Chat,TCP,IPv4,50,1295,382,28,354,0,217,47,0.29,82894,51175,31719,0.6174,3448.276,Low,69,High,High,Legacy IKE version detected; Perfect Forward Secrecy disabled,0.755,0.719,IKEv1|Tunnel|AES-256-CBC|DH19|False|IPv4|Chat
IPSEC-047-01,ipsec-047-01.pcap,train,synthetic_lab_ground_truth,26160,IKEv2,ESP,Transport,IPv4,AES-256-CBC,HMAC-SHA256-128,PSK,Diffie-Hellman,DH24,True,True,3600,True,True,True,0xE46D9787,0xBCC4A4AC,Email,TCP,IPv4,50,704,805,31,774,1,518,146,1.14,416990,179679,237311,0.4309,877.193,Medium,86,Low,Informational,No major policy violations detected,0.88,0.687,IKEv2|Transport|AES-256-CBC|DH24|True|IPv4|Email
IPSEC-047-02,ipsec-047-02.pcap,train,synthetic_lab_ground_truth,26160,IKEv2,ESP,Transport,IPv4,AES-256-CBC,HMAC-SHA256-128,PSK,Diffie-Hellman,DH24,True,True,86400,False,True,False,0x282D817C,0xFFBB27B9,File-Transfer,TCP,IPv4,50,1614,834,13,821,2,952,231,0.52,793968,438025,355943,0.5517,1923.077,Medium,86,Low,Informational,No major policy violations detected,0.91,0.778,IKEv2|Transport|AES-256-CBC|DH24|True|IPv4|File-Transfer
IPSEC-047-03,ipsec-047-03.pcap,train,synthetic_lab_ground_truth,26160,IKEv2,ESP,Transport,IPv4,AES-256-CBC,HMAC-SHA256-128,PSK,Diffie-Hellman,DH24,True,True,86400,False,True,False,0x15D86402,0xB693BD48,VoIP,UDP,IPv4,50,2014,180,21,159,1,263,52,0.09,47340,23410,23930,0.4945,10000.0,Medium,86,Low,Informational,No major policy violations detected,0.903,0.828,IKEv2|Transport|AES-256-CBC|DH24|True|IPv4|VoIP
IPSEC-047-04,ipsec-047-04.pcap,train,synthetic_lab_ground_truth,26160,IKEv2,ESP,Transport,IPv4,AES-256-CBC,HMAC-SHA256-128,PSK,Diffie-Hellman,DH24,True,True,7200,True,True,True,0xF1202E5F,0xEFF8F58C,ICMP,ICMP/ICMPv6,IPv4,50,291,121,36,85,1,98,18,0.42,11858,7259,4599,0.6122,2380.952,Medium,86,Low,Informational,No major policy violations detected,0.911,0.833,IKEv2|Transport|AES-256-CBC|DH24|True|IPv4|ICMP
IPSEC-047-05,ipsec-047-05.pcap,train,synthetic_lab_ground_truth,26160,IKEv2,ESP,Transport,IPv4,AES-256-CBC,HMAC-SHA256-128,PSK,Diffie-Hellman,DH24,True,True,14400,False,True,False,0xB76B992D,0xD743FC1F,Video,TCP/QUIC,IPv4,50,4801,1674,33,1641,1,486,75,0.35,813564,331463,482101,0.4074,2857.143,Medium,86,Low,Informational,No major policy violations detected,0.896,0.738,IKEv2|Transport|AES-256-CBC|DH24|True|IPv4|Video
IPSEC-047-06,ipsec-047-06.pcap,train,synthetic_lab_ground_truth,26160,IKEv2,ESP,Transport,IPv4,AES-256-CBC,HMAC-SHA256-128,PSK,Diffie-Hellman,DH24,True,True,172800,False,True,False,0xFA88CAF8,0xF984D57D,Chat,TCP,IPv4,50,1087,329,32,297,0,226,59,0.3,74354,38190,36164,0.5136,3333.333,Medium,78,Medium,Medium,Long Security Association lifetime,0.901,0.713,IKEv2|Transport|AES-256-CBC|DH24|True|IPv4|Chat
IPSEC-047-07,ipsec-047-07.pcap,train,synthetic_lab_ground_truth,26160,IKEv2,ESP,Transport,IPv4,AES-256-CBC,HMAC-SHA256-128,PSK,Diffie-Hellman,DH24,True,True,3600,False,True,False,0xB795F5A7,0xE97FA32A,Web,TCP,IPv4,50,2168,947,14,933,1,503,121,0.44,476341,169062,307279,0.3549,2272.727,Medium,86,Low,Informational,No major policy violations detected,0.856,0.857,IKEv2|Transport|AES-256-CBC|DH24|True|IPv4|Web
IPSEC-047-08,ipsec-047-08.pcap,train,synthetic_lab_ground_truth,26160,IKEv2,ESP,Transport,IPv4,AES-256-CBC,HMAC-SHA256-128,PSK,Diffie-Hellman,DH24,True,True,28800,True,True,True,0xBCC47CA7,0x173226E6,Email,TCP,IPv4,50,670,877,11,866,3,414,83,1.31,363078,162747,200331,0.4482,763.359,Medium,86,Low,Informational,No major policy violations detected,0.884,0.754,IKEv2|Transport|AES-256-CBC|DH24|True|IPv4|Email
IPSEC-047-09,ipsec-047-09.pcap,train,synthetic_lab_ground_truth,26160,IKEv2,ESP,Transport,IPv4,AES-256-CBC,HMAC-SHA256-128,PSK,Diffie-Hellman,DH24,True,True,172800,True,True,True,0x17D3B0B0,0x76BBF18B,File-Transfer,TCP,IPv4,50,2331,1039,36,1003,1,898,229,0.45,933022,505834,427188,0.5421,2222.222,Medium,78,Medium,Medium,Long Security Association lifetime,0.947,0.887,IKEv2|Transport|AES-256-CBC|DH24|True|IPv4|File-Transfer
IPSEC-047-10,ipsec-047-10.pcap,train,synthetic_lab_ground_truth,26160,IKEv2,ESP,Transport,IPv4,AES-256-CBC,HMAC-SHA256-128,PSK,Diffie-Hellman,DH24,True,True,28800,True,True,True,0xBF8EEF32,0xA338BA5D,VoIP,UDP,IPv4,50,2844,232,21,211,2,158,38,0.08,36656,20803,15853,0.5675,10000.0,Medium,86,Low,Informational,No major policy violations detected,0.904,0.852,IKEv2|Transport|AES-256-CBC|DH24|True|IPv4|VoIP
IPSEC-047-11,ipsec-047-11.pcap,train,synthetic_lab_ground_truth,26160,IKEv2,ESP,Transport,IPv4,AES-256-CBC,HMAC-SHA256-128,PSK,Diffie-Hellman,DH24,True,True,1800,False,True,False,0xD1368832,0xC44EC22C,ICMP,ICMP/ICMPv6,IPv4,50,200,79,42,37,1,89,30,0.4,7031,2208,4823,0.3141,2500.0,Medium,86,Low,Informational,No major policy violations detected,0.873,0.946,IKEv2|Transport|AES-256-CBC|DH24|True|IPv4|ICMP
IPSEC-047-12,ipsec-047-12.pcap,train,synthetic_lab_ground_truth,26160,IKEv2,ESP,Transport,IPv4,AES-256-CBC,HMAC-SHA256-128,PSK,Diffie-Hellman,DH24,True,True,600,True,True,True,0x82CED956,0xE675A261,Video,TCP/QUIC,IPv4,50,3523,968,26,942,0,487,109,0.27,471416,179358,292058,0.3805,3703.704,Medium,86,Low,Informational,No major policy violations detected,0.902,0.813,IKEv2|Transport|AES-256-CBC|DH24|True|IPv4|Video
IPSEC-047-13,ipsec-047-13.pcap,train,synthetic_lab_ground_truth,26160,IKEv2,ESP,Transport,IPv4,AES-256-CBC,HMAC-SHA256-128,PSK,Diffie-Hellman,DH24,True,True,3600,False,True,False,0x252D28A3,0x65642A42,Chat,TCP,IPv4,50,1540,575,34,541,2,234,56,0.37,134550,44475,90075,0.3305,2702.703,Medium,86,Low,Informational,No major policy violations detected,0.931,0.791,IKEv2|Transport|AES-256-CBC|DH24|True|IPv4|Chat
IPSEC-047-14,ipsec-047-14.pcap,train,synthetic_lab_ground_truth,26160,IKEv2,ESP,Transport,IPv4,AES-256-CBC,HMAC-SHA256-128,PSK,Diffie-Hellman,DH24,True,True,300,False,True,False,0x7D43D7A6,0xD7A01CBE,Web,TCP,IPv4,50,2417,866,31,835,1,553,154,0.36,478898,139259,339639,0.2908,2777.778,Medium,86,Low,Informational,No major policy violations detected,0.876,0.755,IKEv2|Transport|AES-256-CBC|DH24|True|IPv4|Web
IPSEC-047-15,ipsec-047-15.pcap,validation,synthetic_lab_ground_truth,26160,IKEv2,ESP,Transport,IPv4,AES-256-CBC,HMAC-SHA256-128,PSK,Diffie-Hellman,DH24,True,True,172800,True,True,True,0xA1DCE206,0x97D6169F,Email,TCP,IPv4,50,342,497,33,464,1,401,116,1.45,199297,104517,94780,0.5244,689.655,Medium,78,Medium,Medium,Long Security Association lifetime,0.914,0.743,IKEv2|Transport|AES-256-CBC|DH24|True|IPv4|Email
IPSEC-047-16,ipsec-047-16.pcap,validation,synthetic_lab_ground_truth,26160,IKEv2,ESP,Transport,IPv4,AES-256-CBC,HMAC-SHA256-128,PSK,Diffie-Hellman,DH24,True,True,28800,False,True,False,0x4D71E9FC,0x2754E793,File-Transfer,TCP,IPv4,50,2776,1221,15,1206,0,837,221,0.44,1021977,620448,401529,0.6071,2272.727,Medium,86,Low,Informational,No major policy violations detected,0.875,0.789,IKEv2|Transport|AES-256-CBC|DH24|True|IPv4|File-Transfer
IPSEC-047-17,ipsec-047-17.pcap,validation,synthetic_lab_ground_truth,26160,IKEv2,ESP,Transport,IPv4,AES-256-CBC,HMAC-SHA256-128,PSK,Diffie-Hellman,DH24,True,True,14400,False,True,False,0x28C578C6,0x734E4261,VoIP,UDP,IPv4,50,2765,238,8,230,0,214,74,0.09,50932,26446,24486,0.5192,10000.0,Medium,86,Low,Informational,No major policy violations detected,0.865,0.783,IKEv2|Transport|AES-256-CBC|DH24|True|IPv4|VoIP
IPSEC-047-18,ipsec-047-18.pcap,test,synthetic_lab_ground_truth,26160,IKEv2,ESP,Transport,IPv4,AES-256-CBC,HMAC-SHA256-128,PSK,Diffie-Hellman,DH24,True,True,3600,True,True,True,0xCFB05576,0xAF9D2361,ICMP,ICMP/ICMPv6,IPv4,50,202,74,38,36,0,103,28,0.37,7622,3163,4459,0.4151,2702.703,Medium,86,Low,Informational,No major policy violations detected,0.89,0.967,IKEv2|Transport|AES-256-CBC|DH24|True|IPv4|ICMP
IPSEC-047-19,ipsec-047-19.pcap,test,synthetic_lab_ground_truth,26160,IKEv2,ESP,Transport,IPv4,AES-256-CBC,HMAC-SHA256-128,PSK,Diffie-Hellman,DH24,True,True,3600,True,True,True,0x4FA10415,0x1AF037B1,Video,TCP/QUIC,IPv4,50,5859,1603,38,1565,0,421,133,0.27,674863,229109,445754,0.3395,3703.704,Medium,86,Low,Informational,No major policy violations detected,0.89,0.863,IKEv2|Transport|AES-256-CBC|DH24|True|IPv4|Video
IPSEC-047-20,ipsec-047-20.pcap,test,synthetic_lab_ground_truth,26160,IKEv2,ESP,Transport,IPv4,AES-256-CBC,HMAC-SHA256-128,PSK,Diffie-Hellman,DH24,True,True,3600,False,True,False,0x9B3EF291,0xB638392B,Chat,TCP,IPv4,50,1573,516,41,475,0,285,60,0.33,147060,104182,42878,0.7084,3030.303,Medium,86,Low,Informational,No major policy violations detected,0.895,0.679,IKEv2|Transport|AES-256-CBC|DH24|True|IPv4|Chat
IPSEC-048-01,ipsec-048-01.pcap,train,synthetic_lab_ground_truth,26160,IKEv1,ESP,Transport,IPv6,AES-256-CBC,HMAC-SHA1-96,RSA-Signature,Diffie-Hellman,DH24,False,True,86400,True,True,True,0x7D06A32F,0x569CD786,Email,TCP,IPv6,50,686,951,28,923,1,444,91,1.39,422244,200797,221447,0.4755,719.424,Medium,43,Critical,High,Legacy integrity algorithm: HMAC-SHA1-96; Legacy IKE version detected; Perfect Forward Secrecy disabled,0.811,0.688,IKEv1|Transport|AES-256-CBC|DH24|False|IPv6|Email
IPSEC-048-02,ipsec-048-02.pcap,train,synthetic_lab_ground_truth,26160,IKEv1,ESP,Transport,IPv6,AES-256-CBC,HMAC-SHA1-96,RSA-Signature,Diffie-Hellman,DH24,False,True,86400,False,True,False,0x88C1E031,0xC8D16410,File-Transfer,TCP,IPv6,50,2835,1187,13,1174,0,951,183,0.42,1128837,461625,667212,0.4089,2380.952,Medium,43,Critical,High,Legacy integrity algorithm: HMAC-SHA1-96; Legacy IKE version detected; Perfect Forward Secrecy disabled,0.844,0.755,IKEv1|Transport|AES-256-CBC|DH24|False|IPv6|File-Transfer
IPSEC-048-03,ipsec-048-03.pcap,train,synthetic_lab_ground_truth,26160,IKEv1,ESP,Transport,IPv6,AES-256-CBC,HMAC-SHA1-96,RSA-Signature,Diffie-Hellman,DH24,False,True,3600,True,True,True,0x662710E4,0x90EB0A22,VoIP,UDP,IPv6,50,3146,267,17,250,0,180,46,0.08,48060,20903,27157,0.435,10000.0,Medium,43,Critical,High,Legacy integrity algorithm: HMAC-SHA1-96; Legacy IKE version detected; Perfect Forward Secrecy disabled,0.776,0.796,IKEv1|Transport|AES-256-CBC|DH24|False|IPv6|VoIP
IPSEC-048-04,ipsec-048-04.pcap,train,synthetic_lab_ground_truth,26160,IKEv1,ESP,Transport,IPv6,AES-256-CBC,HMAC-SHA1-96,RSA-Signature,Diffie-Hellman,DH24,False,True,14400,False,True,False,0xFAF04529,0x890A23A0,ICMP,ICMP/ICMPv6,IPv6,50,164,50,40,10,0,84,23,0.3,4200,1145,3055,0.2728,3333.333,Medium,43,Critical,High,Legacy integrity algorithm: HMAC-SHA1-96; Legacy IKE version detected; Perfect Forward Secrecy disabled,0.78,0.909,IKEv1|Transport|AES-256-CBC|DH24|False|IPv6|ICMP
IPSEC-048-05,ipsec-048-05.pcap,train,synthetic_lab_ground_truth,26160,IKEv1,ESP,Transport,IPv6,AES-256-CBC,HMAC-SHA1-96,RSA-Signature,Diffie-Hellman,DH24,False,True,7200,False,True,False,0xD5F3EF3A,0xD37CB6E9,Video,TCP/QUIC,IPv6,50,4916,1336,29,1307,2,427,116,0.27,570472,135548,434924,0.2376,3703.704,Medium,43,Critical,High,Legacy integrity algorithm: HMAC-SHA1-96; Legacy IKE version detected; Perfect Forward Secrecy disabled,0.766,0.802,IKEv1|Transport|AES-256-CBC|DH24|False|IPv6|Video
IPSEC-048-06,ipsec-048-06.pcap,train,synthetic_lab_ground_truth,26160,IKEv1,ESP,Transport,IPv6,AES-256-CBC,HMAC-SHA1-96,RSA-Signature,Diffie-Hellman,DH24,False,True,7200,False,True,False,0xC8D1D6DD,0x19E259ED,Chat,TCP,IPv6,50,848,260,17,243,1,273,60,0.31,70980,37873,33107,0.5336,3225.806,Medium,43,Critical,High,Legacy integrity algorithm: HMAC-SHA1-96; Legacy IKE version detected; Perfect Forward Secrecy disabled,0.784,0.703,IKEv1|Transport|AES-256-CBC|DH24|False|IPv6|Chat
IPSEC-048-07,ipsec-048-07.pcap,train,synthetic_lab_ground_truth,26160,IKEv1,ESP,Transport,IPv6,AES-256-CBC,HMAC-SHA1-96,RSA-Signature,Diffie-Hellman,DH24,False,True,14400,False,True,False,0x41626C1A,0x2B8AD64A,Web,TCP,IPv6,50,2218,932,15,917,1,589,172,0.42,548948,158216,390732,0.2882,2380.952,Medium,43,Critical,High,Legacy integrity algorithm: HMAC-SHA1-96; Legacy IKE version detected; Perfect Forward Secrecy disabled,0.8,0.787,IKEv1|Transport|AES-256-CBC|DH24|False|IPv6|Web
IPSEC-048-08,ipsec-048-08.pcap,train,synthetic_lab_ground_truth,26160,IKEv1,ESP,Transport,IPv6,AES-256-CBC,HMAC-SHA1-96,RSA-Signature,Diffie-Hellman,DH24,False,True,28800,False,True,False,0x48573092,0x2DB3DC85,Email,TCP,IPv6,50,531,745,12,733,0,502,132,1.4,373990,175589,198401,0.4695,714.286,Medium,43,Critical,High,Legacy integrity algorithm: HMAC-SHA1-96; Legacy IKE version detected; Perfect Forward Secrecy disabled,0.787,0.742,IKEv1|Transport|AES-256-CBC|DH24|False|IPv6|Email
IPSEC-048-09,ipsec-048-09.pcap,train,synthetic_lab_ground_truth,26160,IKEv1,ESP,Transport,IPv6,AES-256-CBC,HMAC-SHA1-96,RSA-Signature,Diffie-Hellman,DH24,False,True,3600,False,True,False,0xC5D07D71,0xDBA8E002,File-Transfer,TCP,IPv6,50,4664,1968,44,1924,1,825,302,0.42,1623600,796945,826655,0.4909,2380.952,Medium,43,Critical,High,Legacy integrity algorithm: HMAC-SHA1-96; Legacy IKE version detected; Perfect Forward Secrecy disabled,0.841,0.834,IKEv1|Transport|AES-256-CBC|DH24|False|IPv6|File-Transfer
IPSEC-048-10,ipsec-048-10.pcap,train,synthetic_lab_ground_truth,26160,IKEv1,ESP,Transport,IPv6,AES-256-CBC,HMAC-SHA1-96,RSA-Signature,Diffie-Hellman,DH24,False,True,172800,False,True,False,0xCC85E990,0xD2DF589F,VoIP,UDP,IPv6,50,2174,170,12,158,2,187,39,0.08,31790,11314,20476,0.3559,10000.0,Medium,35,Critical,High,Legacy integrity algorithm: HMAC-SHA1-96; Legacy IKE version detected; Perfect Forward Secrecy disabled; Long Security Association lifetime,0.8,0.761,IKEv1|Transport|AES-256-CBC|DH24|False|IPv6|VoIP
IPSEC-048-11,ipsec-048-11.pcap,train,synthetic_lab_ground_truth,26160,IKEv1,ESP,Transport,IPv6,AES-256-CBC,HMAC-SHA1-96,RSA-Signature,Diffie-Hellman,DH24,False,True,86400,False,True,False,0x7D775D3D,0x8B3F58F8,ICMP,ICMP/ICMPv6,IPv6,50,198,85,30,55,1,84,8,0.43,7140,2667,4473,0.3736,2325.581,Medium,43,Critical,High,Legacy integrity algorithm: HMAC-SHA1-96; Legacy IKE version detected; Perfect Forward Secrecy disabled,0.81,0.878,IKEv1|Transport|AES-256-CBC|DH24|False|IPv6|ICMP
IPSEC-048-12,ipsec-048-12.pcap,train,synthetic_lab_ground_truth,26160,IKEv1,ESP,Transport,IPv6,AES-256-CBC,HMAC-SHA1-96,RSA-Signature,Diffie-Hellman,DH24,False,True,300,False,True,False,0xD3C8D83E,0x4A8B9523,Video,TCP/QUIC,IPv6,50,6063,1422,25,1397,0,439,100,0.23,624258,286343,337915,0.4587,4347.826,Medium,43,Critical,High,Legacy integrity algorithm: HMAC-SHA1-96; Legacy IKE version detected; Perfect Forward Secrecy disabled,0.781,0.885,IKEv1|Transport|AES-256-CBC|DH24|False|IPv6|Video
IPSEC-048-13,ipsec-048-13.pcap,train,synthetic_lab_ground_truth,26160,IKEv1,ESP,Transport,IPv6,AES-256-CBC,HMAC-SHA1-96,RSA-Signature,Diffie-Hellman,DH24,False,True,3600,True,True,True,0x4DD47D1B,0xF68EB033,Chat,TCP,IPv6,50,1452,449,34,415,1,269,63,0.31,120781,60947,59834,0.5046,3225.806,Medium,43,Critical,High,Legacy integrity algorithm: HMAC-SHA1-96; Legacy IKE version detected; Perfect Forward Secrecy disabled,0.812,0.776,IKEv1|Transport|AES-256-CBC|DH24|False|IPv6|Chat
IPSEC-048-14,ipsec-048-14.pcap,train,synthetic_lab_ground_truth,26160,IKEv1,ESP,Transport,IPv6,AES-256-CBC,HMAC-SHA1-96,RSA-Signature,Diffie-Hellman,DH24,False,True,3600,True,True,True,0xE321825A,0x52A021F6,Web,TCP,IPv6,50,2359,985,40,945,0,662,181,0.42,652070,194548,457522,0.2984,2380.952,Medium,43,Critical,High,Legacy integrity algorithm: HMAC-SHA1-96; Legacy IKE version detected; Perfect Forward Secrecy disabled,0.775,0.73,IKEv1|Transport|AES-256-CBC|DH24|False|IPv6|Web
IPSEC-048-15,ipsec-048-15.pcap,validation,synthetic_lab_ground_truth,26160,IKEv1,ESP,Transport,IPv6,AES-256-CBC,HMAC-SHA1-96,RSA-Signature,Diffie-Hellman,DH24,False,True,3600,False,True,False,0x4C9833EE,0x4C086D7B,Email,TCP,IPv6,50,430,584,36,548,0,393,84,1.36,229512,93409,136103,0.407,735.294,Medium,43,Critical,High,Legacy integrity algorithm: HMAC-SHA1-96; Legacy IKE version detected; Perfect Forward Secrecy disabled,0.828,0.748,IKEv1|Transport|AES-256-CBC|DH24|False|IPv6|Email
IPSEC-048-16,ipsec-048-16.pcap,validation,synthetic_lab_ground_truth,26160,IKEv1,ESP,Transport,IPv6,AES-256-CBC,HMAC-SHA1-96,RSA-Signature,Diffie-Hellman,DH24,False,True,86400,True,True,True,0x57F15BC8,0x647BC0FC,File-Transfer,TCP,IPv6,50,2715,1024,17,1007,0,848,314,0.38,868352,416788,451564,0.48,2631.579,Medium,43,Critical,High,Legacy integrity algorithm: HMAC-SHA1-96; Legacy IKE version detected; Perfect Forward Secrecy disabled,0.807,0.789,IKEv1|Transport|AES-256-CBC|DH24|False|IPv6|File-Transfer
IPSEC-048-17,ipsec-048-17.pcap,validation,synthetic_lab_ground_truth,26160,IKEv1,ESP,Transport,IPv6,AES-256-CBC,HMAC-SHA1-96,RSA-Signature,Diffie-Hellman,DH24,False,True,3600,False,True,False,0x11635EF9,0x413D90DD,VoIP,UDP,IPv6,50,1424,107,33,74,1,205,42,0.08,21935,8472,13463,0.3863,10000.0,Medium,43,Critical,High,Legacy integrity algorithm: HMAC-SHA1-96; Legacy IKE version detected; Perfect Forward Secrecy disabled,0.759,0.791,IKEv1|Transport|AES-256-CBC|DH24|False|IPv6|VoIP
IPSEC-048-18,ipsec-048-18.pcap,test,synthetic_lab_ground_truth,26160,IKEv1,ESP,Transport,IPv6,AES-256-CBC,HMAC-SHA1-96,RSA-Signature,Diffie-Hellman,DH24,False,True,3600,False,True,False,0x22EC9A42,0x6A53224A,ICMP,ICMP/ICMPv6,IPv6,50,258,97,9,88,2,103,19,0.38,9991,3152,6839,0.3155,2631.579,Medium,43,Critical,High,Legacy integrity algorithm: HMAC-SHA1-96; Legacy IKE version detected; Perfect Forward Secrecy disabled,0.805,0.847,IKEv1|Transport|AES-256-CBC|DH24|False|IPv6|ICMP
IPSEC-048-19,ipsec-048-19.pcap,test,synthetic_lab_ground_truth,26160,IKEv1,ESP,Transport,IPv6,AES-256-CBC,HMAC-SHA1-96,RSA-Signature,Diffie-Hellman,DH24,False,True,3600,False,True,False,0xB2F2FC57,0x476737FB,Video,TCP/QUIC,IPv6,50,4813,961,43,918,0,436,140,0.2,418996,220330,198666,0.5259,5000.0,Medium,43,Critical,High,Legacy integrity algorithm: HMAC-SHA1-96; Legacy IKE version detected; Perfect Forward Secrecy disabled,0.78,0.871,IKEv1|Transport|AES-256-CBC|DH24|False|IPv6|Video
IPSEC-048-20,ipsec-048-20.pcap,test,synthetic_lab_ground_truth,26160,IKEv1,ESP,Transport,IPv6,AES-256-CBC,HMAC-SHA1-96,RSA-Signature,Diffie-Hellman,DH24,False,True,28800,True,True,True,0xE2D84D05,0x5F25BDED,Chat,TCP,IPv6,50,598,197,30,167,2,217,41,0.33,42749,20799,21950,0.4866,3030.303,Medium,43,Critical,High,Legacy integrity algorithm: HMAC-SHA1-96; Legacy IKE version detected; Perfect Forward Secrecy disabled,0.784,0.738,IKEv1|Transport|AES-256-CBC|DH24|False|IPv6|Chat
IPSEC-049-01,ipsec-049-01.pcap,train,synthetic_lab_ground_truth,26160,IKEv2,ESP,Transport,IPv4,AES-128-GCM,AEAD-GCM,PSK,Diffie-Hellman,DH24,False,True,7200,False,True,False,0xFAF9BF78,0x3C7E1111,Email,TCP,IPv4,50,495,653,33,620,1,424,105,1.32,276872,169023,107849,0.6105,757.576,Medium,78,Medium,Medium,Perfect Forward Secrecy disabled,0.941,0.772,IKEv2|Transport|AES-128-GCM|DH24|False|IPv4|Email
IPSEC-049-02,ipsec-049-02.pcap,train,synthetic_lab_ground_truth,26160,IKEv2,ESP,Transport,IPv4,AES-128-GCM,AEAD-GCM,PSK,Diffie-Hellman,DH24,False,True,28800,False,True,False,0x312DC7B6,0xA7439882,File-Transfer,TCP,IPv4,50,4851,1804,43,1761,0,872,237,0.37,1573088,666390,906698,0.4236,2702.703,Medium,78,Medium,Medium,Perfect Forward Secrecy disabled,0.909,0.823,IKEv2|Transport|AES-128-GCM|DH24|False|IPv4|File-Transfer
IPSEC-049-03,ipsec-049-03.pcap,train,synthetic_lab_ground_truth,26160,IKEv2,ESP,Transport,IPv4,AES-128-GCM,AEAD-GCM,PSK,Diffie-Hellman,DH24,False,True,28800,False,True,False,0xFA91F9D3,0x93E81F2B,VoIP,UDP,IPv4,50,2689,206,30,176,1,232,64,0.08,47792,23379,24413,0.4892,10000.0,Medium,78,Medium,Medium,Perfect Forward Secrecy disabled,0.924,0.794,IKEv2|Transport|AES-128-GCM|DH24|False|IPv4|VoIP
IPSEC-049-04,ipsec-049-04.pcap,train,synthetic_lab_ground_truth,26160,IKEv2,ESP,Transport,IPv4,AES-128-GCM,AEAD-GCM,PSK,Diffie-Hellman,DH24,False,True,3600,False,True,False,0x68D5D3FC,0x7B616952,ICMP,ICMP/ICMPv6,IPv4,50,240,101,15,86,1,105,19,0.42,10605,6445,4160,0.6077,2380.952,Medium,78,Medium,Medium,Perfect Forward Secrecy disabled,0.953,0.963,IKEv2|Transport|AES-128-GCM|DH24|False|IPv4|ICMP
IPSEC-049-05,ipsec-049-05.pcap,train,synthetic_lab_ground_truth,26160,IKEv2,ESP,Transport,IPv4,AES-128-GCM,AEAD-GCM,PSK,Diffie-Hellman,DH24,False,True,7200,False,True,False,0x32835A2F,0x1C01373A,Video,TCP/QUIC,IPv4,50,4642,1160,24,1136,1,610,129,0.25,707600,192656,514944,0.2723,4000.0,Medium,78,Medium,Medium,Perfect Forward Secrecy disabled,0.961,0.792,IKEv2|Transport|AES-128-GCM|DH24|False|IPv4|Video
IPSEC-049-06,ipsec-049-06.pcap,train,synthetic_lab_ground_truth,26160,IKEv2,ESP,Transport,IPv4,AES-128-GCM,AEAD-GCM,PSK,Diffie-Hellman,DH24,False,True,28800,False,True,False,0xC68F754F,0x39ED66C3,Chat,TCP,IPv4,50,938,373,16,357,2,246,63,0.4,91758,42826,48932,0.4667,2500.0,Medium,78,Medium,Medium,Perfect Forward Secrecy disabled,0.912,0.712,IKEv2|Transport|AES-128-GCM|DH24|False|IPv4|Chat
IPSEC-049-07,ipsec-049-07.pcap,train,synthetic_lab_ground_truth,26160,IKEv2,ESP,Transport,IPv4,AES-128-GCM,AEAD-GCM,PSK,Diffie-Hellman,DH24,False,True,28800,False,True,False,0xCB70BB48,0xC5BAE8BF,Web,TCP,IPv4,50,2303,915,14,901,1,499,175,0.4,456585,148322,308263,0.3249,2500.0,Medium,78,Medium,Medium,Perfect Forward Secrecy disabled,0.966,0.78,IKEv2|Transport|AES-128-GCM|DH24|False|IPv4|Web
IPSEC-049-08,ipsec-049-08.pcap,train,synthetic_lab_ground_truth,26160,IKEv2,ESP,Transport,IPv4,AES-128-GCM,AEAD-GCM,PSK,Diffie-Hellman,DH24,False,False,1800,False,True,False,0x7E6DE2AF,0x64F9AD4A,Email,TCP,IPv4,50,722,913,17,896,3,520,121,1.26,474760,247700,227060,0.5217,793.651,Medium,53,High,Critical,Perfect Forward Secrecy disabled; Replay protection disabled,0.955,0.71,IKEv2|Transport|AES-128-GCM|DH24|False|IPv4|Email
IPSEC-049-09,ipsec-049-09.pcap,train,synthetic_lab_ground_truth,26160,IKEv2,ESP,Transport,IPv4,AES-128-GCM,AEAD-GCM,PSK,Diffie-Hellman,DH24,False,True,3600,False,True,False,0xE00C5DE9,0xE8BB9A89,File-Transfer,TCP,IPv4,50,2212,926,41,885,1,739,212,0.42,684314,275233,409081,0.4022,2380.952,Medium,78,Medium,Medium,Perfect Forward Secrecy disabled,0.926,0.818,IKEv2|Transport|AES-128-GCM|DH24|False|IPv4|File-Transfer
IPSEC-049-10,ipsec-049-10.pcap,train,synthetic_lab_ground_truth,26160,IKEv2,ESP,Transport,IPv4,AES-128-GCM,AEAD-GCM,PSK,Diffie-Hellman,DH24,False,True,600,False,True,False,0x29972754,0x918E8321,VoIP,UDP,IPv4,50,2957,263,21,242,1,212,51,0.09,55756,27401,28355,0.4915,10000.0,Medium,78,Medium,Medium,Perfect Forward Secrecy disabled,0.917,0.802,IKEv2|Transport|AES-128-GCM|DH24|False|IPv4|VoIP
IPSEC-049-11,ipsec-049-11.pcap,train,synthetic_lab_ground_truth,26160,IKEv2,ESP,Transport,IPv4,AES-128-GCM,AEAD-GCM,PSK,Diffie-Hellman,DH24,False,True,1800,False,True,False,0xA9D37F32,0x70265293,ICMP,ICMP/ICMPv6,IPv4,50,194,69,30,39,1,88,29,0.36,6072,3573,2499,0.5885,2777.778,Medium,78,Medium,Medium,Perfect Forward Secrecy disabled,0.961,0.908,IKEv2|Transport|AES-128-GCM|DH24|False|IPv4|ICMP
IPSEC-049-12,ipsec-049-12.pcap,train,synthetic_lab_ground_truth,26160,IKEv2,ESP,Transport,IPv4,AES-128-GCM,AEAD-GCM,PSK,Diffie-Hellman,DH24,False,True,3600,True,True,True,0x7E79A6C8,0xE8E011CF,Video,TCP/QUIC,IPv4,50,5561,1308,15,1293,0,502,99,0.24,656616,193592,463024,0.2948,4166.667,Medium,78,Medium,Medium,Perfect Forward Secrecy disabled,0.971,0.797,IKEv2|Transport|AES-128-GCM|DH24|False|IPv4|Video
IPSEC-049-13,ipsec-049-13.pcap,train,synthetic_lab_ground_truth,26160,IKEv2,ESP,Transport,IPv4,AES-128-GCM,AEAD-GCM,PSK,Diffie-Hellman,DH24,False,True,86400,False,True,False,0x7DF0D160,0xBCB01D2A,Chat,TCP,IPv4,50,1744,600,34,566,0,254,65,0.34,152400,81820,70580,0.5369,2941.176,Medium,78,Medium,Medium,Perfect Forward Secrecy disabled,0.914,0.615,IKEv2|Transport|AES-128-GCM|DH24|False|IPv4|Chat
IPSEC-049-14,ipsec-049-14.pcap,train,synthetic_lab_ground_truth,26160,IKEv2,ESP,Transport,IPv4,AES-128-GCM,AEAD-GCM,PSK,Diffie-Hellman,DH24,False,True,86400,False,True,False,0x95A71C56,0x60C374BE,Web,TCP,IPv4,50,2025,819,42,777,0,627,177,0.4,513513,164612,348901,0.3206,2500.0,Medium,78,Medium,Medium,Perfect Forward Secrecy disabled,0.94,0.84,IKEv2|Transport|AES-128-GCM|DH24|False|IPv4|Web
IPSEC-049-15,ipsec-049-15.pcap,validation,synthetic_lab_ground_truth,26160,IKEv2,ESP,Transport,IPv4,AES-128-GCM,AEAD-GCM,PSK,Diffie-Hellman,DH24,False,True,86400,False,True,False,0x6D296718,0xC30A4EEB,Email,TCP,IPv4,50,713,965,14,951,2,355,136,1.35,342575,191048,151527,0.5577,740.741,Medium,78,Medium,Medium,Perfect Forward Secrecy disabled,0.932,0.706,IKEv2|Transport|AES-128-GCM|DH24|False|IPv4|Email
IPSEC-049-16,ipsec-049-16.pcap,validation,synthetic_lab_ground_truth,26160,IKEv2,ESP,Transport,IPv4,AES-128-GCM,AEAD-GCM,PSK,Diffie-Hellman,DH24,False,True,1800,False,True,False,0xD5139F2C,0x7DF90DC9,File-Transfer,TCP,IPv4,50,3251,1493,28,1465,1,952,179,0.46,1421336,772204,649132,0.5433,2173.913,Medium,78,Medium,Medium,Perfect Forward Secrecy disabled,0.883,0.826,IKEv2|Transport|AES-128-GCM|DH24|False|IPv4|File-Transfer
IPSEC-049-17,ipsec-049-17.pcap,validation,synthetic_lab_ground_truth,26160,IKEv2,ESP,Transport,IPv4,AES-128-GCM,AEAD-GCM,PSK,Diffie-Hellman,DH24,False,True,1800,False,True,False,0x82652731,0x25544B7B,VoIP,UDP,IPv4,50,3004,220,12,208,1,227,29,0.07,49940,17548,32392,0.3514,10000.0,Medium,78,Medium,Medium,Perfect Forward Secrecy disabled,0.93,0.763,IKEv2|Transport|AES-128-GCM|DH24|False|IPv4|VoIP
IPSEC-049-18,ipsec-049-18.pcap,test,synthetic_lab_ground_truth,26160,IKEv2,ESP,Transport,IPv4,AES-128-GCM,AEAD-GCM,PSK,Diffie-Hellman,DH24,False,True,28800,False,True,False,0x5B2779BE,0x8A820B41,ICMP,ICMP/ICMPv6,IPv4,50,256,105,28,77,1,88,14,0.41,9240,4209,5031,0.4556,2439.024,Medium,78,Medium,Medium,Perfect Forward Secrecy disabled,0.933,0.905,IKEv2|Transport|AES-128-GCM|DH24|False|IPv4|ICMP
IPSEC-049-19,ipsec-049-19.pcap,test,synthetic_lab_ground_truth,26160,IKEv2,ESP,Transport,IPv4,AES-128-GCM,AEAD-GCM,PSK,Diffie-Hellman,DH24,False,False,600,False,True,False,0xCE06138E,0xEFAEDE15,Video,TCP/QUIC,IPv4,50,5322,1144,29,1115,3,383,78,0.21,438152,175633,262519,0.4009,4761.905,Medium,53,High,Critical,Perfect Forward Secrecy disabled; Replay protection disabled,0.911,0.833,IKEv2|Transport|AES-128-GCM|DH24|False|IPv4|Video
IPSEC-049-20,ipsec-049-20.pcap,test,synthetic_lab_ground_truth,26160,IKEv2,ESP,Transport,IPv4,AES-128-GCM,AEAD-GCM,PSK,Diffie-Hellman,DH24,False,True,600,True,True,True,0xCE3006D4,0x78C9414C,Chat,TCP,IPv4,50,981,364,34,330,0,270,87,0.37,98280,44659,53621,0.4544,2702.703,Medium,78,Medium,Medium,Perfect Forward Secrecy disabled,0.945,0.7,IKEv2|Transport|AES-128-GCM|DH24|False|IPv4|Chat
IPSEC-050-01,ipsec-050-01.pcap,train,synthetic_lab_ground_truth,26160,IKEv2,ESP,Transport,IPv6,AES-256-CBC,HMAC-SHA256-128,PSK,Diffie-Hellman,DH20,True,True,3600,False,True,False,0xA551ADC6,0xC6B6A43D,Email,TCP,IPv6,50,561,749,17,732,0,536,144,1.34,401464,198530,202934,0.4945,746.269,Medium,94,Low,Informational,No major policy violations detected,0.91,0.677,IKEv2|Transport|AES-256-CBC|DH20|True|IPv6|Email
IPSEC-050-02,ipsec-050-02.pcap,train,synthetic_lab_ground_truth,26160,IKEv2,ESP,Transport,IPv6,AES-256-CBC,HMAC-SHA256-128,PSK,Diffie-Hellman,DH20,True,True,7200,False,True,False,0xDB6E89EF,0xEB517EA2,File-Transfer,TCP,IPv6,50,3415,1341,43,1298,0,959,242,0.39,1286019,646425,639594,0.5027,2564.103,Medium,94,Low,Informational,No major policy violations detected,0.905,0.815,IKEv2|Transport|AES-256-CBC|DH20|True|IPv6|File-Transfer
IPSEC-050-03,ipsec-050-03.pcap,train,synthetic_lab_ground_truth,26160,IKEv2,ESP,Transport,IPv6,AES-256-CBC,HMAC-SHA256-128,PSK,Diffie-Hellman,DH20,True,True,86400,False,True,False,0xAFACA29B,0xB51E7909,VoIP,UDP,IPv6,50,2550,208,10,198,0,200,29,0.08,41600,16750,24850,0.4027,10000.0,Medium,94,Low,Informational,No major policy violations detected,0.887,0.824,IKEv2|Transport|AES-256-CBC|DH20|True|IPv6|VoIP
IPSEC-050-04,ipsec-050-04.pcap,train,synthetic_lab_ground_truth,26160,IKEv2,ESP,Transport,IPv6,AES-256-CBC,HMAC-SHA256-128,PSK,Diffie-Hellman,DH20,True,False,86400,True,True,True,0xE865E40A,0x21168CEE,ICMP,ICMP/ICMPv6,IPv6,50,240,87,33,54,1,105,31,0.36,9135,4520,4615,0.4949,2777.778,Medium,69,High,Critical,Replay protection disabled,0.929,0.939,IKEv2|Transport|AES-256-CBC|DH20|True|IPv6|ICMP
IPSEC-050-05,ipsec-050-05.pcap,train,synthetic_lab_ground_truth,26160,IKEv2,ESP,Transport,IPv6,AES-256-CBC,HMAC-SHA256-128,PSK,Diffie-Hellman,DH20,True,True,1800,True,True,True,0x931331F1,0x2489B03D,Video,TCP/QUIC,IPv6,50,5159,1195,9,1186,1,411,94,0.23,491145,100520,390625,0.2047,4347.826,Medium,94,Low,Informational,No major policy violations detected,0.922,0.783,IKEv2|Transport|AES-256-CBC|DH20|True|IPv6|Video
IPSEC-050-06,ipsec-050-06.pcap,train,synthetic_lab_ground_truth,26160,IKEv2,ESP,Transport,IPv6,AES-256-CBC,HMAC-SHA256-128,PSK,Diffie-Hellman,DH20,True,True,28800,False,True,False,0x15D7DBC7,0x454F6C41,Chat,TCP,IPv6,50,1245,483,43,440,0,288,86,0.39,139104,71269,67835,0.5123,2564.103,Medium,94,Low,Informational,No major policy violations detected,0.897,0.686,IKEv2|Transport|AES-256-CBC|DH20|True|IPv6|Chat
IPSEC-050-07,ipsec-050-07.pcap,train,synthetic_lab_ground_truth,26160,IKEv2,ESP,Transport,IPv6,AES-256-CBC,HMAC-SHA256-128,PSK,Diffie-Hellman,DH20,True,True,14400,False,True,False,0x8F7963B5,0x125DF620,Web,TCP,IPv6,50,2161,910,40,870,1,535,155,0.42,486850,186949,299901,0.384,2380.952,Medium,94,Low,Informational,No major policy violations detected,0.878,0.781,IKEv2|Transport|AES-256-CBC|DH20|True|IPv6|Web
IPSEC-050-08,ipsec-050-08.pcap,train,synthetic_lab_ground_truth,26160,IKEv2,ESP,Transport,IPv6,AES-256-CBC,HMAC-SHA256-128,PSK,Diffie-Hellman,DH20,True,True,86400,True,True,True,0xD782AC49,0x5723C7F8,Email,TCP,IPv6,50,641,772,16,756,1,529,117,1.2,408388,195273,213115,0.4782,833.333,Medium,94,Low,Informational,No major policy violations detected,0.915,0.718,IKEv2|Transport|AES-256-CBC|DH20|True|IPv6|Email
IPSEC-050-09,ipsec-050-09.pcap,train,synthetic_lab_ground_truth,26160,IKEv2,ESP,Transport,IPv6,AES-256-CBC,HMAC-SHA256-128,PSK,Diffie-Hellman,DH20,True,True,3600,False,True,False,0x66BA4E68,0xAE8F1576,File-Transfer,TCP,IPv6,50,2598,929,14,915,0,960,137,0.36,891840,410508,481332,0.4603,2777.778,Medium,94,Low,Informational,No major policy violations detected,0.928,0.83,IKEv2|Transport|AES-256-CBC|DH20|True|IPv6|File-Transfer
IPSEC-050-10,ipsec-050-10.pcap,train,synthetic_lab_ground_truth,26160,IKEv2,ESP,Transport,IPv6,AES-256-CBC,HMAC-SHA256-128,PSK,Diffie-Hellman,DH20,True,True,14400,True,True,True,0x53BDC2B9,0x23BC2742,VoIP,UDP,IPv6,50,2890,257,38,219,1,217,37,0.09,55769,29439,26330,0.5279,10000.0,Medium,94,Low,Informational,No major policy violations detected,0.909,0.844,IKEv2|Transport|AES-256-CBC|DH20|True|IPv6|VoIP
IPSEC-050-11,ipsec-050-11.pcap,train,synthetic_lab_ground_truth,26160,IKEv2,ESP,Transport,IPv6,AES-256-CBC,HMAC-SHA256-128,PSK,Diffie-Hellman,DH20,True,True,14400,False,True,False,0x79801B41,0x83967100,ICMP,ICMP/ICMPv6,IPv6,50,182,83,27,56,2,103,28,0.46,8549,4491,4058,0.5254,2173.913,Medium,94,Low,Informational,No major policy violations detected,0.863,0.929,IKEv2|Transport|AES-256-CBC|DH20|True|IPv6|ICMP
IPSEC-050-12,ipsec-050-12.pcap,train,synthetic_lab_ground_truth,26160,IKEv2,ESP,Transport,IPv6,AES-256-CBC,HMAC-SHA256-128,PSK,Diffie-Hellman,DH20,True,True,28800,True,True,True,0x462BC8B4,0x1AB86FF7,Video,TCP/QUIC,IPv6,50,6506,1606,27,1579,1,553,104,0.25,888118,283726,604392,0.3195,4000.0,Medium,94,Low,Informational,No major policy violations detected,0.914,0.847,IKEv2|Transport|AES-256-CBC|DH20|True|IPv6|Video
IPSEC-050-13,ipsec-050-13.pcap,train,synthetic_lab_ground_truth,26160,IKEv2,ESP,Transport,IPv6,AES-256-CBC,HMAC-SHA256-128,PSK,Diffie-Hellman,DH20,True,True,7200,False,True,False,0x4F8A582E,0x409789A1,Chat,TCP,IPv6,50,1223,439,27,412,1,207,64,0.36,90873,39230,51643,0.4317,2777.778,Medium,94,Low,Informational,No major policy violations detected,0.939,0.695,IKEv2|Transport|AES-256-CBC|DH20|True|IPv6|Chat
IPSEC-050-14,ipsec-050-14.pcap,train,synthetic_lab_ground_truth,26160,IKEv2,ESP,Transport,IPv6,AES-256-CBC,HMAC-SHA256-128,PSK,Diffie-Hellman,DH20,True,True,7200,False,True,False,0x74BC07C6,0xADD021DF,Web,TCP,IPv6,50,1995,1012,38,974,0,568,162,0.51,574816,239108,335708,0.416,1960.784,Medium,94,Low,Informational,No major policy violations detected,0.859,0.759,IKEv2|Transport|AES-256-CBC|DH20|True|IPv6|Web
IPSEC-050-15,ipsec-050-15.pcap,validation,synthetic_lab_ground_truth,26160,IKEv2,ESP,Transport,IPv6,AES-256-CBC,HMAC-SHA256-128,PSK,Diffie-Hellman,DH20,True,True,28800,False,True,False,0xD2A1F154,0xE6FAB031,Email,TCP,IPv6,50,623,750,11,739,0,474,102,1.2,355500,158421,197079,0.4456,833.333,Medium,94,Low,Informational,No major policy violations detected,0.88,0.703,IKEv2|Transport|AES-256-CBC|DH20|True|IPv6|Email
IPSEC-050-16,ipsec-050-16.pcap,validation,synthetic_lab_ground_truth,26160,IKEv2,ESP,Transport,IPv6,AES-256-CBC,HMAC-SHA256-128,PSK,Diffie-Hellman,DH20,True,True,7200,True,True,True,0xC8211AB8,0x7A443467,File-Transfer,TCP,IPv6,50,3412,1399,25,1374,3,770,109,0.41,1077230,511863,565367,0.4752,2439.024,Medium,94,Low,Informational,No major policy violations detected,0.888,0.85,IKEv2|Transport|AES-256-CBC|DH20|True|IPv6|File-Transfer
IPSEC-050-17,ipsec-050-17.pcap,validation,synthetic_lab_ground_truth,26160,IKEv2,ESP,Transport,IPv6,AES-256-CBC,HMAC-SHA256-128,PSK,Diffie-Hellman,DH20,True,True,600,True,True,True,0xDAEF84DA,0x8F89F36F,VoIP,UDP,IPv6,50,2324,178,11,167,0,197,65,0.08,35066,20002,15064,0.5704,10000.0,Medium,94,Low,Informational,No major policy violations detected,0.87,0.788,IKEv2|Transport|AES-256-CBC|DH20|True|IPv6|VoIP
IPSEC-050-18,ipsec-050-18.pcap,test,synthetic_lab_ground_truth,26160,IKEv2,ESP,Transport,IPv6,AES-256-CBC,HMAC-SHA256-128,PSK,Diffie-Hellman,DH20,True,True,3600,False,True,False,0x6430D5FE,0xCBE4F575,ICMP,ICMP/ICMPv6,IPv6,50,242,102,8,94,0,111,27,0.42,11322,6068,5254,0.536,2380.952,Medium,94,Low,Informational,No major policy violations detected,0.907,0.89,IKEv2|Transport|AES-256-CBC|DH20|True|IPv6|ICMP
IPSEC-050-19,ipsec-050-19.pcap,test,synthetic_lab_ground_truth,26160,IKEv2,ESP,Transport,IPv6,AES-256-CBC,HMAC-SHA256-128,PSK,Diffie-Hellman,DH20,True,True,3600,False,True,False,0x6726E6E7,0xFBF8DB5A,Video,TCP/QUIC,IPv6,50,6519,1769,21,1748,1,532,113,0.27,941108,225686,715422,0.2398,3703.704,Medium,94,Low,Informational,No major policy violations detected,0.894,0.873,IKEv2|Transport|AES-256-CBC|DH20|True|IPv6|Video
IPSEC-050-20,ipsec-050-20.pcap,test,synthetic_lab_ground_truth,26160,IKEv2,ESP,Transport,IPv6,AES-256-CBC,HMAC-SHA256-128,PSK,Diffie-Hellman,DH20,True,True,14400,False,True,False,0xC1F507E1,0x4CB23B2B,Chat,TCP,IPv6,50,1259,470,21,449,1,260,60,0.37,122200,61120,61080,0.5002,2702.703,Medium,94,Low,Informational,No major policy violations detected,0.923,0.693,IKEv2|Transport|AES-256-CBC|DH20|True|IPv6|Chat
IPSEC-051-01,ipsec-051-01.pcap,train,synthetic_lab_ground_truth,26160,IKEv1,ESP,Transport,IPv4,AES-256-CBC,HMAC-SHA256-128,RSA-Signature,Diffie-Hellman,DH19,True,True,7200,False,True,False,0x675FB0B1,0x70D908E9,Email,TCP,IPv4,50,495,587,15,572,1,481,153,1.19,282347,150485,131862,0.533,840.336,Medium,81,Medium,High,Legacy IKE version detected,0.748,0.7,IKEv1|Transport|AES-256-CBC|DH19|True|IPv4|Email
IPSEC-051-02,ipsec-051-02.pcap,train,synthetic_lab_ground_truth,26160,IKEv1,ESP,Transport,IPv4,AES-256-CBC,HMAC-SHA256-128,RSA-Signature,Diffie-Hellman,DH19,True,True,1800,True,True,True,0x234142A7,0x94C54DB0,File-Transfer,TCP,IPv4,50,3585,1630,12,1618,0,957,269,0.45,1559910,774279,785631,0.4964,2222.222,Medium,81,Medium,High,Legacy IKE version detected,0.758,0.792,IKEv1|Transport|AES-256-CBC|DH19|True|IPv4|File-Transfer
IPSEC-051-03,ipsec-051-03.pcap,train,synthetic_lab_ground_truth,26160,IKEv1,ESP,Transport,IPv4,AES-256-CBC,HMAC-SHA256-128,RSA-Signature,Diffie-Hellman,DH19,True,True,3600,True,True,True,0x82BBAA3F,0x5226A1D9,VoIP,UDP,IPv4,50,1874,165,10,155,0,210,74,0.09,34650,16901,17749,0.4878,10000.0,Medium,81,Medium,High,Legacy IKE version detected,0.812,0.737,IKEv1|Transport|AES-256-CBC|DH19|True|IPv4|VoIP
IPSEC-051-04,ipsec-051-04.pcap,train,synthetic_lab_ground_truth,26160,IKEv1,ESP,Transport,IPv4,AES-256-CBC,HMAC-SHA256-128,RSA-Signature,Diffie-Hellman,DH19,True,True,14400,False,True,False,0xB6C6831A,0x9E8C71D4,ICMP,ICMP/ICMPv6,IPv4,50,238,102,31,71,3,87,26,0.43,8874,3641,5233,0.4104,2325.581,Medium,81,Medium,High,Legacy IKE version detected,0.8,0.9,IKEv1|Transport|AES-256-CBC|DH19|True|IPv4|ICMP
IPSEC-051-05,ipsec-051-05.pcap,train,synthetic_lab_ground_truth,26160,IKEv1,ESP,Transport,IPv4,AES-256-CBC,HMAC-SHA256-128,RSA-Signature,Diffie-Hellman,DH19,True,True,86400,False,True,False,0x6EA1288A,0x55F44719,Video,TCP/QUIC,IPv4,50,4515,1321,21,1300,1,431,110,0.29,569351,202086,367265,0.3549,3448.276,Medium,81,Medium,High,Legacy IKE version detected,0.755,0.843,IKEv1|Transport|AES-256-CBC|DH19|True|IPv4|Video
IPSEC-051-06,ipsec-051-06.pcap,train,synthetic_lab_ground_truth,26160,IKEv1,ESP,Transport,IPv4,AES-256-CBC,HMAC-SHA256-128,RSA-Signature,Diffie-Hellman,DH19,True,True,3600,False,True,False,0x1DA29D0D,0x7200C69A,Chat,TCP,IPv4,50,1326,458,21,437,1,308,91,0.35,141064,61049,80015,0.4328,2857.143,Medium,81,Medium,High,Legacy IKE version detected,0.731,0.736,IKEv1|Transport|AES-256-CBC|DH19|True|IPv4|Chat
IPSEC-051-07,ipsec-051-07.pcap,train,synthetic_lab_ground_truth,26160,IKEv1,ESP,Transport,IPv4,AES-256-CBC,HMAC-SHA256-128,RSA-Signature,Diffie-Hellman,DH19,True,True,7200,True,True,True,0xCC23BC95,0x34A20444,Web,TCP,IPv4,50,1765,741,20,721,2,519,158,0.42,384579,129449,255130,0.3366,2380.952,Medium,81,Medium,High,Legacy IKE version detected,0.801,0.825,IKEv1|Transport|AES-256-CBC|DH19|True|IPv4|Web
IPSEC-051-08,ipsec-051-08.pcap,train,synthetic_lab_ground_truth,26160,IKEv1,ESP,Transport,IPv4,AES-256-CBC,HMAC-SHA256-128,RSA-Signature,Diffie-Hellman,DH19,True,True,28800,True,True,True,0x54D12538,0xBBF332DE,Email,TCP,IPv4,50,469,560,10,550,0,533,141,1.19,298480,162752,135728,0.5453,840.336,Medium,81,Medium,High,Legacy IKE version detected,0.743,0.725,IKEv1|Transport|AES-256-CBC|DH19|True|IPv4|Email
IPSEC-051-09,ipsec-051-09.pcap,train,synthetic_lab_ground_truth,26160,IKEv1,ESP,Transport,IPv4,AES-256-CBC,HMAC-SHA256-128,RSA-Signature,Diffie-Hellman,DH19,True,True,3600,False,True,False,0x881DB48C,0x2CDDAD20,File-Transfer,TCP,IPv4,50,3612,1688,19,1669,0,967,170,0.47,1632296,614372,1017924,0.3764,2127.66,Medium,81,Medium,High,Legacy IKE version detected,0.773,0.843,IKEv1|Transport|AES-256-CBC|DH19|True|IPv4|File-Transfer
IPSEC-051-10,ipsec-051-10.pcap,train,synthetic_lab_ground_truth,26160,IKEv1,ESP,Transport,IPv4,AES-256-CBC,HMAC-SHA256-128,RSA-Signature,Diffie-Hellman,DH19,True,True,1800,True,True,True,0x15A43A37,0x8AAF261D,VoIP,UDP,IPv4,50,2714,206,9,197,0,211,60,0.08,43466,23112,20354,0.5317,10000.0,Medium,81,Medium,High,Legacy IKE version detected,0.765,0.777,IKEv1|Transport|AES-256-CBC|DH19|True|IPv4|VoIP
IPSEC-051-11,ipsec-051-11.pcap,train,synthetic_lab_ground_truth,26160,IKEv1,ESP,Transport,IPv4,AES-256-CBC,HMAC-SHA256-128,RSA-Signature,Diffie-Hellman,DH19,True,True,7200,True,True,True,0xF3497187,0xE21BB362,ICMP,ICMP/ICMPv6,IPv4,50,183,75,26,49,3,109,29,0.41,8175,5079,3096,0.6214,2439.024,Medium,81,Medium,High,Legacy IKE version detected,0.783,0.965,IKEv1|Transport|AES-256-CBC|DH19|True|IPv4|ICMP
IPSEC-051-12,ipsec-051-12.pcap,train,synthetic_lab_ground_truth,26160,IKEv1,ESP,Transport,IPv4,AES-256-CBC,HMAC-SHA256-128,RSA-Signature,Diffie-Hellman,DH19,True,True,86400,False,True,False,0xF97E8CAC,0xF78177D0,Video,TCP/QUIC,IPv4,50,4202,1097,25,1072,0,493,132,0.26,540821,206168,334653,0.3812,3846.154,Medium,81,Medium,High,Legacy IKE version detected,0.788,0.84,IKEv1|Transport|AES-256-CBC|DH19|True|IPv4|Video
IPSEC-051-13,ipsec-051-13.pcap,train,synthetic_lab_ground_truth,26160,IKEv1,ESP,Transport,IPv4,AES-256-CBC,HMAC-SHA256-128,RSA-Signature,Diffie-Hellman,DH19,True,True,28800,False,True,False,0x4A5A005E,0xD04D197E,Chat,TCP,IPv4,50,1154,414,30,384,0,226,93,0.36,93564,52585,40979,0.562,2777.778,Medium,81,Medium,High,Legacy IKE version detected,0.78,0.717,IKEv1|Transport|AES-256-CBC|DH19|True|IPv4|Chat
IPSEC-051-14,ipsec-051-14.pcap,train,synthetic_lab_ground_truth,26160,IKEv1,ESP,Transport,IPv4,AES-256-CBC,HMAC-SHA256-128,RSA-Signature,Diffie-Hellman,DH19,True,True,1800,False,True,False,0x2A95A331,0xC7B94F53,Web,TCP,IPv4,50,1829,898,30,868,2,648,219,0.49,581904,249774,332130,0.4292,2040.816,Medium,81,Medium,High,Legacy IKE version detected,0.821,0.832,IKEv1|Transport|AES-256-CBC|DH19|True|IPv4|Web
IPSEC-051-15,ipsec-051-15.pcap,validation,synthetic_lab_ground_truth,26160,IKEv1,ESP,Transport,IPv4,AES-256-CBC,HMAC-SHA256-128,RSA-Signature,Diffie-Hellman,DH19,True,True,28800,False,True,False,0x1AA5F734,0x473D4C47,Email,TCP,IPv4,50,573,825,36,789,1,496,98,1.44,409200,195614,213586,0.478,694.444,Medium,81,Medium,High,Legacy IKE version detected,0.786,0.773,IKEv1|Transport|AES-256-CBC|DH19|True|IPv4|Email
IPSEC-051-16,ipsec-051-16.pcap,validation,synthetic_lab_ground_truth,26160,IKEv1,ESP,Transport,IPv4,AES-256-CBC,HMAC-SHA256-128,RSA-Signature,Diffie-Hellman,DH19,True,False,600,True,True,True,0x23C97171,0x84B47028,File-Transfer,TCP,IPv4,50,3819,1493,33,1460,5,892,167,0.39,1331756,539429,792327,0.4051,2564.103,Medium,56,High,Critical,Legacy IKE version detected; Replay protection disabled,0.747,0.842,IKEv1|Transport|AES-256-CBC|DH19|True|IPv4|File-Transfer
IPSEC-051-17,ipsec-051-17.pcap,validation,synthetic_lab_ground_truth,26160,IKEv1,ESP,Transport,IPv4,AES-256-CBC,HMAC-SHA256-128,RSA-Signature,Diffie-Hellman,DH19,True,False,86400,True,True,True,0x605548F5,0xEEE8E207,VoIP,UDP,IPv4,50,2343,212,39,173,2,279,67,0.09,59148,39095,20053,0.661,10000.0,Medium,56,High,Critical,Legacy IKE version detected; Replay protection disabled,0.743,0.795,IKEv1|Transport|AES-256-CBC|DH19|True|IPv4|VoIP
IPSEC-051-18,ipsec-051-18.pcap,test,synthetic_lab_ground_truth,26160,IKEv1,ESP,Transport,IPv4,AES-256-CBC,HMAC-SHA256-128,RSA-Signature,Diffie-Hellman,DH19,True,True,86400,False,True,False,0x2C128617,0x91913DFC,ICMP,ICMP/ICMPv6,IPv4,50,262,113,8,105,0,97,23,0.43,10961,6115,4846,0.558,2325.581,Medium,81,Medium,High,Legacy IKE version detected,0.765,0.98,IKEv1|Transport|AES-256-CBC|DH19|True|IPv4|ICMP
IPSEC-051-19,ipsec-051-19.pcap,test,synthetic_lab_ground_truth,26160,IKEv1,ESP,Transport,IPv4,AES-256-CBC,HMAC-SHA256-128,RSA-Signature,Diffie-Hellman,DH19,True,True,1800,True,True,True,0xA9C9A948,0xCAED7953,Video,TCP/QUIC,IPv4,50,5484,1579,20,1559,3,539,140,0.29,851081,251964,599117,0.2961,3448.276,Medium,81,Medium,High,Legacy IKE version detected,0.779,0.885,IKEv1|Transport|AES-256-CBC|DH19|True|IPv4|Video
IPSEC-051-20,ipsec-051-20.pcap,test,synthetic_lab_ground_truth,26160,IKEv1,ESP,Transport,IPv4,AES-256-CBC,HMAC-SHA256-128,RSA-Signature,Diffie-Hellman,DH19,True,True,7200,True,True,True,0x15423768,0x18451535,Chat,TCP,IPv4,50,931,320,19,301,1,295,88,0.34,94400,43781,50619,0.4638,2941.176,Medium,81,Medium,High,Legacy IKE version detected,0.773,0.674,IKEv1|Transport|AES-256-CBC|DH19|True|IPv4|Chat
IPSEC-052-01,ipsec-052-01.pcap,train,synthetic_lab_ground_truth,26160,IKEv2,ESP,Transport,IPv6,AES-128-CBC,HMAC-SHA1-96,RSA-Signature,Diffie-Hellman,DH19,True,False,300,False,True,False,0x71985DA4,0x7B88CF00,Email,TCP,IPv6,50,748,828,26,802,2,375,49,1.11,310500,148118,162382,0.477,900.901,Medium,49,Critical,Critical,Legacy integrity algorithm: HMAC-SHA1-96; Replay protection disabled,0.923,0.78,IKEv2|Transport|AES-128-CBC|DH19|True|IPv6|Email
IPSEC-052-02,ipsec-052-02.pcap,train,synthetic_lab_ground_truth,26160,IKEv2,ESP,Transport,IPv6,AES-128-CBC,HMAC-SHA1-96,RSA-Signature,Diffie-Hellman,DH19,True,False,14400,False,True,False,0x702B7883,0xC7B99A44,File-Transfer,TCP,IPv6,50,2981,1058,34,1024,0,881,261,0.35,932098,419290,512808,0.4498,2857.143,Medium,49,Critical,Critical,Legacy integrity algorithm: HMAC-SHA1-96; Replay protection disabled,0.915,0.806,IKEv2|Transport|AES-128-CBC|DH19|True|IPv6|File-Transfer
IPSEC-052-03,ipsec-052-03.pcap,train,synthetic_lab_ground_truth,26160,IKEv2,ESP,Transport,IPv6,AES-128-CBC,HMAC-SHA1-96,RSA-Signature,Diffie-Hellman,DH19,True,True,7200,True,True,True,0x89CA82B3,0xB1416AE0,VoIP,UDP,IPv6,50,1295,124,38,86,0,201,40,0.1,24924,8895,16029,0.3569,10000.0,Medium,74,Medium,High,Legacy integrity algorithm: HMAC-SHA1-96,0.89,0.795,IKEv2|Transport|AES-128-CBC|DH19|True|IPv6|VoIP
IPSEC-052-04,ipsec-052-04.pcap,train,synthetic_lab_ground_truth,26160,IKEv2,ESP,Transport,IPv6,AES-128-CBC,HMAC-SHA1-96,RSA-Signature,Diffie-Hellman,DH19,True,True,3600,True,True,True,0x9D8C7558,0x5C1BC772,ICMP,ICMP/ICMPv6,IPv6,50,248,93,41,52,1,91,22,0.38,8463,5009,3454,0.592,2631.579,Medium,74,Medium,High,Legacy integrity algorithm: HMAC-SHA1-96,0.933,0.901,IKEv2|Transport|AES-128-CBC|DH19|True|IPv6|ICMP
IPSEC-052-05,ipsec-052-05.pcap,train,synthetic_lab_ground_truth,26160,IKEv2,ESP,Transport,IPv6,AES-128-CBC,HMAC-SHA1-96,RSA-Signature,Diffie-Hellman,DH19,True,True,7200,False,True,False,0x3C133B87,0xE3557D46,Video,TCP/QUIC,IPv6,50,4177,890,30,860,1,524,68,0.21,466360,185303,281057,0.3973,4761.905,Medium,74,Medium,High,Legacy integrity algorithm: HMAC-SHA1-96,0.95,0.8,IKEv2|Transport|AES-128-CBC|DH19|True|IPv6|Video
IPSEC-052-06,ipsec-052-06.pcap,train,synthetic_lab_ground_truth,26160,IKEv2,ESP,Transport,IPv6,AES-128-CBC,HMAC-SHA1-96,RSA-Signature,Diffie-Hellman,DH19,True,True,7200,True,True,True,0x220BABA5,0xBD413656,Chat,TCP,IPv6,50,1405,499,16,483,1,273,64,0.36,136227,71217,65010,0.5228,2777.778,Medium,74,Medium,High,Legacy integrity algorithm: HMAC-SHA1-96,0.872,0.722,IKEv2|Transport|AES-128-CBC|DH19|True|IPv6|Chat
IPSEC-052-07,ipsec-052-07.pcap,train,synthetic_lab_ground_truth,26160,IKEv2,ESP,Transport,IPv6,AES-128-CBC,HMAC-SHA1-96,RSA-Signature,Diffie-Hellman,DH19,True,True,7200,False,True,False,0x8596C447,0xB23E40E6,Web,TCP,IPv6,50,1760,779,31,748,0,527,161,0.44,410533,137506,273027,0.3349,2272.727,Medium,74,Medium,High,Legacy integrity algorithm: HMAC-SHA1-96,0.914,0.783,IKEv2|Transport|AES-128-CBC|DH19|True|IPv6|Web
IPSEC-052-08,ipsec-052-08.pcap,train,synthetic_lab_ground_truth,26160,IKEv2,ESP,Transport,IPv6,AES-128-CBC,HMAC-SHA1-96,RSA-Signature,Diffie-Hellman,DH19,True,True,28800,False,True,False,0xCF02071B,0xC1F0F6C4,Email,TCP,IPv6,50,522,646,17,629,3,414,60,1.24,267444,127442,140002,0.4765,806.452,Medium,74,Medium,High,Legacy integrity algorithm: HMAC-SHA1-96,0.877,0.803,IKEv2|Transport|AES-128-CBC|DH19|True|IPv6|Email
IPSEC-052-09,ipsec-052-09.pcap,train,synthetic_lab_ground_truth,26160,IKEv2,ESP,Transport,IPv6,AES-128-CBC,HMAC-SHA1-96,RSA-Signature,Diffie-Hellman,DH19,True,True,86400,False,True,False,0xE087706D,0xF0977C17,File-Transfer,TCP,IPv6,50,3583,1373,10,1363,1,777,203,0.38,1066821,328677,738144,0.3081,2631.579,Medium,74,Medium,High,Legacy integrity algorithm: HMAC-SHA1-96,0.922,0.822,IKEv2|Transport|AES-128-CBC|DH19|True|IPv6|File-Transfer
IPSEC-052-10,ipsec-052-10.pcap,train,synthetic_lab_ground_truth,26160,IKEv2,ESP,Transport,IPv6,AES-128-CBC,HMAC-SHA1-96,RSA-Signature,Diffie-Hellman,DH19,True,True,86400,False,True,False,0xEF735CF0,0xD173A0D6,VoIP,UDP,IPv6,50,3824,292,40,252,0,231,38,0.08,67452,26746,40706,0.3965,10000.0,Medium,74,Medium,High,Legacy integrity algorithm: HMAC-SHA1-96,0.888,0.879,IKEv2|Transport|AES-128-CBC|DH19|True|IPv6|VoIP
IPSEC-052-11,ipsec-052-11.pcap,train,synthetic_lab_ground_truth,26160,IKEv2,ESP,Transport,IPv6,AES-128-CBC,HMAC-SHA1-96,RSA-Signature,Diffie-Hellman,DH19,True,True,7200,False,True,False,0x837C0CD7,0x9190AC29,ICMP,ICMP/ICMPv6,IPv6,50,232,84,19,65,1,125,30,0.36,10500,5374,5126,0.5118,2777.778,Medium,74,Medium,High,Legacy integrity algorithm: HMAC-SHA1-96,0.87,0.904,IKEv2|Transport|AES-128-CBC|DH19|True|IPv6|ICMP
IPSEC-052-12,ipsec-052-12.pcap,train,synthetic_lab_ground_truth,26160,IKEv2,ESP,Transport,IPv6,AES-128-CBC,HMAC-SHA1-96,RSA-Signature,Diffie-Hellman,DH19,True,True,3600,False,True,False,0x183E0935,0xF89EB4E5,Video,TCP/QUIC,IPv6,50,5373,1276,19,1257,0,338,82,0.24,431288,155434,275854,0.3604,4166.667,Medium,74,Medium,High,Legacy integrity algorithm: HMAC-SHA1-96,0.923,0.823,IKEv2|Transport|AES-128-CBC|DH19|True|IPv6|Video
IPSEC-052-13,ipsec-052-13.pcap,train,synthetic_lab_ground_truth,26160,IKEv2,ESP,Transport,IPv6,AES-128-CBC,HMAC-SHA1-96,RSA-Signature,Diffie-Hellman,DH19,True,True,3600,True,True,True,0xD0367556,0x879CD7E3,Chat,TCP,IPv6,50,1290,483,11,472,0,289,85,0.37,139587,68615,70972,0.4916,2702.703,Medium,74,Medium,High,Legacy integrity algorithm: HMAC-SHA1-96,0.851,0.738,IKEv2|Transport|AES-128-CBC|DH19|True|IPv6|Chat
IPSEC-052-14,ipsec-052-14.pcap,train,synthetic_lab_ground_truth,26160,IKEv2,ESP,Transport,IPv6,AES-128-CBC,HMAC-SHA1-96,RSA-Signature,Diffie-Hellman,DH19,True,True,28800,False,True,False,0x89F612F4,0xB416685A,Web,TCP,IPv6,50,1997,880,16,864,0,602,109,0.44,529760,246154,283606,0.4647,2272.727,Medium,74,Medium,High,Legacy integrity algorithm: HMAC-SHA1-96,0.904,0.724,IKEv2|Transport|AES-128-CBC|DH19|True|IPv6|Web
IPSEC-052-15,ipsec-052-15.pcap,validation,synthetic_lab_ground_truth,26160,IKEv2,ESP,Transport,IPv6,AES-128-CBC,HMAC-SHA1-96,RSA-Signature,Diffie-Hellman,DH19,True,True,28800,False,True,False,0xF33FB932,0x9E08EB7C,Email,TCP,IPv6,50,688,787,27,760,0,462,65,1.14,363594,179991,183603,0.495,877.193,Medium,74,Medium,High,Legacy integrity algorithm: HMAC-SHA1-96,0.878,0.745,IKEv2|Transport|AES-128-CBC|DH19|True|IPv6|Email
IPSEC-052-16,ipsec-052-16.pcap,validation,synthetic_lab_ground_truth,26160,IKEv2,ESP,Transport,IPv6,AES-128-CBC,HMAC-SHA1-96,RSA-Signature,Diffie-Hellman,DH19,True,False,600,False,True,False,0xCA5B7D63,0x86C0DD5A,File-Transfer,TCP,IPv6,50,2959,1465,38,1427,1,836,231,0.5,1224740,728513,496227,0.5948,2000.0,Medium,49,Critical,Critical,Legacy integrity algorithm: HMAC-SHA1-96; Replay protection disabled,0.909,0.791,IKEv2|Transport|AES-128-CBC|DH19|True|IPv6|File-Transfer
IPSEC-052-17,ipsec-052-17.pcap,validation,synthetic_lab_ground_truth,26160,IKEv2,ESP,Transport,IPv6,AES-128-CBC,HMAC-SHA1-96,RSA-Signature,Diffie-Hellman,DH19,True,True,3600,True,True,True,0xF055156D,0x4FC804D1,VoIP,UDP,IPv6,50,3014,228,20,208,1,204,51,0.08,46512,26642,19870,0.5728,10000.0,Medium,74,Medium,High,Legacy integrity algorithm: HMAC-SHA1-96,0.884,0.789,IKEv2|Transport|AES-128-CBC|DH19|True|IPv6|VoIP
IPSEC-052-18,ipsec-052-18.pcap,test,synthetic_lab_ground_truth,26160,IKEv2,ESP,Transport,IPv6,AES-128-CBC,HMAC-SHA1-96,RSA-Signature,Diffie-Hellman,DH19,True,True,300,True,True,True,0x50C702D8,0xE045993A,ICMP,ICMP/ICMPv6,IPv6,50,201,85,12,73,0,83,12,0.42,7055,2951,4104,0.4184,2380.952,Medium,74,Medium,High,Legacy integrity algorithm: HMAC-SHA1-96,0.846,0.94,IKEv2|Transport|AES-128-CBC|DH19|True|IPv6|ICMP
IPSEC-052-19,ipsec-052-19.pcap,test,synthetic_lab_ground_truth,26160,IKEv2,ESP,Transport,IPv6,AES-128-CBC,HMAC-SHA1-96,RSA-Signature,Diffie-Hellman,DH19,True,True,3600,False,True,False,0x7BBED63A,0x7B757093,Video,TCP/QUIC,IPv6,50,5348,1403,21,1382,0,511,133,0.26,716933,195343,521590,0.2725,3846.154,Medium,74,Medium,High,Legacy integrity algorithm: HMAC-SHA1-96,0.873,0.879,IKEv2|Transport|AES-128-CBC|DH19|True|IPv6|Video
IPSEC-052-20,ipsec-052-20.pcap,test,synthetic_lab_ground_truth,26160,IKEv2,ESP,Transport,IPv6,AES-128-CBC,HMAC-SHA1-96,RSA-Signature,Diffie-Hellman,DH19,True,True,3600,True,True,True,0x3E856C9A,0xDAA38C0D,Chat,TCP,IPv6,50,1070,410,21,389,1,288,78,0.38,118080,58465,59615,0.4951,2631.579,Medium,74,Medium,High,Legacy integrity algorithm: HMAC-SHA1-96,0.899,0.829,IKEv2|Transport|AES-128-CBC|DH19|True|IPv6|Chat
IPSEC-053-01,ipsec-053-01.pcap,train,synthetic_lab_ground_truth,26160,IKEv2,ESP,Transport,IPv6,AES-256-CBC,HMAC-SHA256-128,PSK,Diffie-Hellman,DH24,False,True,14400,False,True,False,0x63862DD0,0x9D7A8FEC,Email,TCP,IPv6,50,737,992,24,968,0,456,151,1.35,452352,191674,260678,0.4237,740.741,Medium,74,Medium,Medium,Perfect Forward Secrecy disabled,0.891,0.69,IKEv2|Transport|AES-256-CBC|DH24|False|IPv6|Email
IPSEC-053-02,ipsec-053-02.pcap,train,synthetic_lab_ground_truth,26160,IKEv2,ESP,Transport,IPv6,AES-256-CBC,HMAC-SHA256-128,PSK,Diffie-Hellman,DH24,False,True,3600,False,True,False,0x7DD5AFFF,0xEB89C586,File-Transfer,TCP,IPv6,50,3180,1285,37,1248,1,709,147,0.4,911065,571350,339715,0.6271,2500.0,Medium,74,Medium,Medium,Perfect Forward Secrecy disabled,0.916,0.767,IKEv2|Transport|AES-256-CBC|DH24|False|IPv6|File-Transfer
IPSEC-053-03,ipsec-053-03.pcap,train,synthetic_lab_ground_truth,26160,IKEv2,ESP,Transport,IPv6,AES-256-CBC,HMAC-SHA256-128,PSK,Diffie-Hellman,DH24,False,True,14400,False,True,False,0x36456EBF,0xB27D0C70,VoIP,UDP,IPv6,50,1816,151,9,142,1,236,49,0.08,35636,21485,14151,0.6029,10000.0,Medium,74,Medium,Medium,Perfect Forward Secrecy disabled,0.872,0.782,IKEv2|Transport|AES-256-CBC|DH24|False|IPv6|VoIP
IPSEC-053-04,ipsec-053-04.pcap,train,synthetic_lab_ground_truth,26160,IKEv2,ESP,Transport,IPv6,AES-256-CBC,HMAC-SHA256-128,PSK,Diffie-Hellman,DH24,False,True,14400,True,True,True,0x99A45A2D,0x8AAE16C3,ICMP,ICMP/ICMPv6,IPv6,50,180,69,24,45,0,105,32,0.38,7245,3668,3577,0.5063,2631.579,Medium,74,Medium,Medium,Perfect Forward Secrecy disabled,0.928,0.941,IKEv2|Transport|AES-256-CBC|DH24|False|IPv6|ICMP
IPSEC-053-05,ipsec-053-05.pcap,train,synthetic_lab_ground_truth,26160,IKEv2,ESP,Transport,IPv6,AES-256-CBC,HMAC-SHA256-128,PSK,Diffie-Hellman,DH24,False,True,28800,True,True,True,0x649D8BAD,0x8D54C813,Video,TCP/QUIC,IPv6,50,5318,1575,32,1543,0,461,139,0.3,726075,236936,489139,0.3263,3333.333,Medium,74,Medium,Medium,Perfect Forward Secrecy disabled,0.88,0.84,IKEv2|Transport|AES-256-CBC|DH24|False|IPv6|Video
IPSEC-053-06,ipsec-053-06.pcap,train,synthetic_lab_ground_truth,26160,IKEv2,ESP,Transport,IPv6,AES-256-CBC,HMAC-SHA256-128,PSK,Diffie-Hellman,DH24,False,True,3600,True,True,True,0x78AE5F89,0x2E62BE8D,Chat,TCP,IPv6,50,1124,396,17,379,2,262,80,0.35,103752,43690,60062,0.4211,2857.143,Medium,74,Medium,Medium,Perfect Forward Secrecy disabled,0.875,0.75,IKEv2|Transport|AES-256-CBC|DH24|False|IPv6|Chat
IPSEC-053-07,ipsec-053-07.pcap,train,synthetic_lab_ground_truth,26160,IKEv2,ESP,Transport,IPv6,AES-256-CBC,HMAC-SHA256-128,PSK,Diffie-Hellman,DH24,False,True,3600,True,True,True,0x62249867,0xC39F5525,Web,TCP,IPv6,50,2075,999,37,962,1,600,120,0.48,599400,197956,401444,0.3303,2083.333,Medium,74,Medium,Medium,Perfect Forward Secrecy disabled,0.889,0.755,IKEv2|Transport|AES-256-CBC|DH24|False|IPv6|Web
IPSEC-053-08,ipsec-053-08.pcap,train,synthetic_lab_ground_truth,26160,IKEv2,ESP,Transport,IPv6,AES-256-CBC,HMAC-SHA256-128,PSK,Diffie-Hellman,DH24,False,True,14400,False,True,False,0xB57CE374,0x3B6B7E86,Email,TCP,IPv6,50,661,938,12,926,2,429,70,1.42,402402,202071,200331,0.5022,704.225,Medium,74,Medium,Medium,Perfect Forward Secrecy disabled,0.904,0.797,IKEv2|Transport|AES-256-CBC|DH24|False|IPv6|Email
IPSEC-053-09,ipsec-053-09.pcap,train,synthetic_lab_ground_truth,26160,IKEv2,ESP,Transport,IPv6,AES-256-CBC,HMAC-SHA256-128,PSK,Diffie-Hellman,DH24,False,True,300,False,True,False,0x7E4BEBC8,0xE5A7D94F,File-Transfer,TCP,IPv6,50,2455,1112,11,1101,0,910,188,0.45,1011920,433370,578550,0.4283,2222.222,Medium,74,Medium,Medium,Perfect Forward Secrecy disabled,0.943,0.83,IKEv2|Transport|AES-256-CBC|DH24|False|IPv6|File-Transfer
IPSEC-053-10,ipsec-053-10.pcap,train,synthetic_lab_ground_truth,26160,IKEv2,ESP,Transport,IPv6,AES-256-CBC,HMAC-SHA256-128,PSK,Diffie-Hellman,DH24,False,True,14400,False,True,False,0x342CB411,0xEEBC5116,VoIP,UDP,IPv6,50,2881,241,12,229,1,245,58,0.08,59045,18993,40052,0.3217,10000.0,Medium,74,Medium,Medium,Perfect Forward Secrecy disabled,0.899,0.851,IKEv2|Transport|AES-256-CBC|DH24|False|IPv6|VoIP
IPSEC-053-11,ipsec-053-11.pcap,train,synthetic_lab_ground_truth,26160,IKEv2,ESP,Transport,IPv6,AES-256-CBC,HMAC-SHA256-128,PSK,Diffie-Hellman,DH24,False,True,7200,False,True,False,0x5D82096D,0x649BADAB,ICMP,ICMP/ICMPv6,IPv6,50,247,98,12,86,1,91,24,0.4,8918,4170,4748,0.4676,2500.0,Medium,74,Medium,Medium,Perfect Forward Secrecy disabled,0.894,0.913,IKEv2|Transport|AES-256-CBC|DH24|False|IPv6|ICMP
IPSEC-053-12,ipsec-053-12.pcap,train,synthetic_lab_ground_truth,26160,IKEv2,ESP,Transport,IPv6,AES-256-CBC,HMAC-SHA256-128,PSK,Diffie-Hellman,DH24,False,True,3600,False,True,False,0x601A2C41,0x3AB26435,Video,TCP/QUIC,IPv6,50,4201,1207,19,1188,0,523,142,0.29,631261,148180,483081,0.2347,3448.276,Medium,74,Medium,Medium,Perfect Forward Secrecy disabled,0.903,0.805,IKEv2|Transport|AES-256-CBC|DH24|False|IPv6|Video
IPSEC-053-13,ipsec-053-13.pcap,train,synthetic_lab_ground_truth,26160,IKEv2,ESP,Transport,IPv6,AES-256-CBC,HMAC-SHA256-128,PSK,Diffie-Hellman,DH24,False,True,3600,True,True,True,0x161A8FCE,0xA7AE6F89,Chat,TCP,IPv6,50,932,341,17,324,0,220,33,0.37,75020,31429,43591,0.4189,2702.703,Medium,74,Medium,Medium,Perfect Forward Secrecy disabled,0.849,0.78,IKEv2|Transport|AES-256-CBC|DH24|False|IPv6|Chat
IPSEC-053-14,ipsec-053-14.pcap,train,synthetic_lab_ground_truth,26160,IKEv2,ESP,Transport,IPv6,AES-256-CBC,HMAC-SHA256-128,PSK,Diffie-Hellman,DH24,False,True,3600,False,True,False,0xB9C77362,0x48DFBCFB,Web,TCP,IPv6,50,2289,1018,28,990,1,572,166,0.44,582296,264485,317811,0.4542,2272.727,Medium,74,Medium,Medium,Perfect Forward Secrecy disabled,0.888,0.73,IKEv2|Transport|AES-256-CBC|DH24|False|IPv6|Web
IPSEC-053-15,ipsec-053-15.pcap,validation,synthetic_lab_ground_truth,26160,IKEv2,ESP,Transport,IPv6,AES-256-CBC,HMAC-SHA256-128,PSK,Diffie-Hellman,DH24,False,True,600,False,True,False,0xE001768A,0x6BCBF4F7,Email,TCP,IPv6,50,696,929,40,889,1,423,117,1.33,392967,229329,163638,0.5836,751.88,Medium,74,Medium,Medium,Perfect Forward Secrecy disabled,0.902,0.729,IKEv2|Transport|AES-256-CBC|DH24|False|IPv6|Email
IPSEC-053-16,ipsec-053-16.pcap,validation,synthetic_lab_ground_truth,26160,IKEv2,ESP,Transport,IPv6,AES-256-CBC,HMAC-SHA256-128,PSK,Diffie-Hellman,DH24,False,True,86400,False,True,False,0x46FDEA4E,0x269C9CBD,File-Transfer,TCP,IPv6,50,2991,1478,36,1442,2,876,297,0.49,1294728,762159,532569,0.5887,2040.816,Medium,74,Medium,Medium,Perfect Forward Secrecy disabled,0.849,0.801,IKEv2|Transport|AES-256-CBC|DH24|False|IPv6|File-Transfer
IPSEC-053-17,ipsec-053-17.pcap,validation,synthetic_lab_ground_truth,26160,IKEv2,ESP,Transport,IPv6,AES-256-CBC,HMAC-SHA256-128,PSK,Diffie-Hellman,DH24,False,True,3600,True,True,True,0xFEF6707C,0xE7FD52F3,VoIP,UDP,IPv6,50,2984,219,37,182,2,236,52,0.07,51684,29674,22010,0.5741,10000.0,Medium,74,Medium,Medium,Perfect Forward Secrecy disabled,0.946,0.846,IKEv2|Transport|AES-256-CBC|DH24|False|IPv6|VoIP
IPSEC-053-18,ipsec-053-18.pcap,test,synthetic_lab_ground_truth,26160,IKEv2,ESP,Transport,IPv6,AES-256-CBC,HMAC-SHA256-128,PSK,Diffie-Hellman,DH24,False,True,7200,True,True,True,0x57E013B2,0x19D9AFC5,ICMP,ICMP/ICMPv6,IPv6,50,265,118,24,94,2,74,17,0.45,8732,6278,2454,0.7191,2222.222,Medium,74,Medium,Medium,Perfect Forward Secrecy disabled,0.925,0.898,IKEv2|Transport|AES-256-CBC|DH24|False|IPv6|ICMP
IPSEC-053-19,ipsec-053-19.pcap,test,synthetic_lab_ground_truth,26160,IKEv2,ESP,Transport,IPv6,AES-256-CBC,HMAC-SHA256-128,PSK,Diffie-Hellman,DH24,False,True,14400,True,True,True,0x811BD8E6,0x529BFE26,Video,TCP/QUIC,IPv6,50,4941,1350,40,1310,0,487,113,0.27,657450,265666,391784,0.4041,3703.704,Medium,74,Medium,Medium,Perfect Forward Secrecy disabled,0.934,0.904,IKEv2|Transport|AES-256-CBC|DH24|False|IPv6|Video
IPSEC-053-20,ipsec-053-20.pcap,test,synthetic_lab_ground_truth,26160,IKEv2,ESP,Transport,IPv6,AES-256-CBC,HMAC-SHA256-128,PSK,Diffie-Hellman,DH24,False,True,86400,True,True,True,0xA46EE3BE,0xE00BAE4D,Chat,TCP,IPv6,50,1160,365,33,332,2,229,74,0.31,83585,45828,37757,0.5483,3225.806,Medium,74,Medium,Medium,Perfect Forward Secrecy disabled,0.909,0.756,IKEv2|Transport|AES-256-CBC|DH24|False|IPv6|Chat
IPSEC-054-01,ipsec-054-01.pcap,train,synthetic_lab_ground_truth,26160,IKEv2,ESP,Transport,IPv4,AES-128-CBC,HMAC-SHA256-128,ECDSA-Signature,Diffie-Hellman,DH19,False,True,7200,False,True,False,0xB707084D,0xF8AF83A2,Email,TCP,IPv4,50,762,896,44,852,0,426,75,1.18,381696,157647,224049,0.413,847.458,Medium,80,Medium,Medium,Perfect Forward Secrecy disabled,0.889,0.742,IKEv2|Transport|AES-128-CBC|DH19|False|IPv4|Email
IPSEC-054-02,ipsec-054-02.pcap,train,synthetic_lab_ground_truth,26160,IKEv2,ESP,Transport,IPv4,AES-128-CBC,HMAC-SHA256-128,ECDSA-Signature,Diffie-Hellman,DH19,False,True,3600,False,True,False,0x13B9C7FB,0x878EC9C3,File-Transfer,TCP,IPv4,50,1883,744,12,732,1,716,187,0.4,532704,298286,234418,0.5599,2500.0,Medium,80,Medium,Medium,Perfect Forward Secrecy disabled,0.915,0.859,IKEv2|Transport|AES-128-CBC|DH19|False|IPv4|File-Transfer
IPSEC-054-03,ipsec-054-03.pcap,train,synthetic_lab_ground_truth,26160,IKEv2,ESP,Transport,IPv4,AES-128-CBC,HMAC-SHA256-128,ECDSA-Signature,Diffie-Hellman,DH19,False,True,86400,False,True,False,0x37AF29F2,0xB0C227A6,VoIP,UDP,IPv4,50,2278,205,10,195,1,200,62,0.09,41000,18356,22644,0.4477,10000.0,Medium,80,Medium,Medium,Perfect Forward Secrecy disabled,0.947,0.764,IKEv2|Transport|AES-128-CBC|DH19|False|IPv4|VoIP
IPSEC-054-04,ipsec-054-04.pcap,train,synthetic_lab_ground_truth,26160,IKEv2,ESP,Transport,IPv4,AES-128-CBC,HMAC-SHA256-128,ECDSA-Signature,Diffie-Hellman,DH19,False,True,3600,False,True,False,0x282891EE,0x7215D9C9,ICMP,ICMP/ICMPv6,IPv4,50,250,102,16,86,1,74,15,0.41,7548,4526,3022,0.5997,2439.024,Medium,80,Medium,Medium,Perfect Forward Secrecy disabled,0.909,0.915,IKEv2|Transport|AES-128-CBC|DH19|False|IPv4|ICMP
IPSEC-054-05,ipsec-054-05.pcap,train,synthetic_lab_ground_truth,26160,IKEv2,ESP,Transport,IPv4,AES-128-CBC,HMAC-SHA256-128,ECDSA-Signature,Diffie-Hellman,DH19,False,False,28800,True,True,True,0x60C18D05,0xEF149FFC,Video,TCP/QUIC,IPv4,50,3093,811,20,791,1,516,143,0.26,418476,150842,267634,0.3605,3846.154,Medium,55,High,Critical,Perfect Forward Secrecy disabled; Replay protection disabled,0.89,0.794,IKEv2|Transport|AES-128-CBC|DH19|False|IPv4|Video
IPSEC-054-06,ipsec-054-06.pcap,train,synthetic_lab_ground_truth,26160,IKEv2,ESP,Transport,IPv4,AES-128-CBC,HMAC-SHA256-128,ECDSA-Signature,Diffie-Hellman,DH19,False,True,86400,False,True,False,0x2F1C1121,0xB8934195,Chat,TCP,IPv4,50,1200,367,15,352,1,244,51,0.31,89548,50388,39160,0.5627,3225.806,Medium,80,Medium,Medium,Perfect Forward Secrecy disabled,0.893,0.695,IKEv2|Transport|AES-128-CBC|DH19|False|IPv4|Chat
IPSEC-054-07,ipsec-054-07.pcap,train,synthetic_lab_ground_truth,26160,IKEv2,ESP,Transport,IPv4,AES-128-CBC,HMAC-SHA256-128,ECDSA-Signature,Diffie-Hellman,DH19,False,True,3600,False,True,False,0xB7D8CC72,0xE14B15F8,Web,TCP,IPv4,50,1875,655,40,615,0,594,90,0.35,389070,117853,271217,0.3029,2857.143,Medium,80,Medium,Medium,Perfect Forward Secrecy disabled,0.917,0.845,IKEv2|Transport|AES-128-CBC|DH19|False|IPv4|Web
IPSEC-054-08,ipsec-054-08.pcap,train,synthetic_lab_ground_truth,26160,IKEv2,ESP,Transport,IPv4,AES-128-CBC,HMAC-SHA256-128,ECDSA-Signature,Diffie-Hellman,DH19,False,True,28800,False,True,False,0xF9832109,0x43D6C6E7,Email,TCP,IPv4,50,907,1149,22,1127,1,355,77,1.27,407895,184542,223353,0.4524,787.402,Medium,80,Medium,Medium,Perfect Forward Secrecy disabled,0.89,0.71,IKEv2|Transport|AES-128-CBC|DH19|False|IPv4|Email
IPSEC-054-09,ipsec-054-09.pcap,train,synthetic_lab_ground_truth,26160,IKEv2,ESP,Transport,IPv4,AES-128-CBC,HMAC-SHA256-128,ECDSA-Signature,Diffie-Hellman,DH19,False,True,14400,False,True,False,0xA6350899,0x61D8FE50,File-Transfer,TCP,IPv4,50,3706,1816,22,1794,1,826,183,0.49,1500016,975711,524305,0.6505,2040.816,Medium,80,Medium,Medium,Perfect Forward Secrecy disabled,0.887,0.806,IKEv2|Transport|AES-128-CBC|DH19|False|IPv4|File-Transfer
IPSEC-054-10,ipsec-054-10.pcap,train,synthetic_lab_ground_truth,26160,IKEv2,ESP,Transport,IPv4,AES-128-CBC,HMAC-SHA256-128,ECDSA-Signature,Diffie-Hellman,DH19,False,True,86400,False,True,False,0x81EC3202,0x98FAB625,VoIP,UDP,IPv4,50,2118,164,8,156,0,271,69,0.08,44444,22051,22393,0.4962,10000.0,Medium,80,Medium,Medium,Perfect Forward Secrecy disabled,0.924,0.808,IKEv2|Transport|AES-128-CBC|DH19|False|IPv4|VoIP
IPSEC-054-11,ipsec-054-11.pcap,train,synthetic_lab_ground_truth,26160,IKEv2,ESP,Transport,IPv4,AES-128-CBC,HMAC-SHA256-128,ECDSA-Signature,Diffie-Hellman,DH19,False,True,7200,False,True,False,0x73C7817B,0xFBDE3BAF,ICMP,ICMP/ICMPv6,IPv4,50,289,122,25,97,2,79,17,0.42,9638,4443,5195,0.461,2380.952,Medium,80,Medium,Medium,Perfect Forward Secrecy disabled,0.913,0.922,IKEv2|Transport|AES-128-CBC|DH19|False|IPv4|ICMP
IPSEC-054-12,ipsec-054-12.pcap,train,synthetic_lab_ground_truth,26160,IKEv2,ESP,Transport,IPv4,AES-128-CBC,HMAC-SHA256-128,ECDSA-Signature,Diffie-Hellman,DH19,False,True,172800,True,True,True,0x7D98F994,0x45DB187E,Video,TCP/QUIC,IPv4,50,5877,1486,37,1449,0,555,157,0.25,824730,320982,503748,0.3892,4000.0,Medium,72,Medium,Medium,Perfect Forward Secrecy disabled; Long Security Association lifetime,0.904,0.898,IKEv2|Transport|AES-128-CBC|DH19|False|IPv4|Video
IPSEC-054-13,ipsec-054-13.pcap,train,synthetic_lab_ground_truth,26160,IKEv2,ESP,Transport,IPv4,AES-128-CBC,HMAC-SHA256-128,ECDSA-Signature,Diffie-Hellman,DH19,False,True,3600,False,True,False,0x298FACF8,0xA5A32285,Chat,TCP,IPv4,50,1249,413,15,398,0,273,46,0.33,112749,60496,52253,0.5366,3030.303,Medium,80,Medium,Medium,Perfect Forward Secrecy disabled,0.864,0.758,IKEv2|Transport|AES-128-CBC|DH19|False|IPv4|Chat
IPSEC-054-14,ipsec-054-14.pcap,train,synthetic_lab_ground_truth,26160,IKEv2,ESP,Transport,IPv4,AES-128-CBC,HMAC-SHA256-128,ECDSA-Signature,Diffie-Hellman,DH19,False,True,3600,False,True,False,0x642DC43F,0x9E4018DD,Web,TCP,IPv4,50,1826,834,31,803,0,486,184,0.46,405324,210482,194842,0.5193,2173.913,Medium,80,Medium,Medium,Perfect Forward Secrecy disabled,0.904,0.814,IKEv2|Transport|AES-128-CBC|DH19|False|IPv4|Web
IPSEC-054-15,ipsec-054-15.pcap,validation,synthetic_lab_ground_truth,26160,IKEv2,ESP,Transport,IPv4,AES-128-CBC,HMAC-SHA256-128,ECDSA-Signature,Diffie-Hellman,DH19,False,True,7200,False,True,False,0x2094DED7,0xF1DA6CCB,Email,TCP,IPv4,50,520,580,35,545,2,415,120,1.12,240700,119014,121686,0.4944,892.857,Medium,80,Medium,Medium,Perfect Forward Secrecy disabled,0.911,0.79,IKEv2|Transport|AES-128-CBC|DH19|False|IPv4|Email
IPSEC-054-16,ipsec-054-16.pcap,validation,synthetic_lab_ground_truth,26160,IKEv2,ESP,Transport,IPv4,AES-128-CBC,HMAC-SHA256-128,ECDSA-Signature,Diffie-Hellman,DH19,False,True,28800,True,True,True,0x3918B126,0x305BFAEF,File-Transfer,TCP,IPv4,50,3812,1563,39,1524,0,758,163,0.41,1184754,760327,424427,0.6418,2439.024,Medium,80,Medium,Medium,Perfect Forward Secrecy disabled,0.886,0.8,IKEv2|Transport|AES-128-CBC|DH19|False|IPv4|File-Transfer
IPSEC-054-17,ipsec-054-17.pcap,validation,synthetic_lab_ground_truth,26160,IKEv2,ESP,Transport,IPv4,AES-128-CBC,HMAC-SHA256-128,ECDSA-Signature,Diffie-Hellman,DH19,False,True,7200,False,True,False,0x28D56C62,0xC53924D9,VoIP,UDP,IPv4,50,3339,331,9,322,0,236,39,0.1,78116,52015,26101,0.6659,10000.0,Medium,80,Medium,Medium,Perfect Forward Secrecy disabled,0.916,0.756,IKEv2|Transport|AES-128-CBC|DH19|False|IPv4|VoIP
IPSEC-054-18,ipsec-054-18.pcap,test,synthetic_lab_ground_truth,26160,IKEv2,ESP,Transport,IPv4,AES-128-CBC,HMAC-SHA256-128,ECDSA-Signature,Diffie-Hellman,DH19,False,True,86400,True,True,True,0xB4429D91,0xF8AC54F6,ICMP,ICMP/ICMPv6,IPv4,50,248,111,11,100,1,89,34,0.45,9879,3687,6192,0.3733,2222.222,Medium,80,Medium,Medium,Perfect Forward Secrecy disabled,0.907,0.943,IKEv2|Transport|AES-128-CBC|DH19|False|IPv4|ICMP
IPSEC-054-19,ipsec-054-19.pcap,test,synthetic_lab_ground_truth,26160,IKEv2,ESP,Transport,IPv4,AES-128-CBC,HMAC-SHA256-128,ECDSA-Signature,Diffie-Hellman,DH19,False,True,14400,False,True,False,0x7376B27A,0xFBD736B3,Video,TCP/QUIC,IPv4,50,6418,1445,29,1416,0,516,134,0.23,745620,345785,399835,0.4638,4347.826,Medium,80,Medium,Medium,Perfect Forward Secrecy disabled,0.89,0.851,IKEv2|Transport|AES-128-CBC|DH19|False|IPv4|Video
IPSEC-054-20,ipsec-054-20.pcap,test,synthetic_lab_ground_truth,26160,IKEv2,ESP,Transport,IPv4,AES-128-CBC,HMAC-SHA256-128,ECDSA-Signature,Diffie-Hellman,DH19,False,True,28800,True,True,True,0x32EDE581,0xA4763746,Chat,TCP,IPv4,50,1292,410,12,398,1,244,83,0.32,100040,39800,60240,0.3979,3125.0,Medium,80,Medium,Medium,Perfect Forward Secrecy disabled,0.899,0.694,IKEv2|Transport|AES-128-CBC|DH19|False|IPv4|Chat
IPSEC-055-01,ipsec-055-01.pcap,train,synthetic_lab_ground_truth,26160,IKEv1,ESP,Tunnel,IPv6,AES-256-CBC,HMAC-SHA256-128,PSK,Diffie-Hellman,DH24,True,True,3600,True,True,True,0x10E7CFD0,0x8E853624,Email,TCP,IPv6,50,767,1132,16,1116,1,430,126,1.48,486760,205516,281244,0.4222,675.676,Low,71,Medium,High,Legacy IKE version detected,0.758,0.772,IKEv1|Tunnel|AES-256-CBC|DH24|True|IPv6|Email
IPSEC-055-02,ipsec-055-02.pcap,train,synthetic_lab_ground_truth,26160,IKEv1,ESP,Tunnel,IPv6,AES-256-CBC,HMAC-SHA256-128,PSK,Diffie-Hellman,DH24,True,True,3600,False,True,False,0x92946278,0xA478548B,File-Transfer,TCP,IPv6,50,2238,844,27,817,1,750,220,0.38,633000,398075,234925,0.6289,2631.579,Low,71,Medium,High,Legacy IKE version detected,0.782,0.834,IKEv1|Tunnel|AES-256-CBC|DH24|True|IPv6|File-Transfer
IPSEC-055-03,ipsec-055-03.pcap,train,synthetic_lab_ground_truth,26160,IKEv1,ESP,Tunnel,IPv6,AES-256-CBC,HMAC-SHA256-128,PSK,Diffie-Hellman,DH24,True,True,86400,True,True,True,0xB3F06EAA,0xD3B0D1BB,VoIP,UDP,IPv6,50,2503,239,40,199,0,201,38,0.1,48039,25453,22586,0.5299,10000.0,Medium,71,Medium,High,Legacy IKE version detected,0.766,0.857,IKEv1|Tunnel|AES-256-CBC|DH24|True|IPv6|VoIP
IPSEC-055-04,ipsec-055-04.pcap,train,synthetic_lab_ground_truth,26160,IKEv1,ESP,Tunnel,IPv6,AES-256-CBC,HMAC-SHA256-128,PSK,Diffie-Hellman,DH24,True,True,86400,True,True,True,0x19B38727,0x83F79CD3,ICMP,ICMP/ICMPv6,IPv6,50,250,104,22,82,2,76,29,0.42,7904,3724,4180,0.4712,2380.952,Low,71,Medium,High,Legacy IKE version detected,0.828,0.929,IKEv1|Tunnel|AES-256-CBC|DH24|True|IPv6|ICMP
IPSEC-055-05,ipsec-055-05.pcap,train,synthetic_lab_ground_truth,26160,IKEv1,ESP,Tunnel,IPv6,AES-256-CBC,HMAC-SHA256-128,PSK,Diffie-Hellman,DH24,True,True,86400,False,True,False,0xE3390396,0x1E86B423,Video,TCP/QUIC,IPv6,50,4897,1410,8,1402,0,511,148,0.29,720510,301338,419172,0.4182,3448.276,Medium,71,Medium,High,Legacy IKE version detected,0.774,0.831,IKEv1|Tunnel|AES-256-CBC|DH24|True|IPv6|Video
IPSEC-055-06,ipsec-055-06.pcap,train,synthetic_lab_ground_truth,26160,IKEv1,ESP,Tunnel,IPv6,AES-256-CBC,HMAC-SHA256-128,PSK,Diffie-Hellman,DH24,True,True,7200,True,True,True,0xD6601993,0x8562A774,Chat,TCP,IPv6,50,1282,492,31,461,1,265,63,0.38,130380,66783,63597,0.5122,2631.579,Low,71,Medium,High,Legacy IKE version detected,0.773,0.681,IKEv1|Tunnel|AES-256-CBC|DH24|True|IPv6|Chat
IPSEC-055-07,ipsec-055-07.pcap,train,synthetic_lab_ground_truth,26160,IKEv1,ESP,Tunnel,IPv6,AES-256-CBC,HMAC-SHA256-128,PSK,Diffie-Hellman,DH24,True,True,7200,False,True,False,0x270BB50F,0x35E829FE,Web,TCP,IPv6,50,2337,1039,28,1011,0,457,152,0.44,474823,209429,265394,0.4411,2272.727,Low,71,Medium,High,Legacy IKE version detected,0.787,0.746,IKEv1|Tunnel|AES-256-CBC|DH24|True|IPv6|Web
IPSEC-055-08,ipsec-055-08.pcap,train,synthetic_lab_ground_truth,26160,IKEv1,ESP,Tunnel,IPv6,AES-256-CBC,HMAC-SHA256-128,PSK,Diffie-Hellman,DH24,True,True,3600,False,True,False,0x519800B8,0xE5CC39A0,Email,TCP,IPv6,50,767,1009,29,980,0,526,151,1.32,530734,303280,227454,0.5714,757.576,Low,71,Medium,High,Legacy IKE version detected,0.786,0.669,IKEv1|Tunnel|AES-256-CBC|DH24|True|IPv6|Email
IPSEC-055-09,ipsec-055-09.pcap,train,synthetic_lab_ground_truth,26160,IKEv1,ESP,Tunnel,IPv6,AES-256-CBC,HMAC-SHA256-128,PSK,Diffie-Hellman,DH24,True,True,3600,False,True,False,0xB622F306,0x956D4F21,File-Transfer,TCP,IPv6,50,3292,1527,44,1483,0,1072,207,0.46,1636944,711917,925027,0.4349,2173.913,Low,71,Medium,High,Legacy IKE version detected,0.796,0.836,IKEv1|Tunnel|AES-256-CBC|DH24|True|IPv6|File-Transfer
IPSEC-055-10,ipsec-055-10.pcap,train,synthetic_lab_ground_truth,26160,IKEv1,ESP,Tunnel,IPv6,AES-256-CBC,HMAC-SHA256-128,PSK,Diffie-Hellman,DH24,True,True,7200,False,True,False,0x47C4CA16,0xCAA0EB1F,VoIP,UDP,IPv6,50,3383,288,37,251,0,229,66,0.09,65952,36712,29240,0.5567,10000.0,Medium,71,Medium,High,Legacy IKE version detected,0.813,0.763,IKEv1|Tunnel|AES-256-CBC|DH24|True|IPv6|VoIP
IPSEC-055-11,ipsec-055-11.pcap,train,synthetic_lab_ground_truth,26160,IKEv1,ESP,Tunnel,IPv6,AES-256-CBC,HMAC-SHA256-128,PSK,Diffie-Hellman,DH24,True,True,28800,True,True,True,0x32828391,0x2E1771BD,ICMP,ICMP/ICMPv6,IPv6,50,250,81,42,39,1,88,16,0.32,7128,2962,4166,0.4156,3125.0,Low,71,Medium,High,Legacy IKE version detected,0.817,0.878,IKEv1|Tunnel|AES-256-CBC|DH24|True|IPv6|ICMP
IPSEC-055-12,ipsec-055-12.pcap,train,synthetic_lab_ground_truth,26160,IKEv1,ESP,Tunnel,IPv6,AES-256-CBC,HMAC-SHA256-128,PSK,Diffie-Hellman,DH24,True,True,3600,True,True,True,0x7A5B6389,0x63C5A9C8,Video,TCP/QUIC,IPv6,50,3897,1052,27,1025,0,572,81,0.27,601744,215093,386651,0.3575,3703.704,Medium,71,Medium,High,Legacy IKE version detected,0.812,0.845,IKEv1|Tunnel|AES-256-CBC|DH24|True|IPv6|Video
IPSEC-055-13,ipsec-055-13.pcap,train,synthetic_lab_ground_truth,26160,IKEv1,ESP,Tunnel,IPv6,AES-256-CBC,HMAC-SHA256-128,PSK,Diffie-Hellman,DH24,True,True,3600,True,True,True,0xA5597BA1,0xF888EB92,Chat,TCP,IPv6,50,1449,522,13,509,1,220,68,0.36,114840,49188,65652,0.4283,2777.778,Low,71,Medium,High,Legacy IKE version detected,0.763,0.713,IKEv1|Tunnel|AES-256-CBC|DH24|True|IPv6|Chat
IPSEC-055-14,ipsec-055-14.pcap,train,synthetic_lab_ground_truth,26160,IKEv1,ESP,Tunnel,IPv6,AES-256-CBC,HMAC-SHA256-128,PSK,Diffie-Hellman,DH24,True,True,14400,False,True,False,0x1A9D5846,0x6AB80B4C,Web,TCP,IPv6,50,2204,987,25,962,0,566,142,0.45,558642,212702,345940,0.3807,2222.222,Low,71,Medium,High,Legacy IKE version detected,0.756,0.749,IKEv1|Tunnel|AES-256-CBC|DH24|True|IPv6|Web
IPSEC-055-15,ipsec-055-15.pcap,validation,synthetic_lab_ground_truth,26160,IKEv1,ESP,Tunnel,IPv6,AES-256-CBC,HMAC-SHA256-128,PSK,Diffie-Hellman,DH24,True,True,300,False,True,False,0x1CAD778E,0x7883811A,Email,TCP,IPv6,50,412,419,22,397,0,429,140,1.02,179751,94595,85156,0.5263,980.392,Low,71,Medium,High,Legacy IKE version detected,0.755,0.716,IKEv1|Tunnel|AES-256-CBC|DH24|True|IPv6|Email
IPSEC-055-16,ipsec-055-16.pcap,validation,synthetic_lab_ground_truth,26160,IKEv1,ESP,Tunnel,IPv6,AES-256-CBC,HMAC-SHA256-128,PSK,Diffie-Hellman,DH24,True,True,86400,False,True,False,0xC0D5D2B8,0xB643C572,File-Transfer,TCP,IPv6,50,3624,1508,30,1478,0,764,190,0.42,1152112,609277,542835,0.5288,2380.952,Low,71,Medium,High,Legacy IKE version detected,0.77,0.803,IKEv1|Tunnel|AES-256-CBC|DH24|True|IPv6|File-Transfer
IPSEC-055-17,ipsec-055-17.pcap,validation,synthetic_lab_ground_truth,26160,IKEv1,ESP,Tunnel,IPv6,AES-256-CBC,HMAC-SHA256-128,PSK,Diffie-Hellman,DH24,True,True,3600,True,True,True,0xC377C567,0xCFC23C53,VoIP,UDP,IPv6,50,3212,235,14,221,0,194,52,0.07,45590,19050,26540,0.4179,10000.0,Medium,71,Medium,High,Legacy IKE version detected,0.791,0.838,IKEv1|Tunnel|AES-256-CBC|DH24|True|IPv6|VoIP
IPSEC-055-18,ipsec-055-18.pcap,test,synthetic_lab_ground_truth,26160,IKEv1,ESP,Tunnel,IPv6,AES-256-CBC,HMAC-SHA256-128,PSK,Diffie-Hellman,DH24,True,True,14400,False,True,False,0xBB53346B,0x763A1839,ICMP,ICMP/ICMPv6,IPv6,50,300,130,12,118,1,92,29,0.43,11960,6800,5160,0.5686,2325.581,Low,71,Medium,High,Legacy IKE version detected,0.813,0.915,IKEv1|Tunnel|AES-256-CBC|DH24|True|IPv6|ICMP
IPSEC-055-19,ipsec-055-19.pcap,test,synthetic_lab_ground_truth,26160,IKEv1,ESP,Tunnel,IPv6,AES-256-CBC,HMAC-SHA256-128,PSK,Diffie-Hellman,DH24,True,True,3600,False,True,False,0x82DB6B29,0x40C82B80,Video,TCP/QUIC,IPv6,50,4058,972,22,950,1,510,99,0.24,495720,187965,307755,0.3792,4166.667,Medium,71,Medium,High,Legacy IKE version detected,0.766,0.781,IKEv1|Tunnel|AES-256-CBC|DH24|True|IPv6|Video
IPSEC-055-20,ipsec-055-20.pcap,test,synthetic_lab_ground_truth,26160,IKEv1,ESP,Tunnel,IPv6,AES-256-CBC,HMAC-SHA256-128,PSK,Diffie-Hellman,DH24,True,True,3600,True,True,True,0x9A41044A,0x5897751B,Chat,TCP,IPv6,50,1392,530,33,497,1,264,38,0.38,139920,67807,72113,0.4846,2631.579,Low,71,Medium,High,Legacy IKE version detected,0.796,0.73,IKEv1|Tunnel|AES-256-CBC|DH24|True|IPv6|Chat
IPSEC-056-01,ipsec-056-01.pcap,train,synthetic_lab_ground_truth,26160,IKEv2,ESP,Tunnel,IPv4,AES-128-CBC,HMAC-SHA1-96,PSK,Diffie-Hellman,DH19,True,True,600,False,True,False,0xD02DAB87,0xBAF8753F,Email,TCP,IPv4,50,584,648,16,632,0,472,104,1.11,305856,122533,183323,0.4006,900.901,Low,72,Medium,High,Legacy integrity algorithm: HMAC-SHA1-96,0.876,0.738,IKEv2|Tunnel|AES-128-CBC|DH19|True|IPv4|Email
IPSEC-056-02,ipsec-056-02.pcap,train,synthetic_lab_ground_truth,26160,IKEv2,ESP,Tunnel,IPv4,AES-128-CBC,HMAC-SHA1-96,PSK,Diffie-Hellman,DH19,True,False,14400,False,True,False,0x989255A5,0x2A3613D0,File-Transfer,TCP,IPv4,50,2457,1123,36,1087,1,890,181,0.46,999470,497446,502024,0.4977,2173.913,Low,47,Critical,Critical,Legacy integrity algorithm: HMAC-SHA1-96; Replay protection disabled,0.931,0.796,IKEv2|Tunnel|AES-128-CBC|DH19|True|IPv4|File-Transfer
IPSEC-056-03,ipsec-056-03.pcap,train,synthetic_lab_ground_truth,26160,IKEv2,ESP,Tunnel,IPv4,AES-128-CBC,HMAC-SHA1-96,PSK,Diffie-Hellman,DH19,True,True,3600,False,True,False,0xA8A9A402,0x9444B4E6,VoIP,UDP,IPv4,50,3035,264,44,220,2,272,61,0.09,71808,36905,34903,0.5139,10000.0,Medium,72,Medium,High,Legacy integrity algorithm: HMAC-SHA1-96,0.933,0.758,IKEv2|Tunnel|AES-128-CBC|DH19|True|IPv4|VoIP
IPSEC-056-04,ipsec-056-04.pcap,train,synthetic_lab_ground_truth,26160,IKEv2,ESP,Tunnel,IPv4,AES-128-CBC,HMAC-SHA1-96,PSK,Diffie-Hellman,DH19,True,True,7200,False,True,False,0x7367D62B,0x698411DC,ICMP,ICMP/ICMPv6,IPv4,50,227,78,10,68,1,106,36,0.34,8268,4030,4238,0.4875,2941.176,Low,72,Medium,High,Legacy integrity algorithm: HMAC-SHA1-96,0.943,0.916,IKEv2|Tunnel|AES-128-CBC|DH19|True|IPv4|ICMP
IPSEC-056-05,ipsec-056-05.pcap,train,synthetic_lab_ground_truth,26160,IKEv2,ESP,Tunnel,IPv4,AES-128-CBC,HMAC-SHA1-96,PSK,Diffie-Hellman,DH19,True,True,28800,False,True,False,0x433F2D9D,0xF4F5748C,Video,TCP/QUIC,IPv4,50,5542,1506,43,1463,2,347,90,0.27,522582,242428,280154,0.4639,3703.704,Medium,72,Medium,High,Legacy integrity algorithm: HMAC-SHA1-96,0.873,0.835,IKEv2|Tunnel|AES-128-CBC|DH19|True|IPv4|Video
IPSEC-056-06,ipsec-056-06.pcap,train,synthetic_lab_ground_truth,26160,IKEv2,ESP,Tunnel,IPv4,AES-128-CBC,HMAC-SHA1-96,PSK,Diffie-Hellman,DH19,True,True,7200,False,True,False,0x1CF2653A,0x195A2170,Chat,TCP,IPv4,50,1657,519,34,485,0,213,42,0.31,110547,49282,61265,0.4458,3225.806,Low,72,Medium,High,Legacy integrity algorithm: HMAC-SHA1-96,0.904,0.711,IKEv2|Tunnel|AES-128-CBC|DH19|True|IPv4|Chat
IPSEC-056-07,ipsec-056-07.pcap,train,synthetic_lab_ground_truth,26160,IKEv2,ESP,Tunnel,IPv4,AES-128-CBC,HMAC-SHA1-96,PSK,Diffie-Hellman,DH19,True,True,14400,False,True,False,0x600F7766,0x21D8E464,Web,TCP,IPv4,50,2168,998,19,979,4,502,156,0.46,500996,176752,324244,0.3528,2173.913,Low,72,Medium,High,Legacy integrity algorithm: HMAC-SHA1-96,0.873,0.849,IKEv2|Tunnel|AES-128-CBC|DH19|True|IPv4|Web
IPSEC-056-08,ipsec-056-08.pcap,train,synthetic_lab_ground_truth,26160,IKEv2,ESP,Tunnel,IPv4,AES-128-CBC,HMAC-SHA1-96,PSK,Diffie-Hellman,DH19,True,True,3600,False,True,False,0xD6DA73BC,0x1EECDB03,Email,TCP,IPv4,50,418,585,32,553,1,465,155,1.4,272025,103277,168748,0.3797,714.286,Low,72,Medium,High,Legacy integrity algorithm: HMAC-SHA1-96,0.933,0.768,IKEv2|Tunnel|AES-128-CBC|DH19|True|IPv4|Email
IPSEC-056-09,ipsec-056-09.pcap,train,synthetic_lab_ground_truth,26160,IKEv2,ESP,Tunnel,IPv4,AES-128-CBC,HMAC-SHA1-96,PSK,Diffie-Hellman,DH19,True,True,14400,False,True,False,0xB7127220,0x3442282D,File-Transfer,TCP,IPv4,50,3355,1590,11,1579,0,899,244,0.47,1429410,908630,520780,0.6357,2127.66,Low,72,Medium,High,Legacy integrity algorithm: HMAC-SHA1-96,0.88,0.799,IKEv2|Tunnel|AES-128-CBC|DH19|True|IPv4|File-Transfer
IPSEC-056-10,ipsec-056-10.pcap,train,synthetic_lab_ground_truth,26160,IKEv2,ESP,Tunnel,IPv4,AES-128-CBC,HMAC-SHA1-96,PSK,Diffie-Hellman,DH19,True,True,14400,False,True,False,0xF89F4E29,0x97E6CD88,VoIP,UDP,IPv4,50,3743,293,27,266,1,209,59,0.08,61237,22393,38844,0.3657,10000.0,Medium,72,Medium,High,Legacy integrity algorithm: HMAC-SHA1-96,0.921,0.792,IKEv2|Tunnel|AES-128-CBC|DH19|True|IPv4|VoIP
IPSEC-056-11,ipsec-056-11.pcap,train,synthetic_lab_ground_truth,26160,IKEv2,ESP,Tunnel,IPv4,AES-128-CBC,HMAC-SHA1-96,PSK,Diffie-Hellman,DH19,True,True,3600,False,True,False,0x8279528F,0x1264C50E,ICMP,ICMP/ICMPv6,IPv4,50,251,89,12,77,0,87,14,0.35,7743,2972,4771,0.3839,2857.143,Low,72,Medium,High,Legacy integrity algorithm: HMAC-SHA1-96,0.891,0.893,IKEv2|Tunnel|AES-128-CBC|DH19|True|IPv4|ICMP
IPSEC-056-12,ipsec-056-12.pcap,train,synthetic_lab_ground_truth,26160,IKEv2,ESP,Tunnel,IPv4,AES-128-CBC,HMAC-SHA1-96,PSK,Diffie-Hellman,DH19,True,True,3600,False,True,False,0x1665FFA8,0xA7844A1C,Video,TCP/QUIC,IPv4,50,3482,1016,12,1004,0,477,88,0.29,484632,202254,282378,0.4173,3448.276,Medium,72,Medium,High,Legacy integrity algorithm: HMAC-SHA1-96,0.936,0.806,IKEv2|Tunnel|AES-128-CBC|DH19|True|IPv4|Video
IPSEC-056-13,ipsec-056-13.pcap,train,synthetic_lab_ground_truth,26160,IKEv2,ESP,Tunnel,IPv4,AES-128-CBC,HMAC-SHA1-96,PSK,Diffie-Hellman,DH19,True,True,3600,False,True,False,0x255022FA,0x9D28A330,Chat,TCP,IPv4,50,922,377,39,338,1,235,56,0.41,88595,49772,38823,0.5618,2439.024,Low,72,Medium,High,Legacy integrity algorithm: HMAC-SHA1-96,0.924,0.638,IKEv2|Tunnel|AES-128-CBC|DH19|True|IPv4|Chat
IPSEC-056-14,ipsec-056-14.pcap,train,synthetic_lab_ground_truth,26160,IKEv2,ESP,Tunnel,IPv4,AES-128-CBC,HMAC-SHA1-96,PSK,Diffie-Hellman,DH19,True,True,172800,False,True,False,0x980ABD89,0x9173F1D0,Web,TCP,IPv4,50,2383,1073,12,1061,1,576,140,0.45,618048,213671,404377,0.3457,2222.222,Low,64,High,High,Legacy integrity algorithm: HMAC-SHA1-96; Long Security Association lifetime,0.946,0.815,IKEv2|Tunnel|AES-128-CBC|DH19|True|IPv4|Web
IPSEC-056-15,ipsec-056-15.pcap,validation,synthetic_lab_ground_truth,26160,IKEv2,ESP,Tunnel,IPv4,AES-128-CBC,HMAC-SHA1-96,PSK,Diffie-Hellman,DH19,True,True,14400,False,True,False,0xA2477F58,0x8B00B6D8,Email,TCP,IPv4,50,688,931,41,890,2,492,128,1.35,458052,149757,308295,0.3269,740.741,Low,72,Medium,High,Legacy integrity algorithm: HMAC-SHA1-96,0.926,0.73,IKEv2|Tunnel|AES-128-CBC|DH19|True|IPv4|Email
IPSEC-056-16,ipsec-056-16.pcap,validation,synthetic_lab_ground_truth,26160,IKEv2,ESP,Tunnel,IPv4,AES-128-CBC,HMAC-SHA1-96,PSK,Diffie-Hellman,DH19,True,True,28800,False,True,False,0xC952FFBA,0xCB843201,File-Transfer,TCP,IPv4,50,3588,1749,16,1733,1,767,190,0.49,1341483,511042,830441,0.381,2040.816,Low,72,Medium,High,Legacy integrity algorithm: HMAC-SHA1-96,0.949,0.793,IKEv2|Tunnel|AES-128-CBC|DH19|True|IPv4|File-Transfer
IPSEC-056-17,ipsec-056-17.pcap,validation,synthetic_lab_ground_truth,26160,IKEv2,ESP,Tunnel,IPv4,AES-128-CBC,HMAC-SHA1-96,PSK,Diffie-Hellman,DH19,True,True,14400,True,True,True,0x5AFBD99F,0xA06E6FD2,VoIP,UDP,IPv4,50,2230,180,17,163,3,229,55,0.08,41220,17625,23595,0.4276,10000.0,Medium,72,Medium,High,Legacy integrity algorithm: HMAC-SHA1-96,0.859,0.796,IKEv2|Tunnel|AES-128-CBC|DH19|True|IPv4|VoIP
IPSEC-056-18,ipsec-056-18.pcap,test,synthetic_lab_ground_truth,26160,IKEv2,ESP,Tunnel,IPv4,AES-128-CBC,HMAC-SHA1-96,PSK,Diffie-Hellman,DH19,True,True,86400,False,True,False,0x2038BAD7,0xA6AB1C64,ICMP,ICMP/ICMPv6,IPv4,50,252,98,18,80,1,91,25,0.39,8918,3879,5039,0.435,2564.103,Low,72,Medium,High,Legacy integrity algorithm: HMAC-SHA1-96,0.91,0.94,IKEv2|Tunnel|AES-128-CBC|DH19|True|IPv4|ICMP
IPSEC-056-19,ipsec-056-19.pcap,test,synthetic_lab_ground_truth,26160,IKEv2,ESP,Tunnel,IPv4,AES-128-CBC,HMAC-SHA1-96,PSK,Diffie-Hellman,DH19,True,True,86400,True,True,True,0xEF0DF997,0xE50CDDAC,Video,TCP/QUIC,IPv4,50,4088,1052,35,1017,0,596,118,0.26,626992,215944,411048,0.3444,3846.154,Medium,72,Medium,High,Legacy integrity algorithm: HMAC-SHA1-96,0.916,0.83,IKEv2|Tunnel|AES-128-CBC|DH19|True|IPv4|Video
IPSEC-056-20,ipsec-056-20.pcap,test,synthetic_lab_ground_truth,26160,IKEv2,ESP,Tunnel,IPv4,AES-128-CBC,HMAC-SHA1-96,PSK,Diffie-Hellman,DH19,True,False,28800,False,True,False,0x2596F036,0xA2B2B0E6,Chat,TCP,IPv4,50,1331,415,38,377,1,286,58,0.31,118690,76827,41863,0.6473,3225.806,Low,47,Critical,Critical,Legacy integrity algorithm: HMAC-SHA1-96; Replay protection disabled,0.884,0.724,IKEv2|Tunnel|AES-128-CBC|DH19|True|IPv4|Chat
IPSEC-057-01,ipsec-057-01.pcap,train,synthetic_lab_ground_truth,26160,IKEv1,ESP,Tunnel,IPv4,AES-256-GCM,AEAD-GCM,PSK,Diffie-Hellman,DH14,False,True,86400,False,True,False,0xBB86FEBB,0x2A78077B,Email,TCP,IPv4,50,642,795,22,773,2,417,81,1.24,331515,148402,183113,0.4476,806.452,Low,67,High,High,Legacy IKE version detected; Older DH group; policy review recommended; Perfect Forward Secrecy disabled,0.87,0.762,IKEv1|Tunnel|AES-256-GCM|DH14|False|IPv4|Email
IPSEC-057-02,ipsec-057-02.pcap,train,synthetic_lab_ground_truth,26160,IKEv1,ESP,Tunnel,IPv4,AES-256-GCM,AEAD-GCM,PSK,Diffie-Hellman,DH14,False,True,7200,True,True,True,0x47FA0E34,0x3F563F66,File-Transfer,TCP,IPv4,50,4065,1837,35,1802,1,907,111,0.45,1666159,858146,808013,0.515,2222.222,Low,67,High,High,Legacy IKE version detected; Older DH group; policy review recommended; Perfect Forward Secrecy disabled,0.849,0.764,IKEv1|Tunnel|AES-256-GCM|DH14|False|IPv4|File-Transfer
IPSEC-057-03,ipsec-057-03.pcap,train,synthetic_lab_ground_truth,26160,IKEv1,ESP,Tunnel,IPv4,AES-256-GCM,AEAD-GCM,PSK,Diffie-Hellman,DH14,False,True,7200,True,True,True,0xA91DAB77,0x32814F25,VoIP,UDP,IPv4,50,2165,189,33,156,1,224,31,0.09,42336,23077,19259,0.5451,10000.0,Medium,67,High,High,Legacy IKE version detected; Older DH group; policy review recommended; Perfect Forward Secrecy disabled,0.792,0.775,IKEv1|Tunnel|AES-256-GCM|DH14|False|IPv4|VoIP
IPSEC-057-04,ipsec-057-04.pcap,train,synthetic_lab_ground_truth,26160,IKEv1,ESP,Tunnel,IPv4,AES-256-GCM,AEAD-GCM,PSK,Diffie-Hellman,DH14,False,True,3600,False,True,False,0xD315EDB0,0x9DD6A645,ICMP,ICMP/ICMPv6,IPv4,50,233,100,11,89,0,107,23,0.43,10700,5342,5358,0.4993,2325.581,Low,67,High,High,Legacy IKE version detected; Older DH group; policy review recommended; Perfect Forward Secrecy disabled,0.842,0.927,IKEv1|Tunnel|AES-256-GCM|DH14|False|IPv4|ICMP
IPSEC-057-05,ipsec-057-05.pcap,train,synthetic_lab_ground_truth,26160,IKEv1,ESP,Tunnel,IPv4,AES-256-GCM,AEAD-GCM,PSK,Diffie-Hellman,DH14,False,True,7200,True,True,True,0x33A52246,0xFF4BDE34,Video,TCP/QUIC,IPv4,50,4301,1083,19,1064,2,414,111,0.25,448362,129013,319349,0.2877,4000.0,Medium,67,High,High,Legacy IKE version detected; Older DH group; policy review recommended; Perfect Forward Secrecy disabled,0.84,0.857,IKEv1|Tunnel|AES-256-GCM|DH14|False|IPv4|Video
IPSEC-057-06,ipsec-057-06.pcap,train,synthetic_lab_ground_truth,26160,IKEv1,ESP,Tunnel,IPv4,AES-256-GCM,AEAD-GCM,PSK,Diffie-Hellman,DH14,False,True,1800,False,True,False,0x514E9CA4,0xB86DE1CE,Chat,TCP,IPv4,50,1435,421,21,400,1,251,59,0.29,105671,50864,54807,0.4813,3448.276,Low,67,High,High,Legacy IKE version detected; Older DH group; policy review recommended; Perfect Forward Secrecy disabled,0.825,0.721,IKEv1|Tunnel|AES-256-GCM|DH14|False|IPv4|Chat
IPSEC-057-07,ipsec-057-07.pcap,train,synthetic_lab_ground_truth,26160,IKEv1,ESP,Tunnel,IPv4,AES-256-GCM,AEAD-GCM,PSK,Diffie-Hellman,DH14,False,True,172800,True,True,True,0x61AB6103,0x43CA571E,Web,TCP,IPv4,50,1948,900,8,892,0,532,128,0.46,478800,151463,327337,0.3163,2173.913,Low,59,High,High,Legacy IKE version detected; Older DH group; policy review recommended; Perfect Forward Secrecy disabled; Long Security Association lifetime,0.785,0.838,IKEv1|Tunnel|AES-256-GCM|DH14|False|IPv4|Web
IPSEC-057-08,ipsec-057-08.pcap,train,synthetic_lab_ground_truth,26160,IKEv1,ESP,Tunnel,IPv4,AES-256-GCM,AEAD-GCM,PSK,Diffie-Hellman,DH14,False,True,14400,False,True,False,0x688F4B53,0x1A1B9184,Email,TCP,IPv4,50,801,1132,14,1118,1,456,78,1.41,516192,302843,213349,0.5867,709.22,Low,67,High,High,Legacy IKE version detected; Older DH group; policy review recommended; Perfect Forward Secrecy disabled,0.805,0.756,IKEv1|Tunnel|AES-256-GCM|DH14|False|IPv4|Email
IPSEC-057-09,ipsec-057-09.pcap,train,synthetic_lab_ground_truth,26160,IKEv1,ESP,Tunnel,IPv4,AES-256-GCM,AEAD-GCM,PSK,Diffie-Hellman,DH14,False,True,14400,True,True,True,0xF3848732,0xA022D6B9,File-Transfer,TCP,IPv4,50,4009,1630,35,1595,1,753,165,0.41,1227390,553591,673799,0.451,2439.024,Low,67,High,High,Legacy IKE version detected; Older DH group; policy review recommended; Perfect Forward Secrecy disabled,0.791,0.803,IKEv1|Tunnel|AES-256-GCM|DH14|False|IPv4|File-Transfer
IPSEC-057-10,ipsec-057-10.pcap,train,synthetic_lab_ground_truth,26160,IKEv1,ESP,Tunnel,IPv4,AES-256-GCM,AEAD-GCM,PSK,Diffie-Hellman,DH14,False,True,7200,True,True,True,0x52114652,0x30FC73F6,VoIP,UDP,IPv4,50,3011,253,42,211,0,210,56,0.08,53130,27718,25412,0.5217,10000.0,Medium,67,High,High,Legacy IKE version detected; Older DH group; policy review recommended; Perfect Forward Secrecy disabled,0.848,0.737,IKEv1|Tunnel|AES-256-GCM|DH14|False|IPv4|VoIP
IPSEC-057-11,ipsec-057-11.pcap,train,synthetic_lab_ground_truth,26160,IKEv1,ESP,Tunnel,IPv4,AES-256-GCM,AEAD-GCM,PSK,Diffie-Hellman,DH14,False,True,7200,False,True,False,0x85DB9A59,0xA99AAF31,ICMP,ICMP/ICMPv6,IPv4,50,194,74,26,48,0,76,13,0.38,5624,2954,2670,0.5253,2631.579,Low,67,High,High,Legacy IKE version detected; Older DH group; policy review recommended; Perfect Forward Secrecy disabled,0.807,0.907,IKEv1|Tunnel|AES-256-GCM|DH14|False|IPv4|ICMP
IPSEC-057-12,ipsec-057-12.pcap,train,synthetic_lab_ground_truth,26160,IKEv1,ESP,Tunnel,IPv4,AES-256-GCM,AEAD-GCM,PSK,Diffie-Hellman,DH14,False,True,86400,False,True,False,0x77B923B3,0x2C7B0788,Video,TCP/QUIC,IPv4,50,4813,1258,32,1226,1,613,211,0.26,771154,282352,488802,0.3661,3846.154,Medium,67,High,High,Legacy IKE version detected; Older DH group; policy review recommended; Perfect Forward Secrecy disabled,0.784,0.814,IKEv1|Tunnel|AES-256-GCM|DH14|False|IPv4|Video
IPSEC-057-13,ipsec-057-13.pcap,train,synthetic_lab_ground_truth,26160,IKEv1,ESP,Tunnel,IPv4,AES-256-GCM,AEAD-GCM,PSK,Diffie-Hellman,DH14,False,True,3600,True,True,True,0x58F23B3E,0x6D6B6213,Chat,TCP,IPv4,50,1105,367,41,326,1,263,44,0.33,96521,47862,48659,0.4959,3030.303,Low,67,High,High,Legacy IKE version detected; Older DH group; policy review recommended; Perfect Forward Secrecy disabled,0.828,0.636,IKEv1|Tunnel|AES-256-GCM|DH14|False|IPv4|Chat
IPSEC-057-14,ipsec-057-14.pcap,train,synthetic_lab_ground_truth,26160,IKEv1,ESP,Tunnel,IPv4,AES-256-GCM,AEAD-GCM,PSK,Diffie-Hellman,DH14,False,False,14400,False,True,False,0x25A6B0C3,0x331364D4,Web,TCP,IPv4,50,2600,1098,39,1059,1,638,149,0.42,700524,362599,337925,0.5176,2380.952,Low,42,Critical,Critical,Legacy IKE version detected; Older DH group; policy review recommended; Perfect Forward Secrecy disabled; Replay protection disabled,0.824,0.788,IKEv1|Tunnel|AES-256-GCM|DH14|False|IPv4|Web
IPSEC-057-15,ipsec-057-15.pcap,validation,synthetic_lab_ground_truth,26160,IKEv1,ESP,Tunnel,IPv4,AES-256-GCM,AEAD-GCM,PSK,Diffie-Hellman,DH14,False,True,3600,False,True,False,0x7C2217B3,0xC77F5A40,Email,TCP,IPv4,50,543,531,37,494,1,368,104,0.98,195408,77599,117809,0.3971,1020.408,Low,67,High,High,Legacy IKE version detected; Older DH group; policy review recommended; Perfect Forward Secrecy disabled,0.832,0.757,IKEv1|Tunnel|AES-256-GCM|DH14|False|IPv4|Email
IPSEC-057-16,ipsec-057-16.pcap,validation,synthetic_lab_ground_truth,26160,IKEv1,ESP,Tunnel,IPv4,AES-256-GCM,AEAD-GCM,PSK,Diffie-Hellman,DH14,False,True,7200,False,True,False,0x83CAC1C3,0xE9B76F64,File-Transfer,TCP,IPv4,50,3122,1494,42,1452,0,994,159,0.48,1485036,765119,719917,0.5152,2083.333,Low,67,High,High,Legacy IKE version detected; Older DH group; policy review recommended; Perfect Forward Secrecy disabled,0.793,0.854,IKEv1|Tunnel|AES-256-GCM|DH14|False|IPv4|File-Transfer
IPSEC-057-17,ipsec-057-17.pcap,validation,synthetic_lab_ground_truth,26160,IKEv1,ESP,Tunnel,IPv4,AES-256-GCM,AEAD-GCM,PSK,Diffie-Hellman,DH14,False,True,1800,False,True,False,0x2C915C4E,0x815C140D,VoIP,UDP,IPv4,50,2836,245,28,217,0,289,77,0.09,70805,25685,45120,0.3628,10000.0,Medium,67,High,High,Legacy IKE version detected; Older DH group; policy review recommended; Perfect Forward Secrecy disabled,0.827,0.827,IKEv1|Tunnel|AES-256-GCM|DH14|False|IPv4|VoIP
IPSEC-057-18,ipsec-057-18.pcap,test,synthetic_lab_ground_truth,26160,IKEv1,ESP,Tunnel,IPv4,AES-256-GCM,AEAD-GCM,PSK,Diffie-Hellman,DH14,False,True,3600,False,True,False,0x6EFFA24D,0x18694AAB,ICMP,ICMP/ICMPv6,IPv4,50,282,115,41,74,0,112,26,0.41,12880,6230,6650,0.4837,2439.024,Low,67,High,High,Legacy IKE version detected; Older DH group; policy review recommended; Perfect Forward Secrecy disabled,0.823,0.825,IKEv1|Tunnel|AES-256-GCM|DH14|False|IPv4|ICMP
IPSEC-057-19,ipsec-057-19.pcap,test,synthetic_lab_ground_truth,26160,IKEv1,ESP,Tunnel,IPv4,AES-256-GCM,AEAD-GCM,PSK,Diffie-Hellman,DH14,False,True,28800,False,True,False,0x82E088CD,0xDC900491,Video,TCP/QUIC,IPv4,50,4086,1023,42,981,2,565,241,0.25,577995,209518,368477,0.3625,4000.0,Medium,67,High,High,Legacy IKE version detected; Older DH group; policy review recommended; Perfect Forward Secrecy disabled,0.85,0.862,IKEv1|Tunnel|AES-256-GCM|DH14|False|IPv4|Video
IPSEC-057-20,ipsec-057-20.pcap,test,synthetic_lab_ground_truth,26160,IKEv1,ESP,Tunnel,IPv4,AES-256-GCM,AEAD-GCM,PSK,Diffie-Hellman,DH14,False,True,7200,False,True,False,0xF50A2F20,0x1C69AB31,Chat,TCP,IPv4,50,973,257,8,249,0,296,89,0.26,76072,40525,35547,0.5327,3846.154,Low,67,High,High,Legacy IKE version detected; Older DH group; policy review recommended; Perfect Forward Secrecy disabled,0.84,0.708,IKEv1|Tunnel|AES-256-GCM|DH14|False|IPv4|Chat
IPSEC-058-01,ipsec-058-01.pcap,train,synthetic_lab_ground_truth,26160,IKEv2,ESP,Tunnel,IPv4,AES-128-GCM,AEAD-GCM,RSA-Signature,Diffie-Hellman,DH2,True,True,7200,True,True,True,0x95898E85,0xC2E66A19,Email,TCP,IPv4,50,654,812,44,768,0,429,87,1.24,348348,195025,153323,0.5599,806.452,Low,75,Medium,Critical,Weak/legacy DH group,0.99,0.694,IKEv2|Tunnel|AES-128-GCM|DH2|True|IPv4|Email
IPSEC-058-02,ipsec-058-02.pcap,train,synthetic_lab_ground_truth,26160,IKEv2,ESP,Tunnel,IPv4,AES-128-GCM,AEAD-GCM,RSA-Signature,Diffie-Hellman,DH2,True,True,3600,False,True,False,0x5C347667,0x8959905C,File-Transfer,TCP,IPv4,50,2968,925,33,892,1,828,239,0.31,765900,420152,345748,0.5486,3225.806,Low,75,Medium,Critical,Weak/legacy DH group,0.936,0.797,IKEv2|Tunnel|AES-128-GCM|DH2|True|IPv4|File-Transfer
IPSEC-058-03,ipsec-058-03.pcap,train,synthetic_lab_ground_truth,26160,IKEv2,ESP,Tunnel,IPv4,AES-128-GCM,AEAD-GCM,RSA-Signature,Diffie-Hellman,DH2,True,True,3600,True,True,True,0x73930938,0x20DB99F1,VoIP,UDP,IPv4,50,2750,236,41,195,3,209,34,0.09,49324,16123,33201,0.3269,10000.0,Medium,75,Medium,Critical,Weak/legacy DH group,0.913,0.798,IKEv2|Tunnel|AES-128-GCM|DH2|True|IPv4|VoIP
IPSEC-058-04,ipsec-058-04.pcap,train,synthetic_lab_ground_truth,26160,IKEv2,ESP,Tunnel,IPv4,AES-128-GCM,AEAD-GCM,RSA-Signature,Diffie-Hellman,DH2,True,True,14400,False,True,False,0x3C2F92E7,0x243BDE47,ICMP,ICMP/ICMPv6,IPv4,50,192,65,32,33,1,75,23,0.34,4875,2838,2037,0.5822,2941.176,Low,75,Medium,Critical,Weak/legacy DH group,0.933,0.87,IKEv2|Tunnel|AES-128-GCM|DH2|True|IPv4|ICMP
IPSEC-058-05,ipsec-058-05.pcap,train,synthetic_lab_ground_truth,26160,IKEv2,ESP,Tunnel,IPv4,AES-128-GCM,AEAD-GCM,RSA-Signature,Diffie-Hellman,DH2,True,True,14400,False,True,False,0xB418D3C3,0xCCA73B47,Video,TCP/QUIC,IPv4,50,5972,1367,23,1344,0,516,153,0.23,705372,242471,462901,0.3437,4347.826,Medium,75,Medium,Critical,Weak/legacy DH group,0.938,0.821,IKEv2|Tunnel|AES-128-GCM|DH2|True|IPv4|Video
IPSEC-058-06,ipsec-058-06.pcap,train,synthetic_lab_ground_truth,26160,IKEv2,ESP,Tunnel,IPv4,AES-128-GCM,AEAD-GCM,RSA-Signature,Diffie-Hellman,DH2,True,True,28800,True,True,True,0x343F8423,0x8AA73910,Chat,TCP,IPv4,50,1220,449,42,407,0,232,50,0.37,104168,62507,41661,0.6001,2702.703,Low,75,Medium,Critical,Weak/legacy DH group,0.938,0.781,IKEv2|Tunnel|AES-128-GCM|DH2|True|IPv4|Chat
IPSEC-058-07,ipsec-058-07.pcap,train,synthetic_lab_ground_truth,26160,IKEv2,ESP,Tunnel,IPv4,AES-128-GCM,AEAD-GCM,RSA-Signature,Diffie-Hellman,DH2,True,True,14400,True,True,True,0x2599CF00,0x36CD2213,Web,TCP,IPv4,50,2258,900,32,868,1,503,138,0.4,452700,183640,269060,0.4057,2500.0,Low,75,Medium,Critical,Weak/legacy DH group,0.989,0.787,IKEv2|Tunnel|AES-128-GCM|DH2|True|IPv4|Web
IPSEC-058-08,ipsec-058-08.pcap,train,synthetic_lab_ground_truth,26160,IKEv2,ESP,Tunnel,IPv4,AES-128-GCM,AEAD-GCM,RSA-Signature,Diffie-Hellman,DH2,True,True,1800,True,True,True,0xA5F3FF54,0xF148D1AE,Email,TCP,IPv4,50,691,845,36,809,0,429,115,1.22,362505,212985,149520,0.5875,819.672,Low,75,Medium,Critical,Weak/legacy DH group,0.914,0.751,IKEv2|Tunnel|AES-128-GCM|DH2|True|IPv4|Email
IPSEC-058-09,ipsec-058-09.pcap,train,synthetic_lab_ground_truth,26160,IKEv2,ESP,Tunnel,IPv4,AES-128-GCM,AEAD-GCM,RSA-Signature,Diffie-Hellman,DH2,True,True,3600,False,True,False,0xB6092332,0x483BCE0C,File-Transfer,TCP,IPv4,50,4804,2129,38,2091,0,663,135,0.44,1411527,608606,802921,0.4312,2272.727,Low,75,Medium,Critical,Weak/legacy DH group,0.908,0.811,IKEv2|Tunnel|AES-128-GCM|DH2|True|IPv4|File-Transfer
IPSEC-058-10,ipsec-058-10.pcap,train,synthetic_lab_ground_truth,26160,IKEv2,ESP,Tunnel,IPv4,AES-128-GCM,AEAD-GCM,RSA-Signature,Diffie-Hellman,DH2,True,True,7200,False,True,False,0xA92871F5,0x33F1803E,VoIP,UDP,IPv4,50,2368,199,20,179,1,182,38,0.08,36218,17495,18723,0.483,10000.0,Medium,75,Medium,Critical,Weak/legacy DH group,0.916,0.804,IKEv2|Tunnel|AES-128-GCM|DH2|True|IPv4|VoIP
IPSEC-058-11,ipsec-058-11.pcap,train,synthetic_lab_ground_truth,26160,IKEv2,ESP,Tunnel,IPv4,AES-128-GCM,AEAD-GCM,RSA-Signature,Diffie-Hellman,DH2,True,True,7200,False,True,False,0x258FDA48,0xD7661EBB,ICMP,ICMP/ICMPv6,IPv4,50,267,91,20,71,0,95,24,0.34,8645,3711,4934,0.4293,2941.176,Low,75,Medium,Critical,Weak/legacy DH group,0.877,0.917,IKEv2|Tunnel|AES-128-GCM|DH2|True|IPv4|ICMP
IPSEC-058-12,ipsec-058-12.pcap,train,synthetic_lab_ground_truth,26160,IKEv2,ESP,Tunnel,IPv4,AES-128-GCM,AEAD-GCM,RSA-Signature,Diffie-Hellman,DH2,True,True,172800,False,True,False,0x635FDAD7,0x12DC2BD5,Video,TCP/QUIC,IPv4,50,3041,591,40,551,0,444,115,0.19,262404,97239,165165,0.3706,5263.158,Medium,67,High,Critical,Weak/legacy DH group; Long Security Association lifetime,0.926,0.841,IKEv2|Tunnel|AES-128-GCM|DH2|True|IPv4|Video
IPSEC-058-13,ipsec-058-13.pcap,train,synthetic_lab_ground_truth,26160,IKEv2,ESP,Tunnel,IPv4,AES-128-GCM,AEAD-GCM,RSA-Signature,Diffie-Hellman,DH2,True,True,300,False,True,False,0xB23BF93E,0x5C27EBB3,Chat,TCP,IPv4,50,1137,406,27,379,1,228,50,0.36,92568,40138,52430,0.4336,2777.778,Low,75,Medium,Critical,Weak/legacy DH group,0.961,0.722,IKEv2|Tunnel|AES-128-GCM|DH2|True|IPv4|Chat
IPSEC-058-14,ipsec-058-14.pcap,train,synthetic_lab_ground_truth,26160,IKEv2,ESP,Tunnel,IPv4,AES-128-GCM,AEAD-GCM,RSA-Signature,Diffie-Hellman,DH2,True,True,3600,True,True,True,0xC2D8AC8D,0xFB558BBD,Web,TCP,IPv4,50,2297,833,20,813,0,478,119,0.36,398174,135559,262615,0.3405,2777.778,Low,75,Medium,Critical,Weak/legacy DH group,0.93,0.75,IKEv2|Tunnel|AES-128-GCM|DH2|True|IPv4|Web
IPSEC-058-15,ipsec-058-15.pcap,validation,synthetic_lab_ground_truth,26160,IKEv2,ESP,Tunnel,IPv4,AES-128-GCM,AEAD-GCM,RSA-Signature,Diffie-Hellman,DH2,True,True,1800,False,True,False,0xD0934082,0x16705737,Email,TCP,IPv4,50,576,644,38,606,1,422,99,1.12,271768,168750,103018,0.6209,892.857,Low,75,Medium,Critical,Weak/legacy DH group,0.965,0.741,IKEv2|Tunnel|AES-128-GCM|DH2|True|IPv4|Email
IPSEC-058-16,ipsec-058-16.pcap,validation,synthetic_lab_ground_truth,26160,IKEv2,ESP,Tunnel,IPv4,AES-128-GCM,AEAD-GCM,RSA-Signature,Diffie-Hellman,DH2,True,True,1800,True,True,True,0x9C43B449,0xB99DC069,File-Transfer,TCP,IPv4,50,2809,1146,39,1107,0,882,142,0.41,1010772,489547,521225,0.4843,2439.024,Low,75,Medium,Critical,Weak/legacy DH group,0.916,0.793,IKEv2|Tunnel|AES-128-GCM|DH2|True|IPv4|File-Transfer
IPSEC-058-17,ipsec-058-17.pcap,validation,synthetic_lab_ground_truth,26160,IKEv2,ESP,Tunnel,IPv4,AES-128-GCM,AEAD-GCM,RSA-Signature,Diffie-Hellman,DH2,True,True,7200,False,True,False,0xF6871BC1,0xE68254AE,VoIP,UDP,IPv4,50,3354,300,37,263,0,192,54,0.09,57600,31301,26299,0.5434,10000.0,Medium,75,Medium,Critical,Weak/legacy DH group,0.947,0.876,IKEv2|Tunnel|AES-128-GCM|DH2|True|IPv4|VoIP
IPSEC-058-18,ipsec-058-18.pcap,test,synthetic_lab_ground_truth,26160,IKEv2,ESP,Tunnel,IPv4,AES-128-GCM,AEAD-GCM,RSA-Signature,Diffie-Hellman,DH2,True,True,3600,False,True,False,0xFAEB5085,0xD2DC0A97,ICMP,ICMP/ICMPv6,IPv4,50,175,49,27,22,1,100,44,0.28,4900,2905,1995,0.5929,3571.429,Low,75,Medium,Critical,Weak/legacy DH group,0.952,0.919,IKEv2|Tunnel|AES-128-GCM|DH2|True|IPv4|ICMP
IPSEC-058-19,ipsec-058-19.pcap,test,synthetic_lab_ground_truth,26160,IKEv2,ESP,Tunnel,IPv4,AES-128-GCM,AEAD-GCM,RSA-Signature,Diffie-Hellman,DH2,True,True,28800,False,True,False,0xD251CF25,0x15DFD8D2,Video,TCP/QUIC,IPv4,50,5058,1380,36,1344,2,529,129,0.27,730020,176751,553269,0.2421,3703.704,Medium,75,Medium,Critical,Weak/legacy DH group,0.912,0.783,IKEv2|Tunnel|AES-128-GCM|DH2|True|IPv4|Video
IPSEC-058-20,ipsec-058-20.pcap,test,synthetic_lab_ground_truth,26160,IKEv2,ESP,Tunnel,IPv4,AES-128-GCM,AEAD-GCM,RSA-Signature,Diffie-Hellman,DH2,True,False,300,False,True,False,0xE6C61206,0x26B352DB,Chat,TCP,IPv4,50,1185,367,41,326,1,247,58,0.31,90649,48607,42042,0.5362,3225.806,Low,50,High,Critical,Weak/legacy DH group; Replay protection disabled,0.925,0.711,IKEv2|Tunnel|AES-128-GCM|DH2|True|IPv4|Chat
IPSEC-059-01,ipsec-059-01.pcap,train,synthetic_lab_ground_truth,26160,IKEv2,ESP,Transport,IPv6,AES-256-GCM,AEAD-GCM,RSA-Signature,Diffie-Hellman,DH24,False,True,7200,True,True,True,0x52027C27,0x7062E80C,Email,TCP,IPv6,50,579,726,29,697,1,377,69,1.25,273702,142639,131063,0.5211,800.0,Medium,80,Medium,Medium,Perfect Forward Secrecy disabled,0.918,0.748,IKEv2|Transport|AES-256-GCM|DH24|False|IPv6|Email
IPSEC-059-02,ipsec-059-02.pcap,train,synthetic_lab_ground_truth,26160,IKEv2,ESP,Transport,IPv6,AES-256-GCM,AEAD-GCM,RSA-Signature,Diffie-Hellman,DH24,False,True,28800,False,True,False,0xFB42455C,0x75B01FB5,File-Transfer,TCP,IPv6,50,3122,1205,22,1183,0,867,212,0.39,1044735,530176,514559,0.5075,2564.103,Medium,80,Medium,Medium,Perfect Forward Secrecy disabled,0.933,0.839,IKEv2|Transport|AES-256-GCM|DH24|False|IPv6|File-Transfer
IPSEC-059-03,ipsec-059-03.pcap,train,synthetic_lab_ground_truth,26160,IKEv2,ESP,Transport,IPv6,AES-256-GCM,AEAD-GCM,RSA-Signature,Diffie-Hellman,DH24,False,True,7200,True,True,True,0xAF82B1AE,0x111AB270,VoIP,UDP,IPv6,50,4217,353,40,313,0,222,70,0.08,78366,41693,36673,0.532,10000.0,Medium,80,Medium,Medium,Perfect Forward Secrecy disabled,0.949,0.791,IKEv2|Transport|AES-256-GCM|DH24|False|IPv6|VoIP
IPSEC-059-04,ipsec-059-04.pcap,train,synthetic_lab_ground_truth,26160,IKEv2,ESP,Transport,IPv6,AES-256-GCM,AEAD-GCM,RSA-Signature,Diffie-Hellman,DH24,False,True,14400,False,True,False,0xF62FEB33,0x261B2E3D,ICMP,ICMP/ICMPv6,IPv6,50,250,94,30,64,1,96,21,0.38,9024,4148,4876,0.4597,2631.579,Medium,80,Medium,Medium,Perfect Forward Secrecy disabled,0.937,0.928,IKEv2|Transport|AES-256-GCM|DH24|False|IPv6|ICMP
IPSEC-059-05,ipsec-059-05.pcap,train,synthetic_lab_ground_truth,26160,IKEv2,ESP,Transport,IPv6,AES-256-GCM,AEAD-GCM,RSA-Signature,Diffie-Hellman,DH24,False,False,3600,False,True,False,0x9B07C41B,0x7FEBA14B,Video,TCP/QUIC,IPv6,50,5974,1655,21,1634,1,488,129,0.28,807640,282409,525231,0.3497,3571.429,Medium,55,High,Critical,Perfect Forward Secrecy disabled; Replay protection disabled,0.952,0.86,IKEv2|Transport|AES-256-GCM|DH24|False|IPv6|Video
IPSEC-059-06,ipsec-059-06.pcap,train,synthetic_lab_ground_truth,26160,IKEv2,ESP,Transport,IPv6,AES-256-GCM,AEAD-GCM,RSA-Signature,Diffie-Hellman,DH24,False,True,86400,True,True,True,0x212AE422,0x83446B3E,Chat,TCP,IPv6,50,1222,450,10,440,1,245,87,0.37,110250,45423,64827,0.412,2702.703,Medium,80,Medium,Medium,Perfect Forward Secrecy disabled,0.934,0.726,IKEv2|Transport|AES-256-GCM|DH24|False|IPv6|Chat
IPSEC-059-07,ipsec-059-07.pcap,train,synthetic_lab_ground_truth,26160,IKEv2,ESP,Transport,IPv6,AES-256-GCM,AEAD-GCM,RSA-Signature,Diffie-Hellman,DH24,False,True,14400,False,True,False,0x1CAC6FBB,0xBDB655CD,Web,TCP,IPv6,50,2884,1366,18,1348,1,628,144,0.47,857848,388404,469444,0.4528,2127.66,Medium,80,Medium,Medium,Perfect Forward Secrecy disabled,0.913,0.758,IKEv2|Transport|AES-256-GCM|DH24|False|IPv6|Web
IPSEC-059-08,ipsec-059-08.pcap,train,synthetic_lab_ground_truth,26160,IKEv2,ESP,Transport,IPv6,AES-256-GCM,AEAD-GCM,RSA-Signature,Diffie-Hellman,DH24,False,True,300,False,True,False,0x68FDE9D6,0x241AE8CB,Email,TCP,IPv6,50,680,798,14,784,2,510,126,1.17,406980,256165,150815,0.6294,854.701,Medium,80,Medium,Medium,Perfect Forward Secrecy disabled,0.94,0.72,IKEv2|Transport|AES-256-GCM|DH24|False|IPv6|Email
IPSEC-059-09,ipsec-059-09.pcap,train,synthetic_lab_ground_truth,26160,IKEv2,ESP,Transport,IPv6,AES-256-GCM,AEAD-GCM,RSA-Signature,Diffie-Hellman,DH24,False,True,600,False,True,False,0x69499314,0xC2784FF0,File-Transfer,TCP,IPv6,50,2647,1002,33,969,1,832,226,0.38,833664,384995,448669,0.4618,2631.579,Medium,80,Medium,Medium,Perfect Forward Secrecy disabled,0.967,0.766,IKEv2|Transport|AES-256-GCM|DH24|False|IPv6|File-Transfer
IPSEC-059-10,ipsec-059-10.pcap,train,synthetic_lab_ground_truth,26160,IKEv2,ESP,Transport,IPv6,AES-256-GCM,AEAD-GCM,RSA-Signature,Diffie-Hellman,DH24,False,True,3600,False,True,False,0x584619CB,0xCB283C44,VoIP,UDP,IPv6,50,2764,238,44,194,0,211,49,0.09,50218,20080,30138,0.3999,10000.0,Medium,80,Medium,Medium,Perfect Forward Secrecy disabled,0.924,0.764,IKEv2|Transport|AES-256-GCM|DH24|False|IPv6|VoIP
IPSEC-059-11,ipsec-059-11.pcap,train,synthetic_lab_ground_truth,26160,IKEv2,ESP,Transport,IPv6,AES-256-GCM,AEAD-GCM,RSA-Signature,Diffie-Hellman,DH24,False,True,1800,False,True,False,0xFE1E82CA,0x248D106F,ICMP,ICMP/ICMPv6,IPv6,50,262,83,20,63,0,100,28,0.32,8300,4622,3678,0.557,3125.0,Medium,80,Medium,Medium,Perfect Forward Secrecy disabled,0.98,0.94,IKEv2|Transport|AES-256-GCM|DH24|False|IPv6|ICMP
IPSEC-059-12,ipsec-059-12.pcap,train,synthetic_lab_ground_truth,26160,IKEv2,ESP,Transport,IPv6,AES-256-GCM,AEAD-GCM,RSA-Signature,Diffie-Hellman,DH24,False,True,14400,False,True,False,0xFFCBA068,0x21634004,Video,TCP/QUIC,IPv6,50,5025,1179,35,1144,0,551,162,0.23,649629,227372,422257,0.35,4347.826,Medium,80,Medium,Medium,Perfect Forward Secrecy disabled,0.96,0.849,IKEv2|Transport|AES-256-GCM|DH24|False|IPv6|Video
IPSEC-059-13,ipsec-059-13.pcap,train,synthetic_lab_ground_truth,26160,IKEv2,ESP,Transport,IPv6,AES-256-GCM,AEAD-GCM,RSA-Signature,Diffie-Hellman,DH24,False,True,7200,True,True,True,0x99B555DE,0xD4BDA591,Chat,TCP,IPv6,50,948,346,17,329,1,258,90,0.36,89268,47478,41790,0.5319,2777.778,Medium,80,Medium,Medium,Perfect Forward Secrecy disabled,0.967,0.694,IKEv2|Transport|AES-256-GCM|DH24|False|IPv6|Chat
IPSEC-059-14,ipsec-059-14.pcap,train,synthetic_lab_ground_truth,26160,IKEv2,ESP,Transport,IPv6,AES-256-GCM,AEAD-GCM,RSA-Signature,Diffie-Hellman,DH24,False,True,28800,True,True,True,0x3410534B,0xBFD00879,Web,TCP,IPv6,50,2045,795,8,787,3,643,180,0.39,511185,142800,368385,0.2794,2564.103,Medium,80,Medium,Medium,Perfect Forward Secrecy disabled,0.935,0.827,IKEv2|Transport|AES-256-GCM|DH24|False|IPv6|Web
IPSEC-059-15,ipsec-059-15.pcap,validation,synthetic_lab_ground_truth,26160,IKEv2,ESP,Transport,IPv6,AES-256-GCM,AEAD-GCM,RSA-Signature,Diffie-Hellman,DH24,False,True,1800,False,True,False,0x5E87F404,0x8C274BD6,Email,TCP,IPv6,50,565,747,14,733,0,443,128,1.32,330921,164602,166319,0.4974,757.576,Medium,80,Medium,Medium,Perfect Forward Secrecy disabled,0.911,0.72,IKEv2|Transport|AES-256-GCM|DH24|False|IPv6|Email
IPSEC-059-16,ipsec-059-16.pcap,validation,synthetic_lab_ground_truth,26160,IKEv2,ESP,Transport,IPv6,AES-256-GCM,AEAD-GCM,RSA-Signature,Diffie-Hellman,DH24,False,True,3600,True,True,True,0xE9AA9E4F,0x8D1B09E2,File-Transfer,TCP,IPv6,50,3346,1220,9,1211,1,853,201,0.36,1040660,460856,579804,0.4428,2777.778,Medium,80,Medium,Medium,Perfect Forward Secrecy disabled,0.926,0.861,IKEv2|Transport|AES-256-GCM|DH24|False|IPv6|File-Transfer
IPSEC-059-17,ipsec-059-17.pcap,validation,synthetic_lab_ground_truth,26160,IKEv2,ESP,Transport,IPv6,AES-256-GCM,AEAD-GCM,RSA-Signature,Diffie-Hellman,DH24,False,True,300,False,True,False,0x3BA732A5,0xF3376576,VoIP,UDP,IPv6,50,1680,158,10,148,0,226,48,0.09,35708,23110,12598,0.6472,10000.0,Medium,80,Medium,Medium,Perfect Forward Secrecy disabled,0.879,0.761,IKEv2|Transport|AES-256-GCM|DH24|False|IPv6|VoIP
IPSEC-059-18,ipsec-059-18.pcap,test,synthetic_lab_ground_truth,26160,IKEv2,ESP,Transport,IPv6,AES-256-GCM,AEAD-GCM,RSA-Signature,Diffie-Hellman,DH24,False,True,172800,False,True,False,0x9A4D8201,0x1A8DE0FC,ICMP,ICMP/ICMPv6,IPv6,50,212,83,17,66,2,90,16,0.39,7470,3410,4060,0.4565,2564.103,Medium,72,Medium,Medium,Perfect Forward Secrecy disabled; Long Security Association lifetime,0.946,0.932,IKEv2|Transport|AES-256-GCM|DH24|False|IPv6|ICMP
IPSEC-059-19,ipsec-059-19.pcap,test,synthetic_lab_ground_truth,26160,IKEv2,ESP,Transport,IPv6,AES-256-GCM,AEAD-GCM,RSA-Signature,Diffie-Hellman,DH24,False,False,14400,False,True,False,0xC48CCE9F,0x3379A77B,Video,TCP/QUIC,IPv6,50,5962,1451,15,1436,1,599,223,0.24,869149,358308,510841,0.4123,4166.667,Medium,55,High,Critical,Perfect Forward Secrecy disabled; Replay protection disabled,0.989,0.794,IKEv2|Transport|AES-256-GCM|DH24|False|IPv6|Video
IPSEC-059-20,ipsec-059-20.pcap,test,synthetic_lab_ground_truth,26160,IKEv2,ESP,Transport,IPv6,AES-256-GCM,AEAD-GCM,RSA-Signature,Diffie-Hellman,DH24,False,True,28800,False,True,False,0x74B4E98F,0x208E44E9,Chat,TCP,IPv6,50,1270,519,20,499,0,214,67,0.41,111066,44680,66386,0.4023,2439.024,Medium,80,Medium,Medium,Perfect Forward Secrecy disabled,0.927,0.739,IKEv2|Transport|AES-256-GCM|DH24|False|IPv6|Chat
IPSEC-060-01,ipsec-060-01.pcap,train,synthetic_lab_ground_truth,26160,IKEv1,ESP,Tunnel,IPv6,AES-128-CBC,HMAC-SHA1-96,RSA-Signature,Diffie-Hellman,DH19,False,True,86400,False,True,False,0xE9D137E7,0x18073386,Email,TCP,IPv6,50,635,789,19,770,0,462,202,1.24,364518,148877,215641,0.4084,806.452,Low,47,Critical,High,Legacy integrity algorithm: HMAC-SHA1-96; Legacy IKE version detected; Perfect Forward Secrecy disabled,0.778,0.81,IKEv1|Tunnel|AES-128-CBC|DH19|False|IPv6|Email
IPSEC-060-02,ipsec-060-02.pcap,train,synthetic_lab_ground_truth,26160,IKEv1,ESP,Tunnel,IPv6,AES-128-CBC,HMAC-SHA1-96,RSA-Signature,Diffie-Hellman,DH19,False,True,28800,True,True,True,0x7793D8FC,0x1E83CF6B,File-Transfer,TCP,IPv6,50,3626,1486,20,1466,1,806,215,0.41,1197716,552515,645201,0.4613,2439.024,Low,47,Critical,High,Legacy integrity algorithm: HMAC-SHA1-96; Legacy IKE version detected; Perfect Forward Secrecy disabled,0.732,0.824,IKEv1|Tunnel|AES-128-CBC|DH19|False|IPv6|File-Transfer
IPSEC-060-03,ipsec-060-03.pcap,train,synthetic_lab_ground_truth,26160,IKEv1,ESP,Tunnel,IPv6,AES-128-CBC,HMAC-SHA1-96,RSA-Signature,Diffie-Hellman,DH19,False,False,7200,True,True,True,0xA36F5E2B,0x3AA04A27,VoIP,UDP,IPv6,50,2648,226,40,186,0,250,24,0.09,56500,31214,25286,0.5525,10000.0,Medium,22,Critical,Critical,Legacy integrity algorithm: HMAC-SHA1-96; Legacy IKE version detected; Perfect Forward Secrecy disabled; Replay protection disabled,0.766,0.753,IKEv1|Tunnel|AES-128-CBC|DH19|False|IPv6|VoIP
IPSEC-060-04,ipsec-060-04.pcap,train,synthetic_lab_ground_truth,26160,IKEv1,ESP,Tunnel,IPv6,AES-128-CBC,HMAC-SHA1-96,RSA-Signature,Diffie-Hellman,DH19,False,True,7200,False,True,False,0x554538E2,0x8E685995,ICMP,ICMP/ICMPv6,IPv6,50,265,115,34,81,1,98,38,0.43,11270,4313,6957,0.3828,2325.581,Low,47,Critical,High,Legacy integrity algorithm: HMAC-SHA1-96; Legacy IKE version detected; Perfect Forward Secrecy disabled,0.779,0.88,IKEv1|Tunnel|AES-128-CBC|DH19|False|IPv6|ICMP
IPSEC-060-05,ipsec-060-05.pcap,train,synthetic_lab_ground_truth,26160,IKEv1,ESP,Tunnel,IPv6,AES-128-CBC,HMAC-SHA1-96,RSA-Signature,Diffie-Hellman,DH19,False,True,28800,False,True,False,0x831EAA6C,0xA28064B8,Video,TCP/QUIC,IPv6,50,6616,1643,17,1626,1,493,90,0.25,809999,257404,552595,0.3178,4000.0,Medium,47,Critical,High,Legacy integrity algorithm: HMAC-SHA1-96; Legacy IKE version detected; Perfect Forward Secrecy disabled,0.803,0.859,IKEv1|Tunnel|AES-128-CBC|DH19|False|IPv6|Video
IPSEC-060-06,ipsec-060-06.pcap,train,synthetic_lab_ground_truth,26160,IKEv1,ESP,Tunnel,IPv6,AES-128-CBC,HMAC-SHA1-96,RSA-Signature,Diffie-Hellman,DH19,False,True,86400,False,True,False,0xAF53A2B0,0xB6F3507F,Chat,TCP,IPv6,50,1004,446,20,426,1,309,109,0.44,137814,81944,55870,0.5946,2272.727,Low,47,Critical,High,Legacy integrity algorithm: HMAC-SHA1-96; Legacy IKE version detected; Perfect Forward Secrecy disabled,0.804,0.682,IKEv1|Tunnel|AES-128-CBC|DH19|False|IPv6|Chat
IPSEC-060-07,ipsec-060-07.pcap,train,synthetic_lab_ground_truth,26160,IKEv1,ESP,Tunnel,IPv6,AES-128-CBC,HMAC-SHA1-96,RSA-Signature,Diffie-Hellman,DH19,False,True,3600,False,True,False,0xDCE138A3,0x42468297,Web,TCP,IPv6,50,2007,920,12,908,1,624,147,0.46,574080,188929,385151,0.3291,2173.913,Low,47,Critical,High,Legacy integrity algorithm: HMAC-SHA1-96; Legacy IKE version detected; Perfect Forward Secrecy disabled,0.832,0.821,IKEv1|Tunnel|AES-128-CBC|DH19|False|IPv6|Web
IPSEC-060-08,ipsec-060-08.pcap,train,synthetic_lab_ground_truth,26160,IKEv1,ESP,Tunnel,IPv6,AES-128-CBC,HMAC-SHA1-96,RSA-Signature,Diffie-Hellman,DH19,False,True,1800,True,True,True,0x54C362F7,0x810EE2BE,Email,TCP,IPv6,50,685,910,41,869,0,445,99,1.33,404950,203389,201561,0.5023,751.88,Low,47,Critical,High,Legacy integrity algorithm: HMAC-SHA1-96; Legacy IKE version detected; Perfect Forward Secrecy disabled,0.766,0.681,IKEv1|Tunnel|AES-128-CBC|DH19|False|IPv6|Email
IPSEC-060-09,ipsec-060-09.pcap,train,synthetic_lab_ground_truth,26160,IKEv1,ESP,Tunnel,IPv6,AES-128-CBC,HMAC-SHA1-96,RSA-Signature,Diffie-Hellman,DH19,False,True,3600,False,True,False,0x640BFE7A,0x41CA4983,File-Transfer,TCP,IPv6,50,3654,1865,41,1824,0,750,136,0.51,1398750,740854,657896,0.5297,1960.784,Low,47,Critical,High,Legacy integrity algorithm: HMAC-SHA1-96; Legacy IKE version detected; Perfect Forward Secrecy disabled,0.815,0.757,IKEv1|Tunnel|AES-128-CBC|DH19|False|IPv6|File-Transfer
IPSEC-060-10,ipsec-060-10.pcap,train,synthetic_lab_ground_truth,26160,IKEv1,ESP,Tunnel,IPv6,AES-128-CBC,HMAC-SHA1-96,RSA-Signature,Diffie-Hellman,DH19,False,True,3600,False,True,False,0x16AAB8A9,0x8CF67031,VoIP,UDP,IPv6,50,2187,147,19,128,1,199,34,0.07,29253,14531,14722,0.4968,10000.0,Medium,47,Critical,High,Legacy integrity algorithm: HMAC-SHA1-96; Legacy IKE version detected; Perfect Forward Secrecy disabled,0.776,0.756,IKEv1|Tunnel|AES-128-CBC|DH19|False|IPv6|VoIP
IPSEC-060-11,ipsec-060-11.pcap,train,synthetic_lab_ground_truth,26160,IKEv1,ESP,Tunnel,IPv6,AES-128-CBC,HMAC-SHA1-96,RSA-Signature,Diffie-Hellman,DH19,False,True,3600,False,True,False,0xB229613D,0xDDE02655,ICMP,ICMP/ICMPv6,IPv6,50,282,110,29,81,1,82,16,0.39,9020,5159,3861,0.572,2564.103,Low,47,Critical,High,Legacy integrity algorithm: HMAC-SHA1-96; Legacy IKE version detected; Perfect Forward Secrecy disabled,0.761,0.871,IKEv1|Tunnel|AES-128-CBC|DH19|False|IPv6|ICMP
IPSEC-060-12,ipsec-060-12.pcap,train,synthetic_lab_ground_truth,26160,IKEv1,ESP,Tunnel,IPv6,AES-128-CBC,HMAC-SHA1-96,RSA-Signature,Diffie-Hellman,DH19,False,True,14400,False,True,False,0x44488E8E,0xA7A99FEA,Video,TCP/QUIC,IPv6,50,3437,746,11,735,0,491,122,0.22,366286,128143,238143,0.3498,4545.455,Medium,47,Critical,High,Legacy integrity algorithm: HMAC-SHA1-96; Legacy IKE version detected; Perfect Forward Secrecy disabled,0.813,0.887,IKEv1|Tunnel|AES-128-CBC|DH19|False|IPv6|Video
IPSEC-060-13,ipsec-060-13.pcap,train,synthetic_lab_ground_truth,26160,IKEv1,ESP,Tunnel,IPv6,AES-128-CBC,HMAC-SHA1-96,RSA-Signature,Diffie-Hellman,DH19,False,True,3600,True,True,True,0x514366ED,0xFF5A1455,Chat,TCP,IPv6,50,1469,581,44,537,0,279,74,0.4,162099,94724,67375,0.5844,2500.0,Low,47,Critical,High,Legacy integrity algorithm: HMAC-SHA1-96; Legacy IKE version detected; Perfect Forward Secrecy disabled,0.775,0.73,IKEv1|Tunnel|AES-128-CBC|DH19|False|IPv6|Chat
IPSEC-060-14,ipsec-060-14.pcap,train,synthetic_lab_ground_truth,26160,IKEv1,ESP,Tunnel,IPv6,AES-128-CBC,HMAC-SHA1-96,RSA-Signature,Diffie-Hellman,DH19,False,True,86400,False,True,False,0xB49D5DC9,0x223CBC5D,Web,TCP,IPv6,50,2602,1165,15,1150,1,571,149,0.45,665215,215273,449942,0.3236,2222.222,Low,47,Critical,High,Legacy integrity algorithm: HMAC-SHA1-96; Legacy IKE version detected; Perfect Forward Secrecy disabled,0.775,0.777,IKEv1|Tunnel|AES-128-CBC|DH19|False|IPv6|Web
IPSEC-060-15,ipsec-060-15.pcap,validation,synthetic_lab_ground_truth,26160,IKEv1,ESP,Tunnel,IPv6,AES-128-CBC,HMAC-SHA1-96,RSA-Signature,Diffie-Hellman,DH19,False,True,7200,False,True,False,0x767172AC,0x9FE36276,Email,TCP,IPv6,50,706,778,9,769,1,418,98,1.1,325204,182622,142582,0.5616,909.091,Low,47,Critical,High,Legacy integrity algorithm: HMAC-SHA1-96; Legacy IKE version detected; Perfect Forward Secrecy disabled,0.78,0.688,IKEv1|Tunnel|AES-128-CBC|DH19|False|IPv6|Email
IPSEC-060-16,ipsec-060-16.pcap,validation,synthetic_lab_ground_truth,26160,IKEv1,ESP,Tunnel,IPv6,AES-128-CBC,HMAC-SHA1-96,RSA-Signature,Diffie-Hellman,DH19,False,True,3600,False,True,False,0x54EBEC64,0x800398BE,File-Transfer,TCP,IPv6,50,3477,1745,9,1736,0,1029,166,0.5,1795605,841141,954464,0.4684,2000.0,Low,47,Critical,High,Legacy integrity algorithm: HMAC-SHA1-96; Legacy IKE version detected; Perfect Forward Secrecy disabled,0.753,0.791,IKEv1|Tunnel|AES-128-CBC|DH19|False|IPv6|File-Transfer
IPSEC-060-17,ipsec-060-17.pcap,validation,synthetic_lab_ground_truth,26160,IKEv1,ESP,Tunnel,IPv6,AES-128-CBC,HMAC-SHA1-96,RSA-Signature,Diffie-Hellman,DH19,False,True,3600,False,True,False,0x46F8DBC7,0xF18B1BE6,VoIP,UDP,IPv6,50,3042,231,12,219,1,223,76,0.08,51513,27881,23632,0.5413,10000.0,Medium,47,Critical,High,Legacy integrity algorithm: HMAC-SHA1-96; Legacy IKE version detected; Perfect Forward Secrecy disabled,0.758,0.811,IKEv1|Tunnel|AES-128-CBC|DH19|False|IPv6|VoIP
IPSEC-060-18,ipsec-060-18.pcap,test,synthetic_lab_ground_truth,26160,IKEv1,ESP,Tunnel,IPv6,AES-128-CBC,HMAC-SHA1-96,RSA-Signature,Diffie-Hellman,DH19,False,True,1800,True,True,True,0xDB483854,0xBC7E95FA,ICMP,ICMP/ICMPv6,IPv6,50,207,79,44,35,0,92,20,0.38,7268,4101,3167,0.5643,2631.579,Low,47,Critical,High,Legacy integrity algorithm: HMAC-SHA1-96; Legacy IKE version detected; Perfect Forward Secrecy disabled,0.779,0.924,IKEv1|Tunnel|AES-128-CBC|DH19|False|IPv6|ICMP
IPSEC-060-19,ipsec-060-19.pcap,test,synthetic_lab_ground_truth,26160,IKEv1,ESP,Tunnel,IPv6,AES-128-CBC,HMAC-SHA1-96,RSA-Signature,Diffie-Hellman,DH19,False,True,14400,True,True,True,0xC6B5617B,0xB79360D0,Video,TCP/QUIC,IPv6,50,3555,1105,22,1083,0,540,42,0.31,596700,172479,424221,0.2891,3225.806,Medium,47,Critical,High,Legacy integrity algorithm: HMAC-SHA1-96; Legacy IKE version detected; Perfect Forward Secrecy disabled,0.799,0.789,IKEv1|Tunnel|AES-128-CBC|DH19|False|IPv6|Video
IPSEC-060-20,ipsec-060-20.pcap,test,synthetic_lab_ground_truth,26160,IKEv1,ESP,Tunnel,IPv6,AES-128-CBC,HMAC-SHA1-96,RSA-Signature,Diffie-Hellman,DH19,False,True,86400,False,True,False,0x1CDAB14B,0x8B7CD530,Chat,TCP,IPv6,50,1604,639,12,627,1,244,68,0.4,155916,87199,68717,0.5593,2500.0,Low,47,Critical,High,Legacy integrity algorithm: HMAC-SHA1-96; Legacy IKE version detected; Perfect Forward Secrecy disabled,0.799,0.766,IKEv1|Tunnel|AES-128-CBC|DH19|False|IPv6|Chat
IPSEC-061-01,ipsec-061-01.pcap,train,synthetic_lab_ground_truth,26160,IKEv2,ESP,Transport,IPv4,AES-128-CBC,HMAC-SHA256-128,RSA-Signature,Diffie-Hellman,DH20,True,True,7200,False,True,False,0xFC52A968,0x4FBF795B,Email,TCP,IPv4,50,564,658,17,641,0,401,112,1.17,263858,102608,161250,0.3889,854.701,Medium,92,Low,Informational,No major policy violations detected,0.877,0.756,IKEv2|Transport|AES-128-CBC|DH20|True|IPv4|Email
IPSEC-061-02,ipsec-061-02.pcap,train,synthetic_lab_ground_truth,26160,IKEv2,ESP,Transport,IPv4,AES-128-CBC,HMAC-SHA256-128,RSA-Signature,Diffie-Hellman,DH20,True,True,3600,False,True,False,0xC1D13689,0x56C2978C,File-Transfer,TCP,IPv4,50,3506,1634,43,1591,2,821,292,0.47,1341514,740752,600762,0.5522,2127.66,Medium,92,Low,Informational,No major policy violations detected,0.884,0.808,IKEv2|Transport|AES-128-CBC|DH20|True|IPv4|File-Transfer
IPSEC-061-03,ipsec-061-03.pcap,train,synthetic_lab_ground_truth,26160,IKEv2,ESP,Transport,IPv4,AES-128-CBC,HMAC-SHA256-128,RSA-Signature,Diffie-Hellman,DH20,True,True,7200,False,True,False,0xAFE0E5A7,0x6B3135F4,VoIP,UDP,IPv4,50,3387,273,26,247,0,239,51,0.08,65247,29174,36073,0.4471,10000.0,Medium,92,Low,Informational,No major policy violations detected,0.914,0.8,IKEv2|Transport|AES-128-CBC|DH20|True|IPv4|VoIP
IPSEC-061-04,ipsec-061-04.pcap,train,synthetic_lab_ground_truth,26160,IKEv2,ESP,Transport,IPv4,AES-128-CBC,HMAC-SHA256-128,RSA-Signature,Diffie-Hellman,DH20,True,False,300,False,True,False,0x5C62AFFC,0xF3F8A5B2,ICMP,ICMP/ICMPv6,IPv4,50,195,73,32,41,0,109,34,0.37,7957,3339,4618,0.4197,2702.703,Medium,67,High,Critical,Replay protection disabled,0.925,0.899,IKEv2|Transport|AES-128-CBC|DH20|True|IPv4|ICMP
IPSEC-061-05,ipsec-061-05.pcap,train,synthetic_lab_ground_truth,26160,IKEv2,ESP,Transport,IPv4,AES-128-CBC,HMAC-SHA256-128,RSA-Signature,Diffie-Hellman,DH20,True,True,7200,False,True,False,0x70E6E683,0xE793A316,Video,TCP/QUIC,IPv4,50,4475,1012,36,976,0,469,74,0.23,474628,126247,348381,0.266,4347.826,Medium,92,Low,Informational,No major policy violations detected,0.903,0.856,IKEv2|Transport|AES-128-CBC|DH20|True|IPv4|Video
IPSEC-061-06,ipsec-061-06.pcap,train,synthetic_lab_ground_truth,26160,IKEv2,ESP,Transport,IPv4,AES-128-CBC,HMAC-SHA256-128,RSA-Signature,Diffie-Hellman,DH20,True,True,7200,False,True,False,0x3FD086A9,0x82415DC7,Chat,TCP,IPv4,50,943,430,40,390,2,280,90,0.46,120400,58809,61591,0.4885,2173.913,Medium,92,Low,Informational,No major policy violations detected,0.863,0.727,IKEv2|Transport|AES-128-CBC|DH20|True|IPv4|Chat
IPSEC-061-07,ipsec-061-07.pcap,train,synthetic_lab_ground_truth,26160,IKEv2,ESP,Transport,IPv4,AES-128-CBC,HMAC-SHA256-128,RSA-Signature,Diffie-Hellman,DH20,True,True,86400,False,True,False,0x305A2826,0x5C2D03CB,Web,TCP,IPv4,50,2648,1152,43,1109,1,445,109,0.44,512640,205376,307264,0.4006,2272.727,Medium,92,Low,Informational,No major policy violations detected,0.91,0.86,IKEv2|Transport|AES-128-CBC|DH20|True|IPv4|Web
IPSEC-061-08,ipsec-061-08.pcap,train,synthetic_lab_ground_truth,26160,IKEv2,ESP,Transport,IPv4,AES-128-CBC,HMAC-SHA256-128,RSA-Signature,Diffie-Hellman,DH20,True,True,28800,True,True,True,0x58EF961D,0x8F5C8DDD,Email,TCP,IPv4,50,544,710,19,691,0,493,144,1.31,350030,225025,125005,0.6429,763.359,Medium,92,Low,Informational,No major policy violations detected,0.91,0.724,IKEv2|Transport|AES-128-CBC|DH20|True|IPv4|Email
IPSEC-061-09,ipsec-061-09.pcap,train,synthetic_lab_ground_truth,26160,IKEv2,ESP,Transport,IPv4,AES-128-CBC,HMAC-SHA256-128,RSA-Signature,Diffie-Hellman,DH20,True,True,28800,False,True,False,0xFF87BA95,0xF53449FE,File-Transfer,TCP,IPv4,50,3478,1477,10,1467,0,903,217,0.42,1333731,884873,448858,0.6635,2380.952,Medium,92,Low,Informational,No major policy violations detected,0.885,0.81,IKEv2|Transport|AES-128-CBC|DH20|True|IPv4|File-Transfer
IPSEC-061-10,ipsec-061-10.pcap,train,synthetic_lab_ground_truth,26160,IKEv2,ESP,Transport,IPv4,AES-128-CBC,HMAC-SHA256-128,RSA-Signature,Diffie-Hellman,DH20,True,True,14400,True,True,True,0xEB62BB88,0xA049A18A,VoIP,UDP,IPv4,50,3761,327,41,286,0,218,23,0.09,71286,37887,33399,0.5315,10000.0,Medium,92,Low,Informational,No major policy violations detected,0.911,0.771,IKEv2|Transport|AES-128-CBC|DH20|True|IPv4|VoIP
IPSEC-061-11,ipsec-061-11.pcap,train,synthetic_lab_ground_truth,26160,IKEv2,ESP,Transport,IPv4,AES-128-CBC,HMAC-SHA256-128,RSA-Signature,Diffie-Hellman,DH20,True,True,14400,False,True,False,0xD1C27BB9,0x38816C09,ICMP,ICMP/ICMPv6,IPv4,50,268,126,16,110,0,99,19,0.47,12474,4834,7640,0.3875,2127.66,Medium,92,Low,Informational,No major policy violations detected,0.894,0.926,IKEv2|Transport|AES-128-CBC|DH20|True|IPv4|ICMP
IPSEC-061-12,ipsec-061-12.pcap,train,synthetic_lab_ground_truth,26160,IKEv2,ESP,Transport,IPv4,AES-128-CBC,HMAC-SHA256-128,RSA-Signature,Diffie-Hellman,DH20,True,True,3600,False,True,False,0x6C7F0EB3,0x6F3A3548,Video,TCP/QUIC,IPv4,50,3938,1009,25,984,1,509,118,0.26,513581,137343,376238,0.2674,3846.154,Medium,92,Low,Informational,No major policy violations detected,0.937,0.923,IKEv2|Transport|AES-128-CBC|DH20|True|IPv4|Video
IPSEC-061-13,ipsec-061-13.pcap,train,synthetic_lab_ground_truth,26160,IKEv2,ESP,Transport,IPv4,AES-128-CBC,HMAC-SHA256-128,RSA-Signature,Diffie-Hellman,DH20,True,True,28800,False,True,False,0xF86D39B6,0xD54D7058,Chat,TCP,IPv4,50,1151,413,26,387,0,265,78,0.36,109445,42066,67379,0.3844,2777.778,Medium,92,Low,Informational,No major policy violations detected,0.942,0.668,IKEv2|Transport|AES-128-CBC|DH20|True|IPv4|Chat
IPSEC-061-14,ipsec-061-14.pcap,train,synthetic_lab_ground_truth,26160,IKEv2,ESP,Transport,IPv4,AES-128-CBC,HMAC-SHA256-128,RSA-Signature,Diffie-Hellman,DH20,True,True,3600,True,True,True,0xD20658DA,0x9B642B58,Web,TCP,IPv4,50,2161,973,8,965,0,522,157,0.45,507906,155106,352800,0.3054,2222.222,Medium,92,Low,Informational,No major policy violations detected,0.871,0.773,IKEv2|Transport|AES-128-CBC|DH20|True|IPv4|Web
IPSEC-061-15,ipsec-061-15.pcap,validation,synthetic_lab_ground_truth,26160,IKEv2,ESP,Transport,IPv4,AES-128-CBC,HMAC-SHA256-128,RSA-Signature,Diffie-Hellman,DH20,True,True,7200,False,True,False,0x2441E29B,0xBCA70977,Email,TCP,IPv4,50,541,894,33,861,0,496,141,1.65,443424,179836,263588,0.4056,606.061,Medium,92,Low,Informational,No major policy violations detected,0.86,0.703,IKEv2|Transport|AES-128-CBC|DH20|True|IPv4|Email
IPSEC-061-16,ipsec-061-16.pcap,validation,synthetic_lab_ground_truth,26160,IKEv2,ESP,Transport,IPv4,AES-128-CBC,HMAC-SHA256-128,RSA-Signature,Diffie-Hellman,DH20,True,False,28800,True,True,True,0xF38BE3F9,0x9A1F07B3,File-Transfer,TCP,IPv4,50,2798,1197,24,1173,1,872,244,0.43,1043784,543175,500609,0.5204,2325.581,Medium,67,High,Critical,Replay protection disabled,0.887,0.792,IKEv2|Transport|AES-128-CBC|DH20|True|IPv4|File-Transfer
IPSEC-061-17,ipsec-061-17.pcap,validation,synthetic_lab_ground_truth,26160,IKEv2,ESP,Transport,IPv4,AES-128-CBC,HMAC-SHA256-128,RSA-Signature,Diffie-Hellman,DH20,True,True,7200,False,True,False,0x666F0EAE,0x3C566D8B,VoIP,UDP,IPv4,50,2055,172,37,135,1,178,52,0.08,30616,11557,19059,0.3775,10000.0,Medium,92,Low,Informational,No major policy violations detected,0.918,0.757,IKEv2|Transport|AES-128-CBC|DH20|True|IPv4|VoIP
IPSEC-061-18,ipsec-061-18.pcap,test,synthetic_lab_ground_truth,26160,IKEv2,ESP,Transport,IPv4,AES-128-CBC,HMAC-SHA256-128,RSA-Signature,Diffie-Hellman,DH20,True,True,28800,False,True,False,0xA534A7D4,0x522352E1,ICMP,ICMP/ICMPv6,IPv4,50,295,116,15,101,0,97,27,0.39,11252,5382,5870,0.4783,2564.103,Medium,92,Low,Informational,No major policy violations detected,0.879,0.915,IKEv2|Transport|AES-128-CBC|DH20|True|IPv4|ICMP
IPSEC-061-19,ipsec-061-19.pcap,test,synthetic_lab_ground_truth,26160,IKEv2,ESP,Transport,IPv4,AES-128-CBC,HMAC-SHA256-128,RSA-Signature,Diffie-Hellman,DH20,True,True,14400,False,True,False,0x39A5EABC,0x17A24489,Video,TCP/QUIC,IPv4,50,4501,1160,22,1138,1,467,96,0.26,541720,124466,417254,0.2298,3846.154,Medium,92,Low,Informational,No major policy violations detected,0.902,0.771,IKEv2|Transport|AES-128-CBC|DH20|True|IPv4|Video
IPSEC-061-20,ipsec-061-20.pcap,test,synthetic_lab_ground_truth,26160,IKEv2,ESP,Transport,IPv4,AES-128-CBC,HMAC-SHA256-128,RSA-Signature,Diffie-Hellman,DH20,True,True,14400,True,True,True,0xBCDFBDB1,0xA8DE1FDA,Chat,TCP,IPv4,50,1054,418,43,375,1,260,75,0.4,108680,50253,58427,0.4624,2500.0,Medium,92,Low,Informational,No major policy violations detected,0.905,0.738,IKEv2|Transport|AES-128-CBC|DH20|True|IPv4|Chat
IPSEC-062-01,ipsec-062-01.pcap,train,synthetic_lab_ground_truth,26160,IKEv2,ESP,Tunnel,IPv6,AES-128-GCM,AEAD-GCM,ECDSA-Signature,Diffie-Hellman,DH19,True,True,7200,False,True,False,0x9130FA11,0x7A43DE0F,Email,TCP,IPv6,50,541,743,20,723,0,499,101,1.37,370757,149057,221700,0.402,729.927,Low,100,Low,Informational,No major policy violations detected,0.935,0.72,IKEv2|Tunnel|AES-128-GCM|DH19|True|IPv6|Email
IPSEC-062-02,ipsec-062-02.pcap,train,synthetic_lab_ground_truth,26160,IKEv2,ESP,Tunnel,IPv6,AES-128-GCM,AEAD-GCM,ECDSA-Signature,Diffie-Hellman,DH19,True,True,7200,False,True,False,0x43FDF224,0x959B1009,File-Transfer,TCP,IPv6,50,2706,1096,15,1081,1,885,268,0.41,969960,509005,460955,0.5248,2439.024,Low,100,Low,Informational,No major policy violations detected,0.939,0.795,IKEv2|Tunnel|AES-128-GCM|DH19|True|IPv6|File-Transfer
IPSEC-062-03,ipsec-062-03.pcap,train,synthetic_lab_ground_truth,26160,IKEv2,ESP,Tunnel,IPv6,AES-128-GCM,AEAD-GCM,ECDSA-Signature,Diffie-Hellman,DH19,True,True,3600,True,True,True,0x5BB349E5,0xE8D75E96,VoIP,UDP,IPv6,50,2925,278,18,260,0,211,34,0.1,58658,30422,28236,0.5186,10000.0,Medium,100,Low,Informational,No major policy violations detected,0.966,0.708,IKEv2|Tunnel|AES-128-GCM|DH19|True|IPv6|VoIP
IPSEC-062-04,ipsec-062-04.pcap,train,synthetic_lab_ground_truth,26160,IKEv2,ESP,Tunnel,IPv6,AES-128-GCM,AEAD-GCM,ECDSA-Signature,Diffie-Hellman,DH19,True,True,7200,False,True,False,0x36356D76,0x209DC1EF,ICMP,ICMP/ICMPv6,IPv6,50,225,81,32,49,2,109,24,0.36,8829,4802,4027,0.5439,2777.778,Low,100,Low,Informational,No major policy violations detected,0.951,0.898,IKEv2|Tunnel|AES-128-GCM|DH19|True|IPv6|ICMP
IPSEC-062-05,ipsec-062-05.pcap,train,synthetic_lab_ground_truth,26160,IKEv2,ESP,Tunnel,IPv6,AES-128-GCM,AEAD-GCM,ECDSA-Signature,Diffie-Hellman,DH19,True,True,14400,False,True,False,0x11A76599,0xE324AEC8,Video,TCP/QUIC,IPv6,50,5416,1401,39,1362,2,489,147,0.26,685089,207193,477896,0.3024,3846.154,Medium,100,Low,Informational,No major policy violations detected,0.99,0.825,IKEv2|Tunnel|AES-128-GCM|DH19|True|IPv6|Video
IPSEC-062-06,ipsec-062-06.pcap,train,synthetic_lab_ground_truth,26160,IKEv2,ESP,Tunnel,IPv6,AES-128-GCM,AEAD-GCM,ECDSA-Signature,Diffie-Hellman,DH19,True,True,600,True,True,True,0x334307BE,0x8000E3AB,Chat,TCP,IPv6,50,1007,350,33,317,1,295,107,0.35,103250,36068,67182,0.3493,2857.143,Low,100,Low,Informational,No major policy violations detected,0.96,0.718,IKEv2|Tunnel|AES-128-GCM|DH19|True|IPv6|Chat
IPSEC-062-07,ipsec-062-07.pcap,train,synthetic_lab_ground_truth,26160,IKEv2,ESP,Tunnel,IPv6,AES-128-GCM,AEAD-GCM,ECDSA-Signature,Diffie-Hellman,DH19,True,True,28800,True,True,True,0xE7BAE3C0,0x9B2B2288,Web,TCP,IPv6,50,1583,471,28,443,0,499,82,0.3,235029,111498,123531,0.4744,3333.333,Low,100,Low,Informational,No major policy violations detected,0.896,0.771,IKEv2|Tunnel|AES-128-GCM|DH19|True|IPv6|Web
IPSEC-062-08,ipsec-062-08.pcap,train,synthetic_lab_ground_truth,26160,IKEv2,ESP,Tunnel,IPv6,AES-128-GCM,AEAD-GCM,ECDSA-Signature,Diffie-Hellman,DH19,True,True,14400,False,True,False,0x84CDDC63,0x25FFB1A0,Email,TCP,IPv6,50,736,1026,40,986,1,376,93,1.39,385776,179905,205871,0.4663,719.424,Low,100,Low,Informational,No major policy violations detected,0.924,0.696,IKEv2|Tunnel|AES-128-GCM|DH19|True|IPv6|Email
IPSEC-062-09,ipsec-062-09.pcap,train,synthetic_lab_ground_truth,26160,IKEv2,ESP,Tunnel,IPv6,AES-128-GCM,AEAD-GCM,ECDSA-Signature,Diffie-Hellman,DH19,True,True,1800,True,True,True,0x87A3257A,0x950AB1B2,File-Transfer,TCP,IPv6,50,2628,1212,42,1170,0,762,201,0.46,923544,406511,517033,0.4402,2173.913,Low,100,Low,Informational,No major policy violations detected,0.983,0.825,IKEv2|Tunnel|AES-128-GCM|DH19|True|IPv6|File-Transfer
IPSEC-062-10,ipsec-062-10.pcap,train,synthetic_lab_ground_truth,26160,IKEv2,ESP,Tunnel,IPv6,AES-128-GCM,AEAD-GCM,ECDSA-Signature,Diffie-Hellman,DH19,True,False,14400,True,True,True,0xA0BC93AD,0x562BC853,VoIP,UDP,IPv6,50,3279,252,44,208,0,187,60,0.08,47124,18198,28926,0.3862,10000.0,Medium,75,Medium,Critical,Replay protection disabled,0.93,0.745,IKEv2|Tunnel|AES-128-GCM|DH19|True|IPv6|VoIP
IPSEC-062-11,ipsec-062-11.pcap,train,synthetic_lab_ground_truth,26160,IKEv2,ESP,Tunnel,IPv6,AES-128-GCM,AEAD-GCM,ECDSA-Signature,Diffie-Hellman,DH19,True,True,28800,True,True,True,0xFD667A71,0x2098F97E,ICMP,ICMP/ICMPv6,IPv6,50,256,107,19,88,0,99,21,0.42,10593,5908,4685,0.5578,2380.952,Low,100,Low,Informational,No major policy violations detected,0.957,0.869,IKEv2|Tunnel|AES-128-GCM|DH19|True|IPv6|ICMP
IPSEC-062-12,ipsec-062-12.pcap,train,synthetic_lab_ground_truth,26160,IKEv2,ESP,Tunnel,IPv6,AES-128-GCM,AEAD-GCM,ECDSA-Signature,Diffie-Hellman,DH19,True,True,14400,True,True,True,0x5BFC57E6,0xB4B3E779,Video,TCP/QUIC,IPv6,50,3528,1065,41,1024,2,675,159,0.3,718875,297975,420900,0.4145,3333.333,Medium,100,Low,Informational,No major policy violations detected,0.982,0.805,IKEv2|Tunnel|AES-128-GCM|DH19|True|IPv6|Video
IPSEC-062-13,ipsec-062-13.pcap,train,synthetic_lab_ground_truth,26160,IKEv2,ESP,Tunnel,IPv6,AES-128-GCM,AEAD-GCM,ECDSA-Signature,Diffie-Hellman,DH19,True,True,14400,False,True,False,0x8B6199DD,0xFA36C20C,Chat,TCP,IPv6,50,1513,567,27,540,0,251,68,0.37,142317,45851,96466,0.3222,2702.703,Low,100,Low,Informational,No major policy violations detected,0.942,0.667,IKEv2|Tunnel|AES-128-GCM|DH19|True|IPv6|Chat
IPSEC-062-14,ipsec-062-14.pcap,train,synthetic_lab_ground_truth,26160,IKEv2,ESP,Tunnel,IPv6,AES-128-GCM,AEAD-GCM,ECDSA-Signature,Diffie-Hellman,DH19,True,True,300,False,True,False,0xD2C869AA,0xB5503FAC,Web,TCP,IPv6,50,1854,824,18,806,1,612,109,0.44,504288,238980,265308,0.4739,2272.727,Low,100,Low,Informational,No major policy violations detected,0.958,0.834,IKEv2|Tunnel|AES-128-GCM|DH19|True|IPv6|Web
IPSEC-062-15,ipsec-062-15.pcap,validation,synthetic_lab_ground_truth,26160,IKEv2,ESP,Tunnel,IPv6,AES-128-GCM,AEAD-GCM,ECDSA-Signature,Diffie-Hellman,DH19,True,True,28800,False,True,False,0xA8354B6E,0xBAF4219A,Email,TCP,IPv6,50,714,941,17,924,0,482,158,1.32,453562,203484,250078,0.4486,757.576,Low,100,Low,Informational,No major policy violations detected,0.952,0.727,IKEv2|Tunnel|AES-128-GCM|DH19|True|IPv6|Email
IPSEC-062-16,ipsec-062-16.pcap,validation,synthetic_lab_ground_truth,26160,IKEv2,ESP,Tunnel,IPv6,AES-128-GCM,AEAD-GCM,ECDSA-Signature,Diffie-Hellman,DH19,True,False,86400,True,True,True,0x5F18BB02,0xB232142F,File-Transfer,TCP,IPv6,50,3387,1686,39,1647,5,906,197,0.5,1527516,629592,897924,0.4122,2000.0,Low,75,Medium,Critical,Replay protection disabled,0.946,0.787,IKEv2|Tunnel|AES-128-GCM|DH19|True|IPv6|File-Transfer
IPSEC-062-17,ipsec-062-17.pcap,validation,synthetic_lab_ground_truth,26160,IKEv2,ESP,Tunnel,IPv6,AES-128-GCM,AEAD-GCM,ECDSA-Signature,Diffie-Hellman,DH19,True,True,86400,False,True,False,0xB15E003C,0x1BB5503C,VoIP,UDP,IPv6,50,3272,269,35,234,0,212,55,0.08,57028,33262,23766,0.5833,10000.0,Medium,100,Low,Informational,No major policy violations detected,0.957,0.841,IKEv2|Tunnel|AES-128-GCM|DH19|True|IPv6|VoIP
IPSEC-062-18,ipsec-062-18.pcap,test,synthetic_lab_ground_truth,26160,IKEv2,ESP,Tunnel,IPv6,AES-128-GCM,AEAD-GCM,ECDSA-Signature,Diffie-Hellman,DH19,True,True,7200,False,True,False,0xE3D0ECCA,0x19E9A68C,ICMP,ICMP/ICMPv6,IPv6,50,263,106,17,89,0,76,24,0.4,8056,3619,4437,0.4493,2500.0,Low,100,Low,Informational,No major policy violations detected,0.973,0.94,IKEv2|Tunnel|AES-128-GCM|DH19|True|IPv6|ICMP
IPSEC-062-19,ipsec-062-19.pcap,test,synthetic_lab_ground_truth,26160,IKEv2,ESP,Tunnel,IPv6,AES-128-GCM,AEAD-GCM,ECDSA-Signature,Diffie-Hellman,DH19,True,True,600,False,True,False,0xAD7D9AFC,0xCAD74713,Video,TCP/QUIC,IPv6,50,3520,927,32,895,0,369,64,0.26,342063,87205,254858,0.2549,3846.154,Medium,100,Low,Informational,No major policy violations detected,0.938,0.808,IKEv2|Tunnel|AES-128-GCM|DH19|True|IPv6|Video
IPSEC-062-20,ipsec-062-20.pcap,test,synthetic_lab_ground_truth,26160,IKEv2,ESP,Tunnel,IPv6,AES-128-GCM,AEAD-GCM,ECDSA-Signature,Diffie-Hellman,DH19,True,True,600,False,True,False,0x2A7AA683,0xC0AE8576,Chat,TCP,IPv6,50,1309,450,26,424,1,279,67,0.34,125550,67658,57892,0.5389,2941.176,Low,100,Low,Informational,No major policy violations detected,0.932,0.724,IKEv2|Tunnel|AES-128-GCM|DH19|True|IPv6|Chat
IPSEC-063-01,ipsec-063-01.pcap,train,synthetic_lab_ground_truth,26160,IKEv1,ESP,Transport,IPv6,AES-128-CBC,HMAC-SHA256-128,RSA-Signature,Diffie-Hellman,DH19,True,True,172800,False,True,False,0x40423F21,0x894A1E33,Email,TCP,IPv6,50,633,935,15,920,3,494,103,1.48,461890,289523,172367,0.6268,675.676,Medium,69,High,High,Legacy IKE version detected; Long Security Association lifetime,0.782,0.699,IKEv1|Transport|AES-128-CBC|DH19|True|IPv6|Email
IPSEC-063-02,ipsec-063-02.pcap,train,synthetic_lab_ground_truth,26160,IKEv1,ESP,Transport,IPv6,AES-128-CBC,HMAC-SHA256-128,RSA-Signature,Diffie-Hellman,DH19,True,True,28800,False,True,False,0x46992F4D,0x35624941,File-Transfer,TCP,IPv6,50,2993,1169,42,1127,2,851,123,0.39,994819,674218,320601,0.6777,2564.103,Medium,77,Medium,High,Legacy IKE version detected,0.741,0.785,IKEv1|Transport|AES-128-CBC|DH19|True|IPv6|File-Transfer
IPSEC-063-03,ipsec-063-03.pcap,train,synthetic_lab_ground_truth,26160,IKEv1,ESP,Transport,IPv6,AES-128-CBC,HMAC-SHA256-128,RSA-Signature,Diffie-Hellman,DH19,True,True,7200,False,True,False,0xB27D3494,0x4FA95512,VoIP,UDP,IPv6,50,2017,165,18,147,0,246,84,0.08,40590,18247,22343,0.4496,10000.0,Medium,77,Medium,High,Legacy IKE version detected,0.745,0.8,IKEv1|Transport|AES-128-CBC|DH19|True|IPv6|VoIP
IPSEC-063-04,ipsec-063-04.pcap,train,synthetic_lab_ground_truth,26160,IKEv1,ESP,Transport,IPv6,AES-128-CBC,HMAC-SHA256-128,RSA-Signature,Diffie-Hellman,DH19,True,True,1800,False,True,False,0xA6B2A84D,0xDD7EFCBF,ICMP,ICMP/ICMPv6,IPv6,50,237,86,22,64,0,73,21,0.36,6278,3405,2873,0.5425,2777.778,Medium,77,Medium,High,Legacy IKE version detected,0.807,0.957,IKEv1|Transport|AES-128-CBC|DH19|True|IPv6|ICMP
IPSEC-063-05,ipsec-063-05.pcap,train,synthetic_lab_ground_truth,26160,IKEv1,ESP,Transport,IPv6,AES-128-CBC,HMAC-SHA256-128,RSA-Signature,Diffie-Hellman,DH19,True,True,7200,False,True,False,0xFA493DFF,0xA4B52AA9,Video,TCP/QUIC,IPv6,50,4737,1220,27,1193,1,484,147,0.26,590480,211693,378787,0.3585,3846.154,Medium,77,Medium,High,Legacy IKE version detected,0.773,0.774,IKEv1|Transport|AES-128-CBC|DH19|True|IPv6|Video
IPSEC-063-06,ipsec-063-06.pcap,train,synthetic_lab_ground_truth,26160,IKEv1,ESP,Transport,IPv6,AES-128-CBC,HMAC-SHA256-128,RSA-Signature,Diffie-Hellman,DH19,True,False,14400,False,True,False,0x62825878,0xCB5F10AB,Chat,TCP,IPv6,50,1337,435,27,408,6,240,57,0.33,104400,50743,53657,0.486,3030.303,Medium,52,High,Critical,Legacy IKE version detected; Replay protection disabled,0.794,0.679,IKEv1|Transport|AES-128-CBC|DH19|True|IPv6|Chat
IPSEC-063-07,ipsec-063-07.pcap,train,synthetic_lab_ground_truth,26160,IKEv1,ESP,Transport,IPv6,AES-128-CBC,HMAC-SHA256-128,RSA-Signature,Diffie-Hellman,DH19,True,True,3600,False,True,False,0x7538AEC8,0xBF9AFED2,Web,TCP,IPv6,50,1152,527,15,512,3,504,97,0.46,265608,132366,133242,0.4984,2173.913,Medium,77,Medium,High,Legacy IKE version detected,0.783,0.797,IKEv1|Transport|AES-128-CBC|DH19|True|IPv6|Web
IPSEC-063-08,ipsec-063-08.pcap,train,synthetic_lab_ground_truth,26160,IKEv1,ESP,Transport,IPv6,AES-128-CBC,HMAC-SHA256-128,RSA-Signature,Diffie-Hellman,DH19,True,True,28800,True,True,True,0xF556E293,0x1BB0A45F,Email,TCP,IPv6,50,468,529,13,516,0,384,86,1.13,203136,99537,103599,0.49,884.956,Medium,77,Medium,High,Legacy IKE version detected,0.815,0.728,IKEv1|Transport|AES-128-CBC|DH19|True|IPv6|Email
IPSEC-063-09,ipsec-063-09.pcap,train,synthetic_lab_ground_truth,26160,IKEv1,ESP,Transport,IPv6,AES-128-CBC,HMAC-SHA256-128,RSA-Signature,Diffie-Hellman,DH19,True,True,28800,False,True,False,0xA7892442,0x905B247D,File-Transfer,TCP,IPv6,50,3422,1685,21,1664,0,759,178,0.49,1278915,456339,822576,0.3568,2040.816,Medium,77,Medium,High,Legacy IKE version detected,0.758,0.822,IKEv1|Transport|AES-128-CBC|DH19|True|IPv6|File-Transfer
IPSEC-063-10,ipsec-063-10.pcap,train,synthetic_lab_ground_truth,26160,IKEv1,ESP,Transport,IPv6,AES-128-CBC,HMAC-SHA256-128,RSA-Signature,Diffie-Hellman,DH19,True,True,14400,False,True,False,0x60FA40CE,0xCB86005F,VoIP,UDP,IPv6,50,2365,176,11,165,1,213,66,0.07,37488,18038,19450,0.4812,10000.0,Medium,77,Medium,High,Legacy IKE version detected,0.797,0.765,IKEv1|Transport|AES-128-CBC|DH19|True|IPv6|VoIP
IPSEC-063-11,ipsec-063-11.pcap,train,synthetic_lab_ground_truth,26160,IKEv1,ESP,Transport,IPv6,AES-128-CBC,HMAC-SHA256-128,RSA-Signature,Diffie-Hellman,DH19,True,True,172800,True,True,True,0x73761969,0x358A2EFF,ICMP,ICMP/ICMPv6,IPv6,50,199,70,26,44,1,86,23,0.35,6020,3214,2806,0.534,2857.143,Medium,69,High,High,Legacy IKE version detected; Long Security Association lifetime,0.824,0.98,IKEv1|Transport|AES-128-CBC|DH19|True|IPv6|ICMP
IPSEC-063-12,ipsec-063-12.pcap,train,synthetic_lab_ground_truth,26160,IKEv1,ESP,Transport,IPv6,AES-128-CBC,HMAC-SHA256-128,RSA-Signature,Diffie-Hellman,DH19,True,True,300,True,True,True,0x2DF3F0B2,0xE69C21A5,Video,TCP/QUIC,IPv6,50,6249,1629,10,1619,0,510,135,0.26,830790,283716,547074,0.3415,3846.154,Medium,77,Medium,High,Legacy IKE version detected,0.78,0.868,IKEv1|Transport|AES-128-CBC|DH19|True|IPv6|Video
IPSEC-063-13,ipsec-063-13.pcap,train,synthetic_lab_ground_truth,26160,IKEv1,ESP,Transport,IPv6,AES-128-CBC,HMAC-SHA256-128,RSA-Signature,Diffie-Hellman,DH19,True,True,3600,True,True,True,0xBA582409,0xE414DE84,Chat,TCP,IPv6,50,1695,592,11,581,0,358,88,0.35,211936,87161,124775,0.4113,2857.143,Medium,77,Medium,High,Legacy IKE version detected,0.814,0.751,IKEv1|Transport|AES-128-CBC|DH19|True|IPv6|Chat
IPSEC-063-14,ipsec-063-14.pcap,train,synthetic_lab_ground_truth,26160,IKEv1,ESP,Transport,IPv6,AES-128-CBC,HMAC-SHA256-128,RSA-Signature,Diffie-Hellman,DH19,True,True,86400,True,True,True,0x16B6F63E,0xBD6FB316,Web,TCP,IPv6,50,2228,872,17,855,0,642,195,0.39,559824,140554,419270,0.2511,2564.103,Medium,77,Medium,High,Legacy IKE version detected,0.777,0.733,IKEv1|Transport|AES-128-CBC|DH19|True|IPv6|Web
IPSEC-063-15,ipsec-063-15.pcap,validation,synthetic_lab_ground_truth,26160,IKEv1,ESP,Transport,IPv6,AES-128-CBC,HMAC-SHA256-128,RSA-Signature,Diffie-Hellman,DH19,True,True,86400,False,True,False,0xAF675164,0x1E4E82D4,Email,TCP,IPv6,50,461,616,30,586,2,497,118,1.34,306152,130827,175325,0.4273,746.269,Medium,77,Medium,High,Legacy IKE version detected,0.774,0.778,IKEv1|Transport|AES-128-CBC|DH19|True|IPv6|Email
IPSEC-063-16,ipsec-063-16.pcap,validation,synthetic_lab_ground_truth,26160,IKEv1,ESP,Transport,IPv6,AES-128-CBC,HMAC-SHA256-128,RSA-Signature,Diffie-Hellman,DH19,True,True,600,True,True,True,0xB495D449,0x8494F0DF,File-Transfer,TCP,IPv6,50,3558,1399,39,1360,1,785,130,0.39,1098215,435795,662420,0.3968,2564.103,Medium,77,Medium,High,Legacy IKE version detected,0.751,0.802,IKEv1|Transport|AES-128-CBC|DH19|True|IPv6|File-Transfer
IPSEC-063-17,ipsec-063-17.pcap,validation,synthetic_lab_ground_truth,26160,IKEv1,ESP,Transport,IPv6,AES-128-CBC,HMAC-SHA256-128,RSA-Signature,Diffie-Hellman,DH19,True,True,14400,False,True,False,0x29D06F6E,0x1E6C9BCC,VoIP,UDP,IPv6,50,2317,178,34,144,2,218,48,0.08,38804,13852,24952,0.357,10000.0,Medium,77,Medium,High,Legacy IKE version detected,0.787,0.757,IKEv1|Transport|AES-128-CBC|DH19|True|IPv6|VoIP
IPSEC-063-18,ipsec-063-18.pcap,test,synthetic_lab_ground_truth,26160,IKEv1,ESP,Transport,IPv6,AES-128-CBC,HMAC-SHA256-128,RSA-Signature,Diffie-Hellman,DH19,True,True,86400,True,True,True,0xB05B6FFE,0x754F2647,ICMP,ICMP/ICMPv6,IPv6,50,318,124,24,100,0,114,32,0.39,14136,6504,7632,0.4602,2564.103,Medium,77,Medium,High,Legacy IKE version detected,0.812,0.949,IKEv1|Transport|AES-128-CBC|DH19|True|IPv6|ICMP
IPSEC-063-19,ipsec-063-19.pcap,test,synthetic_lab_ground_truth,26160,IKEv1,ESP,Transport,IPv6,AES-128-CBC,HMAC-SHA256-128,RSA-Signature,Diffie-Hellman,DH19,True,False,86400,True,True,True,0x41837F96,0xF459B704,Video,TCP/QUIC,IPv6,50,4917,1265,26,1239,2,461,92,0.26,583165,242852,340313,0.4164,3846.154,Medium,52,High,Critical,Legacy IKE version detected; Replay protection disabled,0.823,0.834,IKEv1|Transport|AES-128-CBC|DH19|True|IPv6|Video
IPSEC-063-20,ipsec-063-20.pcap,test,synthetic_lab_ground_truth,26160,IKEv1,ESP,Transport,IPv6,AES-128-CBC,HMAC-SHA256-128,RSA-Signature,Diffie-Hellman,DH19,True,True,3600,False,True,False,0x46AE2B2F,0x44116554,Chat,TCP,IPv6,50,1260,355,38,317,0,254,40,0.28,90170,53521,36649,0.5936,3571.429,Medium,77,Medium,High,Legacy IKE version detected,0.759,0.653,IKEv1|Transport|AES-128-CBC|DH19|True|IPv6|Chat
IPSEC-064-01,ipsec-064-01.pcap,train,synthetic_lab_ground_truth,26160,IKEv1,ESP,Transport,IPv4,AES-256-CBC,HMAC-SHA1-96,PSK,Diffie-Hellman,DH14,True,True,3600,False,True,False,0xCD95075D,0x9FAA6A31,Email,TCP,IPv4,50,658,798,9,789,0,483,149,1.21,385434,156668,228766,0.4065,826.446,Medium,57,High,High,Legacy integrity algorithm: HMAC-SHA1-96; Legacy IKE version detected; Older DH group; policy review recommended,0.773,0.736,IKEv1|Transport|AES-256-CBC|DH14|True|IPv4|Email
IPSEC-064-02,ipsec-064-02.pcap,train,synthetic_lab_ground_truth,26160,IKEv1,ESP,Transport,IPv4,AES-256-CBC,HMAC-SHA1-96,PSK,Diffie-Hellman,DH14,True,True,7200,False,True,False,0xFB3DDD61,0x6EB6486D,File-Transfer,TCP,IPv4,50,4208,2171,38,2133,2,931,152,0.52,2021201,585030,1436171,0.2894,1923.077,Medium,57,High,High,Legacy integrity algorithm: HMAC-SHA1-96; Legacy IKE version detected; Older DH group; policy review recommended,0.794,0.777,IKEv1|Transport|AES-256-CBC|DH14|True|IPv4|File-Transfer
IPSEC-064-03,ipsec-064-03.pcap,train,synthetic_lab_ground_truth,26160,IKEv1,ESP,Transport,IPv4,AES-256-CBC,HMAC-SHA1-96,PSK,Diffie-Hellman,DH14,True,True,28800,False,True,False,0xF5B6A186,0xC2E1B785,VoIP,UDP,IPv4,50,3420,286,26,260,0,256,56,0.08,73216,32550,40666,0.4446,10000.0,Medium,57,High,High,Legacy integrity algorithm: HMAC-SHA1-96; Legacy IKE version detected; Older DH group; policy review recommended,0.796,0.776,IKEv1|Transport|AES-256-CBC|DH14|True|IPv4|VoIP
IPSEC-064-04,ipsec-064-04.pcap,train,synthetic_lab_ground_truth,26160,IKEv1,ESP,Transport,IPv4,AES-256-CBC,HMAC-SHA1-96,PSK,Diffie-Hellman,DH14,True,True,7200,False,True,False,0x48069E03,0xA3179AA9,ICMP,ICMP/ICMPv6,IPv4,50,180,81,22,59,0,72,16,0.45,5832,2801,3031,0.4803,2222.222,Medium,57,High,High,Legacy integrity algorithm: HMAC-SHA1-96; Legacy IKE version detected; Older DH group; policy review recommended,0.747,0.881,IKEv1|Transport|AES-256-CBC|DH14|True|IPv4|ICMP
IPSEC-064-05,ipsec-064-05.pcap,train,synthetic_lab_ground_truth,26160,IKEv1,ESP,Transport,IPv4,AES-256-CBC,HMAC-SHA1-96,PSK,Diffie-Hellman,DH14,True,False,14400,False,True,False,0x456E8DAD,0x1FD371FB,Video,TCP/QUIC,IPv4,50,4332,1274,22,1252,1,492,141,0.29,626808,208021,418787,0.3319,3448.276,Medium,32,Critical,Critical,Legacy integrity algorithm: HMAC-SHA1-96; Legacy IKE version detected; Older DH group; policy review recommended; Replay protection disabled,0.772,0.844,IKEv1|Transport|AES-256-CBC|DH14|True|IPv4|Video
IPSEC-064-06,ipsec-064-06.pcap,train,synthetic_lab_ground_truth,26160,IKEv1,ESP,Transport,IPv4,AES-256-CBC,HMAC-SHA1-96,PSK,Diffie-Hellman,DH14,True,True,7200,True,True,True,0xB6B29F0C,0x268D5B8D,Chat,TCP,IPv4,50,1239,382,16,366,0,300,61,0.31,114600,73941,40659,0.6452,3225.806,Medium,57,High,High,Legacy integrity algorithm: HMAC-SHA1-96; Legacy IKE version detected; Older DH group; policy review recommended,0.79,0.731,IKEv1|Transport|AES-256-CBC|DH14|True|IPv4|Chat
IPSEC-064-07,ipsec-064-07.pcap,train,synthetic_lab_ground_truth,26160,IKEv1,ESP,Transport,IPv4,AES-256-CBC,HMAC-SHA1-96,PSK,Diffie-Hellman,DH14,True,True,600,False,True,False,0x70B2C039,0xD32CDDA5,Web,TCP,IPv4,50,2293,1031,32,999,1,534,93,0.45,550554,239949,310605,0.4358,2222.222,Medium,57,High,High,Legacy integrity algorithm: HMAC-SHA1-96; Legacy IKE version detected; Older DH group; policy review recommended,0.752,0.831,IKEv1|Transport|AES-256-CBC|DH14|True|IPv4|Web
IPSEC-064-08,ipsec-064-08.pcap,train,synthetic_lab_ground_truth,26160,IKEv1,ESP,Transport,IPv4,AES-256-CBC,HMAC-SHA1-96,PSK,Diffie-Hellman,DH14,True,True,86400,False,True,False,0x3ACC02D4,0x6FB899E6,Email,TCP,IPv4,50,585,796,29,767,2,495,87,1.36,394020,161866,232154,0.4108,735.294,Medium,57,High,High,Legacy integrity algorithm: HMAC-SHA1-96; Legacy IKE version detected; Older DH group; policy review recommended,0.767,0.693,IKEv1|Transport|AES-256-CBC|DH14|True|IPv4|Email
IPSEC-064-09,ipsec-064-09.pcap,train,synthetic_lab_ground_truth,26160,IKEv1,ESP,Transport,IPv4,AES-256-CBC,HMAC-SHA1-96,PSK,Diffie-Hellman,DH14,True,True,7200,True,True,True,0x84349AF7,0x500F2BD8,File-Transfer,TCP,IPv4,50,3358,1359,43,1316,1,728,149,0.4,989352,531777,457575,0.5375,2500.0,Medium,57,High,High,Legacy integrity algorithm: HMAC-SHA1-96; Legacy IKE version detected; Older DH group; policy review recommended,0.823,0.821,IKEv1|Transport|AES-256-CBC|DH14|True|IPv4|File-Transfer
IPSEC-064-10,ipsec-064-10.pcap,train,synthetic_lab_ground_truth,26160,IKEv1,ESP,Transport,IPv4,AES-256-CBC,HMAC-SHA1-96,PSK,Diffie-Hellman,DH14,True,True,28800,True,True,True,0x818CBFDC,0xF2BE866E,VoIP,UDP,IPv4,50,3470,267,33,234,0,212,81,0.08,56604,27555,29049,0.4868,10000.0,Medium,57,High,High,Legacy integrity algorithm: HMAC-SHA1-96; Legacy IKE version detected; Older DH group; policy review recommended,0.776,0.844,IKEv1|Transport|AES-256-CBC|DH14|True|IPv4|VoIP
IPSEC-064-11,ipsec-064-11.pcap,train,synthetic_lab_ground_truth,26160,IKEv1,ESP,Transport,IPv4,AES-256-CBC,HMAC-SHA1-96,PSK,Diffie-Hellman,DH14,True,True,1800,False,True,False,0x48B1ADB5,0x29A10EB5,ICMP,ICMP/ICMPv6,IPv4,50,183,87,38,49,1,116,27,0.48,10092,4796,5296,0.4753,2083.333,Medium,57,High,High,Legacy integrity algorithm: HMAC-SHA1-96; Legacy IKE version detected; Older DH group; policy review recommended,0.794,0.899,IKEv1|Transport|AES-256-CBC|DH14|True|IPv4|ICMP
IPSEC-064-12,ipsec-064-12.pcap,train,synthetic_lab_ground_truth,26160,IKEv1,ESP,Transport,IPv4,AES-256-CBC,HMAC-SHA1-96,PSK,Diffie-Hellman,DH14,True,True,86400,False,True,False,0x15F370F0,0x930B1BDF,Video,TCP/QUIC,IPv4,50,6127,1594,37,1557,2,431,95,0.26,687014,203918,483096,0.2968,3846.154,Medium,57,High,High,Legacy integrity algorithm: HMAC-SHA1-96; Legacy IKE version detected; Older DH group; policy review recommended,0.807,0.833,IKEv1|Transport|AES-256-CBC|DH14|True|IPv4|Video
IPSEC-064-13,ipsec-064-13.pcap,train,synthetic_lab_ground_truth,26160,IKEv1,ESP,Transport,IPv4,AES-256-CBC,HMAC-SHA1-96,PSK,Diffie-Hellman,DH14,True,True,7200,True,True,True,0xF1B3F4F1,0x7F902BFB,Chat,TCP,IPv4,50,1234,450,44,406,0,302,52,0.36,135900,85030,50870,0.6257,2777.778,Medium,57,High,High,Legacy integrity algorithm: HMAC-SHA1-96; Legacy IKE version detected; Older DH group; policy review recommended,0.783,0.753,IKEv1|Transport|AES-256-CBC|DH14|True|IPv4|Chat
IPSEC-064-14,ipsec-064-14.pcap,train,synthetic_lab_ground_truth,26160,IKEv1,ESP,Transport,IPv4,AES-256-CBC,HMAC-SHA1-96,PSK,Diffie-Hellman,DH14,True,True,300,False,True,False,0x5FDC24E2,0x1E779ED2,Web,TCP,IPv4,50,2127,980,19,961,2,566,110,0.46,554680,148171,406509,0.2671,2173.913,Medium,57,High,High,Legacy integrity algorithm: HMAC-SHA1-96; Legacy IKE version detected; Older DH group; policy review recommended,0.768,0.758,IKEv1|Transport|AES-256-CBC|DH14|True|IPv4|Web
IPSEC-064-15,ipsec-064-15.pcap,validation,synthetic_lab_ground_truth,26160,IKEv1,ESP,Transport,IPv4,AES-256-CBC,HMAC-SHA1-96,PSK,Diffie-Hellman,DH14,True,True,14400,True,True,True,0xED6CBA50,0xD76561A6,Email,TCP,IPv4,50,533,531,23,508,0,438,93,1.0,232578,145041,87537,0.6236,1000.0,Medium,57,High,High,Legacy integrity algorithm: HMAC-SHA1-96; Legacy IKE version detected; Older DH group; policy review recommended,0.787,0.742,IKEv1|Transport|AES-256-CBC|DH14|True|IPv4|Email
IPSEC-064-16,ipsec-064-16.pcap,validation,synthetic_lab_ground_truth,26160,IKEv1,ESP,Transport,IPv4,AES-256-CBC,HMAC-SHA1-96,PSK,Diffie-Hellman,DH14,True,True,3600,False,True,False,0xEED4FF88,0x2B36E66A,File-Transfer,TCP,IPv4,50,2780,1019,19,1000,0,750,251,0.37,764250,337230,427020,0.4413,2702.703,Medium,57,High,High,Legacy integrity algorithm: HMAC-SHA1-96; Legacy IKE version detected; Older DH group; policy review recommended,0.793,0.87,IKEv1|Transport|AES-256-CBC|DH14|True|IPv4|File-Transfer
IPSEC-064-17,ipsec-064-17.pcap,validation,synthetic_lab_ground_truth,26160,IKEv1,ESP,Transport,IPv4,AES-256-CBC,HMAC-SHA1-96,PSK,Diffie-Hellman,DH14,True,True,7200,False,True,False,0x7943471B,0x600A39BE,VoIP,UDP,IPv4,50,2652,191,38,153,1,210,39,0.07,40110,16691,23419,0.4161,10000.0,Medium,57,High,High,Legacy integrity algorithm: HMAC-SHA1-96; Legacy IKE version detected; Older DH group; policy review recommended,0.771,0.806,IKEv1|Transport|AES-256-CBC|DH14|True|IPv4|VoIP
IPSEC-064-18,ipsec-064-18.pcap,test,synthetic_lab_ground_truth,26160,IKEv1,ESP,Transport,IPv4,AES-256-CBC,HMAC-SHA1-96,PSK,Diffie-Hellman,DH14,True,True,14400,False,True,False,0xCB4E073E,0x57B64F71,ICMP,ICMP/ICMPv6,IPv4,50,263,103,11,92,1,96,32,0.39,9888,5090,4798,0.5148,2564.103,Medium,57,High,High,Legacy integrity algorithm: HMAC-SHA1-96; Legacy IKE version detected; Older DH group; policy review recommended,0.8,0.892,IKEv1|Transport|AES-256-CBC|DH14|True|IPv4|ICMP
IPSEC-064-19,ipsec-064-19.pcap,test,synthetic_lab_ground_truth,26160,IKEv1,ESP,Transport,IPv4,AES-256-CBC,HMAC-SHA1-96,PSK,Diffie-Hellman,DH14,True,True,28800,False,True,False,0x88DEA198,0x29618107,Video,TCP/QUIC,IPv4,50,5867,1601,13,1588,0,466,89,0.27,746066,274950,471116,0.3685,3703.704,Medium,57,High,High,Legacy integrity algorithm: HMAC-SHA1-96; Legacy IKE version detected; Older DH group; policy review recommended,0.82,0.828,IKEv1|Transport|AES-256-CBC|DH14|True|IPv4|Video
IPSEC-064-20,ipsec-064-20.pcap,test,synthetic_lab_ground_truth,26160,IKEv1,ESP,Transport,IPv4,AES-256-CBC,HMAC-SHA1-96,PSK,Diffie-Hellman,DH14,True,True,28800,True,True,True,0x4FF19BCE,0x33B086E3,Chat,TCP,IPv4,50,1165,419,32,387,1,333,82,0.36,139527,67488,72039,0.4837,2777.778,Medium,57,High,High,Legacy integrity algorithm: HMAC-SHA1-96; Legacy IKE version detected; Older DH group; policy review recommended,0.794,0.729,IKEv1|Transport|AES-256-CBC|DH14|True|IPv4|Chat
IPSEC-065-01,ipsec-065-01.pcap,train,synthetic_lab_ground_truth,26160,IKEv1,ESP,Transport,IPv4,AES-256-CBC,HMAC-SHA256-128,RSA-Signature,Diffie-Hellman,DH14,True,True,14400,True,True,True,0x99BD233E,0x6F503163,Email,TCP,IPv4,50,490,694,24,670,1,522,157,1.42,362268,178930,183338,0.4939,704.225,Medium,77,Medium,High,Legacy IKE version detected; Older DH group; policy review recommended,0.776,0.742,IKEv1|Transport|AES-256-CBC|DH14|True|IPv4|Email
IPSEC-065-02,ipsec-065-02.pcap,train,synthetic_lab_ground_truth,26160,IKEv1,ESP,Transport,IPv4,AES-256-CBC,HMAC-SHA256-128,RSA-Signature,Diffie-Hellman,DH14,True,True,28800,False,True,False,0x49C52788,0xF10FB9BD,File-Transfer,TCP,IPv4,50,2715,1509,17,1492,2,981,117,0.56,1480329,568556,911773,0.3841,1785.714,Medium,77,Medium,High,Legacy IKE version detected; Older DH group; policy review recommended,0.785,0.808,IKEv1|Transport|AES-256-CBC|DH14|True|IPv4|File-Transfer
IPSEC-065-03,ipsec-065-03.pcap,train,synthetic_lab_ground_truth,26160,IKEv1,ESP,Transport,IPv4,AES-256-CBC,HMAC-SHA256-128,RSA-Signature,Diffie-Hellman,DH14,True,True,14400,True,True,True,0xBCDAC2C6,0xF253CCD0,VoIP,UDP,IPv4,50,2340,154,24,130,0,226,59,0.07,34804,16450,18354,0.4727,10000.0,Medium,77,Medium,High,Legacy IKE version detected; Older DH group; policy review recommended,0.785,0.749,IKEv1|Transport|AES-256-CBC|DH14|True|IPv4|VoIP
IPSEC-065-04,ipsec-065-04.pcap,train,synthetic_lab_ground_truth,26160,IKEv1,ESP,Transport,IPv4,AES-256-CBC,HMAC-SHA256-128,RSA-Signature,Diffie-Hellman,DH14,True,True,3600,True,True,True,0xF4C3CBFE,0xF651359D,ICMP,ICMP/ICMPv6,IPv4,50,204,72,29,43,3,96,23,0.35,6912,1970,4942,0.2851,2857.143,Medium,77,Medium,High,Legacy IKE version detected; Older DH group; policy review recommended,0.811,0.935,IKEv1|Transport|AES-256-CBC|DH14|True|IPv4|ICMP
IPSEC-065-05,ipsec-065-05.pcap,train,synthetic_lab_ground_truth,26160,IKEv1,ESP,Transport,IPv4,AES-256-CBC,HMAC-SHA256-128,RSA-Signature,Diffie-Hellman,DH14,True,True,7200,True,True,True,0xC8343467,0x1441166D,Video,TCP/QUIC,IPv4,50,4398,1176,8,1168,1,523,148,0.27,615048,194957,420091,0.317,3703.704,Medium,77,Medium,High,Legacy IKE version detected; Older DH group; policy review recommended,0.79,0.762,IKEv1|Transport|AES-256-CBC|DH14|True|IPv4|Video
IPSEC-065-06,ipsec-065-06.pcap,train,synthetic_lab_ground_truth,26160,IKEv1,ESP,Transport,IPv4,AES-256-CBC,HMAC-SHA256-128,RSA-Signature,Diffie-Hellman,DH14,True,True,14400,True,True,True,0x6FA569C3,0xF29838B7,Chat,TCP,IPv4,50,806,277,15,262,3,280,76,0.34,77560,47149,30411,0.6079,2941.176,Medium,77,Medium,High,Legacy IKE version detected; Older DH group; policy review recommended,0.785,0.698,IKEv1|Transport|AES-256-CBC|DH14|True|IPv4|Chat
IPSEC-065-07,ipsec-065-07.pcap,train,synthetic_lab_ground_truth,26160,IKEv1,ESP,Transport,IPv4,AES-256-CBC,HMAC-SHA256-128,RSA-Signature,Diffie-Hellman,DH14,True,True,3600,False,True,False,0x43122C37,0x51337115,Web,TCP,IPv4,50,1930,877,31,846,0,579,180,0.45,507783,190178,317605,0.3745,2222.222,Medium,77,Medium,High,Legacy IKE version detected; Older DH group; policy review recommended,0.766,0.837,IKEv1|Transport|AES-256-CBC|DH14|True|IPv4|Web
IPSEC-065-08,ipsec-065-08.pcap,train,synthetic_lab_ground_truth,26160,IKEv1,ESP,Transport,IPv4,AES-256-CBC,HMAC-SHA256-128,RSA-Signature,Diffie-Hellman,DH14,True,True,3600,False,True,False,0x65DABD83,0xBE163DE0,Email,TCP,IPv4,50,562,724,34,690,0,348,92,1.29,251952,122815,129137,0.4875,775.194,Medium,77,Medium,High,Legacy IKE version detected; Older DH group; policy review recommended,0.808,0.823,IKEv1|Transport|AES-256-CBC|DH14|True|IPv4|Email
IPSEC-065-09,ipsec-065-09.pcap,train,synthetic_lab_ground_truth,26160,IKEv1,ESP,Transport,IPv4,AES-256-CBC,HMAC-SHA256-128,RSA-Signature,Diffie-Hellman,DH14,True,True,28800,False,True,False,0x7EAFD7B4,0x85AA1CC2,File-Transfer,TCP,IPv4,50,2222,914,23,891,2,932,341,0.41,851848,391782,460066,0.4599,2439.024,Medium,77,Medium,High,Legacy IKE version detected; Older DH group; policy review recommended,0.764,0.775,IKEv1|Transport|AES-256-CBC|DH14|True|IPv4|File-Transfer
IPSEC-065-10,ipsec-065-10.pcap,train,synthetic_lab_ground_truth,26160,IKEv1,ESP,Transport,IPv4,AES-256-CBC,HMAC-SHA256-128,RSA-Signature,Diffie-Hellman,DH14,True,True,14400,False,True,False,0xAD6EA0D2,0xC53D8947,VoIP,UDP,IPv4,50,2460,180,28,152,2,213,53,0.07,38340,21248,17092,0.5542,10000.0,Medium,77,Medium,High,Legacy IKE version detected; Older DH group; policy review recommended,0.778,0.767,IKEv1|Transport|AES-256-CBC|DH14|True|IPv4|VoIP
IPSEC-065-11,ipsec-065-11.pcap,train,synthetic_lab_ground_truth,26160,IKEv1,ESP,Transport,IPv4,AES-256-CBC,HMAC-SHA256-128,RSA-Signature,Diffie-Hellman,DH14,True,True,86400,True,True,True,0x8BA0CED6,0xAFEB423F,ICMP,ICMP/ICMPv6,IPv4,50,199,73,11,62,2,80,19,0.37,5840,2610,3230,0.447,2702.703,Medium,77,Medium,High,Legacy IKE version detected; Older DH group; policy review recommended,0.714,0.924,IKEv1|Transport|AES-256-CBC|DH14|True|IPv4|ICMP
IPSEC-065-12,ipsec-065-12.pcap,train,synthetic_lab_ground_truth,26160,IKEv1,ESP,Transport,IPv4,AES-256-CBC,HMAC-SHA256-128,RSA-Signature,Diffie-Hellman,DH14,True,True,28800,True,True,True,0xA6CE07F9,0xFEAAC2DB,Video,TCP/QUIC,IPv4,50,3528,955,44,911,1,572,186,0.27,546260,196677,349583,0.36,3703.704,Medium,77,Medium,High,Legacy IKE version detected; Older DH group; policy review recommended,0.841,0.858,IKEv1|Transport|AES-256-CBC|DH14|True|IPv4|Video
IPSEC-065-13,ipsec-065-13.pcap,train,synthetic_lab_ground_truth,26160,IKEv1,ESP,Transport,IPv4,AES-256-CBC,HMAC-SHA256-128,RSA-Signature,Diffie-Hellman,DH14,True,True,14400,True,True,True,0xB854E55C,0xF1BFA4E5,Chat,TCP,IPv4,50,1568,507,26,481,0,218,44,0.32,110526,72688,37838,0.6577,3125.0,Medium,77,Medium,High,Legacy IKE version detected; Older DH group; policy review recommended,0.755,0.696,IKEv1|Transport|AES-256-CBC|DH14|True|IPv4|Chat
IPSEC-065-14,ipsec-065-14.pcap,train,synthetic_lab_ground_truth,26160,IKEv1,ESP,Transport,IPv4,AES-256-CBC,HMAC-SHA256-128,RSA-Signature,Diffie-Hellman,DH14,True,True,7200,True,True,True,0x768B4681,0xDB3FAF7E,Web,TCP,IPv4,50,2078,913,27,886,0,385,82,0.44,351505,122221,229284,0.3477,2272.727,Medium,77,Medium,High,Legacy IKE version detected; Older DH group; policy review recommended,0.79,0.827,IKEv1|Transport|AES-256-CBC|DH14|True|IPv4|Web
IPSEC-065-15,ipsec-065-15.pcap,validation,synthetic_lab_ground_truth,26160,IKEv1,ESP,Transport,IPv4,AES-256-CBC,HMAC-SHA256-128,RSA-Signature,Diffie-Hellman,DH14,True,True,3600,False,True,False,0x45BFA463,0x354290CD,Email,TCP,IPv4,50,533,716,25,691,1,418,98,1.34,299288,167931,131357,0.5611,746.269,Medium,77,Medium,High,Legacy IKE version detected; Older DH group; policy review recommended,0.786,0.747,IKEv1|Transport|AES-256-CBC|DH14|True|IPv4|Email
IPSEC-065-16,ipsec-065-16.pcap,validation,synthetic_lab_ground_truth,26160,IKEv1,ESP,Transport,IPv4,AES-256-CBC,HMAC-SHA256-128,RSA-Signature,Diffie-Hellman,DH14,True,True,3600,False,True,False,0x572A9E3B,0x3C265D78,File-Transfer,TCP,IPv4,50,3412,1420,34,1386,2,978,145,0.42,1388760,674662,714098,0.4858,2380.952,Medium,77,Medium,High,Legacy IKE version detected; Older DH group; policy review recommended,0.814,0.848,IKEv1|Transport|AES-256-CBC|DH14|True|IPv4|File-Transfer
IPSEC-065-17,ipsec-065-17.pcap,validation,synthetic_lab_ground_truth,26160,IKEv1,ESP,Transport,IPv4,AES-256-CBC,HMAC-SHA256-128,RSA-Signature,Diffie-Hellman,DH14,True,True,172800,False,True,False,0xAD59A815,0x7C13F8E2,VoIP,UDP,IPv4,50,3819,306,34,272,1,217,60,0.08,66402,29492,36910,0.4442,10000.0,Medium,69,High,High,Legacy IKE version detected; Older DH group; policy review recommended; Long Security Association lifetime,0.807,0.772,IKEv1|Transport|AES-256-CBC|DH14|True|IPv4|VoIP
IPSEC-065-18,ipsec-065-18.pcap,test,synthetic_lab_ground_truth,26160,IKEv1,ESP,Transport,IPv4,AES-256-CBC,HMAC-SHA256-128,RSA-Signature,Diffie-Hellman,DH14,True,True,3600,False,True,False,0x794EF96F,0x89ECCB4F,ICMP,ICMP/ICMPv6,IPv4,50,330,126,18,108,0,96,22,0.38,12096,5347,6749,0.4421,2631.579,Medium,77,Medium,High,Legacy IKE version detected; Older DH group; policy review recommended,0.758,0.863,IKEv1|Transport|AES-256-CBC|DH14|True|IPv4|ICMP
IPSEC-065-19,ipsec-065-19.pcap,test,synthetic_lab_ground_truth,26160,IKEv1,ESP,Transport,IPv4,AES-256-CBC,HMAC-SHA256-128,RSA-Signature,Diffie-Hellman,DH14,True,False,172800,False,True,False,0x67098931,0x5C133CDA,Video,TCP/QUIC,IPv4,50,5383,1345,26,1319,2,391,60,0.25,525895,179636,346259,0.3416,4000.0,Medium,44,Critical,Critical,Legacy IKE version detected; Older DH group; policy review recommended; Replay protection disabled; Long Security Association lifetime,0.802,0.827,IKEv1|Transport|AES-256-CBC|DH14|True|IPv4|Video
IPSEC-065-20,ipsec-065-20.pcap,test,synthetic_lab_ground_truth,26160,IKEv1,ESP,Transport,IPv4,AES-256-CBC,HMAC-SHA256-128,RSA-Signature,Diffie-Hellman,DH14,True,True,14400,False,True,False,0xCADA5FE3,0x38FFBFA7,Chat,TCP,IPv4,50,1071,358,39,319,1,233,30,0.33,83414,40426,42988,0.4846,3030.303,Medium,77,Medium,High,Legacy IKE version detected; Older DH group; policy review recommended,0.74,0.721,IKEv1|Transport|AES-256-CBC|DH14|True|IPv4|Chat
IPSEC-066-01,ipsec-066-01.pcap,train,synthetic_lab_ground_truth,26160,IKEv1,ESP,Tunnel,IPv4,AES-128-GCM,AEAD-GCM,RSA-Signature,Diffie-Hellman,DH20,True,True,300,True,True,True,0xE4B11161,0x34BBF9FE,Email,TCP,IPv4,50,658,817,23,794,4,462,118,1.24,377454,210502,166952,0.5577,806.452,Low,85,Low,High,Legacy IKE version detected,0.84,0.703,IKEv1|Tunnel|AES-128-GCM|DH20|True|IPv4|Email
IPSEC-066-02,ipsec-066-02.pcap,train,synthetic_lab_ground_truth,26160,IKEv1,ESP,Tunnel,IPv4,AES-128-GCM,AEAD-GCM,RSA-Signature,Diffie-Hellman,DH20,True,True,28800,False,True,False,0xEB24C415,0xA55C43DD,File-Transfer,TCP,IPv4,50,3107,1365,39,1326,0,910,193,0.44,1242150,598706,643444,0.482,2272.727,Low,85,Low,High,Legacy IKE version detected,0.807,0.788,IKEv1|Tunnel|AES-128-GCM|DH20|True|IPv4|File-Transfer
IPSEC-066-03,ipsec-066-03.pcap,train,synthetic_lab_ground_truth,26160,IKEv1,ESP,Tunnel,IPv4,AES-128-GCM,AEAD-GCM,RSA-Signature,Diffie-Hellman,DH20,True,True,86400,False,True,False,0x7EF0D819,0x9E010A0B,VoIP,UDP,IPv4,50,2479,202,18,184,1,239,61,0.08,48278,19646,28632,0.4069,10000.0,Medium,85,Low,High,Legacy IKE version detected,0.832,0.736,IKEv1|Tunnel|AES-128-GCM|DH20|True|IPv4|VoIP
IPSEC-066-04,ipsec-066-04.pcap,train,synthetic_lab_ground_truth,26160,IKEv1,ESP,Tunnel,IPv4,AES-128-GCM,AEAD-GCM,RSA-Signature,Diffie-Hellman,DH20,True,True,3600,False,True,False,0xEE42055E,0x63BEEB5F,ICMP,ICMP/ICMPv6,IPv4,50,348,151,21,130,0,84,22,0.43,12684,6801,5883,0.5362,2325.581,Low,85,Low,High,Legacy IKE version detected,0.805,0.92,IKEv1|Tunnel|AES-128-GCM|DH20|True|IPv4|ICMP
IPSEC-066-05,ipsec-066-05.pcap,train,synthetic_lab_ground_truth,26160,IKEv1,ESP,Tunnel,IPv4,AES-128-GCM,AEAD-GCM,RSA-Signature,Diffie-Hellman,DH20,True,True,1800,True,True,True,0x8292A654,0xD7D55C3C,Video,TCP/QUIC,IPv4,50,5831,1323,17,1306,0,571,142,0.23,755433,336450,418983,0.4454,4347.826,Medium,85,Low,High,Legacy IKE version detected,0.827,0.855,IKEv1|Tunnel|AES-128-GCM|DH20|True|IPv4|Video
IPSEC-066-06,ipsec-066-06.pcap,train,synthetic_lab_ground_truth,26160,IKEv1,ESP,Tunnel,IPv4,AES-128-GCM,AEAD-GCM,RSA-Signature,Diffie-Hellman,DH20,True,True,7200,True,True,True,0xF036B6EC,0x2B5D4FEA,Chat,TCP,IPv4,50,685,303,13,290,1,191,44,0.44,57873,26296,31577,0.4544,2272.727,Low,85,Low,High,Legacy IKE version detected,0.809,0.683,IKEv1|Tunnel|AES-128-GCM|DH20|True|IPv4|Chat
IPSEC-066-07,ipsec-066-07.pcap,train,synthetic_lab_ground_truth,26160,IKEv1,ESP,Tunnel,IPv4,AES-128-GCM,AEAD-GCM,RSA-Signature,Diffie-Hellman,DH20,True,True,14400,False,True,False,0x26DA0C67,0x2C8E1775,Web,TCP,IPv4,50,2889,1382,11,1371,1,659,93,0.48,910738,288866,621872,0.3172,2083.333,Low,85,Low,High,Legacy IKE version detected,0.851,0.831,IKEv1|Tunnel|AES-128-GCM|DH20|True|IPv4|Web
IPSEC-066-08,ipsec-066-08.pcap,train,synthetic_lab_ground_truth,26160,IKEv1,ESP,Tunnel,IPv4,AES-128-GCM,AEAD-GCM,RSA-Signature,Diffie-Hellman,DH20,True,False,300,False,True,False,0xC510C445,0x4B53B80E,Email,TCP,IPv4,50,538,549,20,529,2,551,226,1.02,302499,98488,204011,0.3256,980.392,Low,60,High,Critical,Legacy IKE version detected; Replay protection disabled,0.808,0.754,IKEv1|Tunnel|AES-128-GCM|DH20|True|IPv4|Email
IPSEC-066-09,ipsec-066-09.pcap,train,synthetic_lab_ground_truth,26160,IKEv1,ESP,Tunnel,IPv4,AES-128-GCM,AEAD-GCM,RSA-Signature,Diffie-Hellman,DH20,True,True,86400,False,True,False,0xDC8218DB,0x264D7F3E,File-Transfer,TCP,IPv4,50,2539,1185,33,1152,0,861,191,0.47,1020285,508534,511751,0.4984,2127.66,Low,85,Low,High,Legacy IKE version detected,0.832,0.834,IKEv1|Tunnel|AES-128-GCM|DH20|True|IPv4|File-Transfer
IPSEC-066-10,ipsec-066-10.pcap,train,synthetic_lab_ground_truth,26160,IKEv1,ESP,Tunnel,IPv4,AES-128-GCM,AEAD-GCM,RSA-Signature,Diffie-Hellman,DH20,True,True,7200,False,True,False,0xB7B51ACD,0x69D70D90,VoIP,UDP,IPv4,50,1966,164,18,146,1,206,63,0.08,33784,20691,13093,0.6125,10000.0,Medium,85,Low,High,Legacy IKE version detected,0.799,0.772,IKEv1|Tunnel|AES-128-GCM|DH20|True|IPv4|VoIP
IPSEC-066-11,ipsec-066-11.pcap,train,synthetic_lab_ground_truth,26160,IKEv1,ESP,Tunnel,IPv4,AES-128-GCM,AEAD-GCM,RSA-Signature,Diffie-Hellman,DH20,True,True,86400,False,True,False,0x90FFB755,0xABCFCE55,ICMP,ICMP/ICMPv6,IPv4,50,152,58,12,46,0,94,15,0.38,5452,2803,2649,0.5142,2631.579,Low,85,Low,High,Legacy IKE version detected,0.804,0.959,IKEv1|Tunnel|AES-128-GCM|DH20|True|IPv4|ICMP
IPSEC-066-12,ipsec-066-12.pcap,train,synthetic_lab_ground_truth,26160,IKEv1,ESP,Tunnel,IPv4,AES-128-GCM,AEAD-GCM,RSA-Signature,Diffie-Hellman,DH20,True,True,7200,False,True,False,0x59855FFF,0xCA920837,Video,TCP/QUIC,IPv4,50,4767,1271,37,1234,1,442,137,0.27,561782,183834,377948,0.3272,3703.704,Medium,85,Low,High,Legacy IKE version detected,0.849,0.834,IKEv1|Tunnel|AES-128-GCM|DH20|True|IPv4|Video
IPSEC-066-13,ipsec-066-13.pcap,train,synthetic_lab_ground_truth,26160,IKEv1,ESP,Tunnel,IPv4,AES-128-GCM,AEAD-GCM,RSA-Signature,Diffie-Hellman,DH20,True,True,7200,True,True,True,0xFBC0487A,0x9847C85A,Chat,TCP,IPv4,50,1309,528,30,498,2,233,33,0.4,123024,57892,65132,0.4706,2500.0,Low,85,Low,High,Legacy IKE version detected,0.803,0.717,IKEv1|Tunnel|AES-128-GCM|DH20|True|IPv4|Chat
IPSEC-066-14,ipsec-066-14.pcap,train,synthetic_lab_ground_truth,26160,IKEv1,ESP,Tunnel,IPv4,AES-128-GCM,AEAD-GCM,RSA-Signature,Diffie-Hellman,DH20,True,True,7200,False,True,False,0x3EF576EA,0x1F083491,Web,TCP,IPv4,50,2412,1104,15,1089,2,650,133,0.46,717600,193202,524398,0.2692,2173.913,Low,85,Low,High,Legacy IKE version detected,0.833,0.733,IKEv1|Tunnel|AES-128-GCM|DH20|True|IPv4|Web
IPSEC-066-15,ipsec-066-15.pcap,validation,synthetic_lab_ground_truth,26160,IKEv1,ESP,Tunnel,IPv4,AES-128-GCM,AEAD-GCM,RSA-Signature,Diffie-Hellman,DH20,True,True,14400,True,True,True,0x7E6C7F33,0xB8B73A3A,Email,TCP,IPv4,50,550,645,21,624,0,467,102,1.17,301215,146500,154715,0.4864,854.701,Low,85,Low,High,Legacy IKE version detected,0.856,0.753,IKEv1|Tunnel|AES-128-GCM|DH20|True|IPv4|Email
IPSEC-066-16,ipsec-066-16.pcap,validation,synthetic_lab_ground_truth,26160,IKEv1,ESP,Tunnel,IPv4,AES-128-GCM,AEAD-GCM,RSA-Signature,Diffie-Hellman,DH20,True,True,7200,False,True,False,0x112BAAD9,0xA04E87AE,File-Transfer,TCP,IPv4,50,2578,1262,38,1224,0,939,353,0.49,1185018,701490,483528,0.592,2040.816,Low,85,Low,High,Legacy IKE version detected,0.84,0.804,IKEv1|Tunnel|AES-128-GCM|DH20|True|IPv4|File-Transfer
IPSEC-066-17,ipsec-066-17.pcap,validation,synthetic_lab_ground_truth,26160,IKEv1,ESP,Tunnel,IPv4,AES-128-GCM,AEAD-GCM,RSA-Signature,Diffie-Hellman,DH20,True,False,3600,False,True,False,0x382EB55A,0x8C454B12,VoIP,UDP,IPv4,50,3001,282,16,266,1,222,60,0.09,62604,29413,33191,0.4698,10000.0,Medium,60,High,Critical,Legacy IKE version detected; Replay protection disabled,0.848,0.806,IKEv1|Tunnel|AES-128-GCM|DH20|True|IPv4|VoIP
IPSEC-066-18,ipsec-066-18.pcap,test,synthetic_lab_ground_truth,26160,IKEv1,ESP,Tunnel,IPv4,AES-128-GCM,AEAD-GCM,RSA-Signature,Diffie-Hellman,DH20,True,True,172800,False,True,False,0xBEF792BA,0x12741E58,ICMP,ICMP/ICMPv6,IPv4,50,292,106,9,97,1,107,14,0.36,11342,6970,4372,0.6146,2777.778,Low,77,Medium,High,Legacy IKE version detected; Long Security Association lifetime,0.801,0.897,IKEv1|Tunnel|AES-128-GCM|DH20|True|IPv4|ICMP
IPSEC-066-19,ipsec-066-19.pcap,test,synthetic_lab_ground_truth,26160,IKEv1,ESP,Tunnel,IPv4,AES-128-GCM,AEAD-GCM,RSA-Signature,Diffie-Hellman,DH20,True,True,3600,True,True,True,0xFA45C498,0xE6A8A054,Video,TCP/QUIC,IPv4,50,4824,1211,43,1168,2,576,116,0.25,697536,222960,474576,0.3196,4000.0,Medium,85,Low,High,Legacy IKE version detected,0.831,0.836,IKEv1|Tunnel|AES-128-GCM|DH20|True|IPv4|Video
IPSEC-066-20,ipsec-066-20.pcap,test,synthetic_lab_ground_truth,26160,IKEv1,ESP,Tunnel,IPv4,AES-128-GCM,AEAD-GCM,RSA-Signature,Diffie-Hellman,DH20,True,True,28800,True,True,True,0x1C7254BE,0x792E56D6,Chat,TCP,IPv4,50,1322,483,16,467,1,230,57,0.37,111090,57338,53752,0.5161,2702.703,Low,85,Low,High,Legacy IKE version detected,0.831,0.709,IKEv1|Tunnel|AES-128-GCM|DH20|True|IPv4|Chat
IPSEC-067-01,ipsec-067-01.pcap,train,synthetic_lab_ground_truth,26160,IKEv2,ESP,Tunnel,IPv4,AES-128-GCM,AEAD-GCM,ECDSA-Signature,Diffie-Hellman,DH24,False,True,3600,False,True,False,0x5B8C3471,0xB1C9C566,Email,TCP,IPv4,50,601,791,32,759,2,471,126,1.32,372561,149924,222637,0.4024,757.576,Low,80,Medium,Medium,Perfect Forward Secrecy disabled,0.935,0.794,IKEv2|Tunnel|AES-128-GCM|DH24|False|IPv4|Email
IPSEC-067-02,ipsec-067-02.pcap,train,synthetic_lab_ground_truth,26160,IKEv2,ESP,Tunnel,IPv4,AES-128-GCM,AEAD-GCM,ECDSA-Signature,Diffie-Hellman,DH24,False,True,14400,True,True,True,0xE0797202,0x1C529C11,File-Transfer,TCP,IPv4,50,3468,1592,10,1582,0,993,163,0.46,1580856,1000686,580170,0.633,2173.913,Low,80,Medium,Medium,Perfect Forward Secrecy disabled,0.921,0.79,IKEv2|Tunnel|AES-128-GCM|DH24|False|IPv4|File-Transfer
IPSEC-067-03,ipsec-067-03.pcap,train,synthetic_lab_ground_truth,26160,IKEv2,ESP,Tunnel,IPv4,AES-128-GCM,AEAD-GCM,ECDSA-Signature,Diffie-Hellman,DH24,False,True,300,False,True,False,0xDC9BF485,0x580CC90E,VoIP,UDP,IPv4,50,2455,187,41,146,0,200,55,0.08,37400,20341,17059,0.5439,10000.0,Medium,80,Medium,Medium,Perfect Forward Secrecy disabled,0.941,0.779,IKEv2|Tunnel|AES-128-GCM|DH24|False|IPv4|VoIP
IPSEC-067-04,ipsec-067-04.pcap,train,synthetic_lab_ground_truth,26160,IKEv2,ESP,Tunnel,IPv4,AES-128-GCM,AEAD-GCM,ECDSA-Signature,Diffie-Hellman,DH24,False,True,14400,True,True,True,0x5A681AB0,0x2E831DA6,ICMP,ICMP/ICMPv6,IPv4,50,181,65,8,57,0,98,27,0.36,6370,4043,2327,0.6348,2777.778,Low,80,Medium,Medium,Perfect Forward Secrecy disabled,0.914,0.965,IKEv2|Tunnel|AES-128-GCM|DH24|False|IPv4|ICMP
IPSEC-067-05,ipsec-067-05.pcap,train,synthetic_lab_ground_truth,26160,IKEv2,ESP,Tunnel,IPv4,AES-128-GCM,AEAD-GCM,ECDSA-Signature,Diffie-Hellman,DH24,False,True,86400,True,True,True,0x42A00F39,0xFFE3CFFD,Video,TCP/QUIC,IPv4,50,2945,881,14,867,2,505,155,0.3,444905,118151,326754,0.2656,3333.333,Medium,80,Medium,Medium,Perfect Forward Secrecy disabled,0.975,0.863,IKEv2|Tunnel|AES-128-GCM|DH24|False|IPv4|Video
IPSEC-067-06,ipsec-067-06.pcap,train,synthetic_lab_ground_truth,26160,IKEv2,ESP,Tunnel,IPv4,AES-128-GCM,AEAD-GCM,ECDSA-Signature,Diffie-Hellman,DH24,False,True,3600,False,True,False,0xB737BE02,0x25AC9347,Chat,TCP,IPv4,50,1251,422,22,400,0,253,73,0.34,106766,48781,57985,0.4569,2941.176,Low,80,Medium,Medium,Perfect Forward Secrecy disabled,0.925,0.679,IKEv2|Tunnel|AES-128-GCM|DH24|False|IPv4|Chat
IPSEC-067-07,ipsec-067-07.pcap,train,synthetic_lab_ground_truth,26160,IKEv2,ESP,Tunnel,IPv4,AES-128-GCM,AEAD-GCM,ECDSA-Signature,Diffie-Hellman,DH24,False,True,7200,True,True,True,0x3D1E2AA1,0xA8166B4C,Web,TCP,IPv4,50,2018,761,31,730,0,541,148,0.38,411701,192516,219185,0.4676,2631.579,Low,80,Medium,Medium,Perfect Forward Secrecy disabled,0.92,0.746,IKEv2|Tunnel|AES-128-GCM|DH24|False|IPv4|Web
IPSEC-067-08,ipsec-067-08.pcap,train,synthetic_lab_ground_truth,26160,IKEv2,ESP,Tunnel,IPv4,AES-128-GCM,AEAD-GCM,ECDSA-Signature,Diffie-Hellman,DH24,False,True,28800,True,True,True,0x1D2AA2F9,0x1E8BCEC0,Email,TCP,IPv4,50,632,752,16,736,1,522,73,1.19,392544,174772,217772,0.4452,840.336,Low,80,Medium,Medium,Perfect Forward Secrecy disabled,0.963,0.732,IKEv2|Tunnel|AES-128-GCM|DH24|False|IPv4|Email
IPSEC-067-09,ipsec-067-09.pcap,train,synthetic_lab_ground_truth,26160,IKEv2,ESP,Tunnel,IPv4,AES-128-GCM,AEAD-GCM,ECDSA-Signature,Diffie-Hellman,DH24,False,True,3600,True,True,True,0xA4746C96,0xC4331EC7,File-Transfer,TCP,IPv4,50,2549,1089,13,1076,1,872,110,0.43,949608,503196,446412,0.5299,2325.581,Low,80,Medium,Medium,Perfect Forward Secrecy disabled,0.926,0.805,IKEv2|Tunnel|AES-128-GCM|DH24|False|IPv4|File-Transfer
IPSEC-067-10,ipsec-067-10.pcap,train,synthetic_lab_ground_truth,26160,IKEv2,ESP,Tunnel,IPv4,AES-128-GCM,AEAD-GCM,ECDSA-Signature,Diffie-Hellman,DH24,False,True,3600,False,True,False,0xAEAE37C5,0x347F1180,VoIP,UDP,IPv4,50,2474,244,33,211,0,241,66,0.1,58804,24485,34319,0.4164,10000.0,Medium,80,Medium,Medium,Perfect Forward Secrecy disabled,0.958,0.774,IKEv2|Tunnel|AES-128-GCM|DH24|False|IPv4|VoIP
IPSEC-067-11,ipsec-067-11.pcap,train,synthetic_lab_ground_truth,26160,IKEv2,ESP,Tunnel,IPv4,AES-128-GCM,AEAD-GCM,ECDSA-Signature,Diffie-Hellman,DH24,False,True,1800,True,True,True,0xC2845A01,0x47084819,ICMP,ICMP/ICMPv6,IPv4,50,261,115,29,86,1,101,19,0.44,11615,5879,5736,0.5062,2272.727,Low,80,Medium,Medium,Perfect Forward Secrecy disabled,0.957,0.98,IKEv2|Tunnel|AES-128-GCM|DH24|False|IPv4|ICMP
IPSEC-067-12,ipsec-067-12.pcap,train,synthetic_lab_ground_truth,26160,IKEv2,ESP,Tunnel,IPv4,AES-128-GCM,AEAD-GCM,ECDSA-Signature,Diffie-Hellman,DH24,False,False,1800,False,True,False,0x1923A8E2,0x2301BCD9,Video,TCP/QUIC,IPv4,50,4364,1180,8,1172,2,549,196,0.27,647820,144361,503459,0.2228,3703.704,Medium,55,High,Critical,Perfect Forward Secrecy disabled; Replay protection disabled,0.951,0.82,IKEv2|Tunnel|AES-128-GCM|DH24|False|IPv4|Video
IPSEC-067-13,ipsec-067-13.pcap,train,synthetic_lab_ground_truth,26160,IKEv2,ESP,Tunnel,IPv4,AES-128-GCM,AEAD-GCM,ECDSA-Signature,Diffie-Hellman,DH24,False,True,86400,True,True,True,0x6EA8277A,0xA8DA2C7E,Chat,TCP,IPv4,50,1324,441,12,429,0,244,65,0.33,107604,67540,40064,0.6277,3030.303,Low,80,Medium,Medium,Perfect Forward Secrecy disabled,0.943,0.727,IKEv2|Tunnel|AES-128-GCM|DH24|False|IPv4|Chat
IPSEC-067-14,ipsec-067-14.pcap,train,synthetic_lab_ground_truth,26160,IKEv2,ESP,Tunnel,IPv4,AES-128-GCM,AEAD-GCM,ECDSA-Signature,Diffie-Hellman,DH24,False,True,7200,True,True,True,0xFBD39B90,0x3CD63547,Web,TCP,IPv4,50,2447,1225,42,1183,1,443,94,0.5,542675,261032,281643,0.481,2000.0,Low,80,Medium,Medium,Perfect Forward Secrecy disabled,0.924,0.792,IKEv2|Tunnel|AES-128-GCM|DH24|False|IPv4|Web
IPSEC-067-15,ipsec-067-15.pcap,validation,synthetic_lab_ground_truth,26160,IKEv2,ESP,Tunnel,IPv4,AES-128-GCM,AEAD-GCM,ECDSA-Signature,Diffie-Hellman,DH24,False,True,7200,True,True,True,0x6BAA2927,0x7F584B58,Email,TCP,IPv4,50,663,804,27,777,1,414,83,1.21,332856,176519,156337,0.5303,826.446,Low,80,Medium,Medium,Perfect Forward Secrecy disabled,0.977,0.676,IKEv2|Tunnel|AES-128-GCM|DH24|False|IPv4|Email
IPSEC-067-16,ipsec-067-16.pcap,validation,synthetic_lab_ground_truth,26160,IKEv2,ESP,Tunnel,IPv4,AES-128-GCM,AEAD-GCM,ECDSA-Signature,Diffie-Hellman,DH24,False,True,3600,False,True,False,0x31B40841,0x4C70B023,File-Transfer,TCP,IPv4,50,3412,1502,14,1488,0,869,193,0.44,1305238,707235,598003,0.5418,2272.727,Low,80,Medium,Medium,Perfect Forward Secrecy disabled,0.914,0.801,IKEv2|Tunnel|AES-128-GCM|DH24|False|IPv4|File-Transfer
IPSEC-067-17,ipsec-067-17.pcap,validation,synthetic_lab_ground_truth,26160,IKEv2,ESP,Tunnel,IPv4,AES-128-GCM,AEAD-GCM,ECDSA-Signature,Diffie-Hellman,DH24,False,True,3600,False,True,False,0xA16E14B6,0x57A5406A,VoIP,UDP,IPv4,50,2980,233,31,202,0,202,29,0.08,47066,25090,21976,0.5331,10000.0,Medium,80,Medium,Medium,Perfect Forward Secrecy disabled,0.931,0.925,IKEv2|Tunnel|AES-128-GCM|DH24|False|IPv4|VoIP
IPSEC-067-18,ipsec-067-18.pcap,test,synthetic_lab_ground_truth,26160,IKEv2,ESP,Tunnel,IPv4,AES-128-GCM,AEAD-GCM,ECDSA-Signature,Diffie-Hellman,DH24,False,False,1800,False,True,False,0x147432EF,0x3D24258B,ICMP,ICMP/ICMPv6,IPv4,50,248,112,29,83,0,76,15,0.45,8512,4909,3603,0.5768,2222.222,Low,55,High,Critical,Perfect Forward Secrecy disabled; Replay protection disabled,0.922,0.949,IKEv2|Tunnel|AES-128-GCM|DH24|False|IPv4|ICMP
IPSEC-067-19,ipsec-067-19.pcap,test,synthetic_lab_ground_truth,26160,IKEv2,ESP,Tunnel,IPv4,AES-128-GCM,AEAD-GCM,ECDSA-Signature,Diffie-Hellman,DH24,False,True,3600,False,True,False,0x8A677ECA,0xBB8B8122,Video,TCP/QUIC,IPv4,50,5055,1126,15,1111,0,480,142,0.22,540480,226526,313954,0.4191,4545.455,Medium,80,Medium,Medium,Perfect Forward Secrecy disabled,0.912,0.862,IKEv2|Tunnel|AES-128-GCM|DH24|False|IPv4|Video
IPSEC-067-20,ipsec-067-20.pcap,test,synthetic_lab_ground_truth,26160,IKEv2,ESP,Tunnel,IPv4,AES-128-GCM,AEAD-GCM,ECDSA-Signature,Diffie-Hellman,DH24,False,True,3600,True,True,True,0x30550A47,0x73C72C92,Chat,TCP,IPv4,50,1354,500,13,487,2,279,96,0.37,139500,64437,75063,0.4619,2702.703,Low,80,Medium,Medium,Perfect Forward Secrecy disabled,0.936,0.675,IKEv2|Tunnel|AES-128-GCM|DH24|False|IPv4|Chat
IPSEC-068-01,ipsec-068-01.pcap,train,synthetic_lab_ground_truth,26160,IKEv1,ESP,Transport,IPv6,AES-256-GCM,AEAD-GCM,RSA-Signature,Diffie-Hellman,DH19,False,True,7200,True,True,True,0xC752C898,0x4F0ABA1F,Email,TCP,IPv6,50,428,573,11,562,0,383,59,1.34,219459,96241,123218,0.4385,746.269,Medium,73,Medium,High,Legacy IKE version detected; Perfect Forward Secrecy disabled,0.841,0.758,IKEv1|Transport|AES-256-GCM|DH19|False|IPv6|Email
IPSEC-068-02,ipsec-068-02.pcap,train,synthetic_lab_ground_truth,26160,IKEv1,ESP,Transport,IPv6,AES-256-GCM,AEAD-GCM,RSA-Signature,Diffie-Hellman,DH19,False,True,28800,False,True,False,0xD18DE6FB,0xC4D1AA19,File-Transfer,TCP,IPv6,50,3910,1840,40,1800,0,820,209,0.47,1508800,554039,954761,0.3672,2127.66,Medium,73,Medium,High,Legacy IKE version detected; Perfect Forward Secrecy disabled,0.766,0.858,IKEv1|Transport|AES-256-GCM|DH19|False|IPv6|File-Transfer
IPSEC-068-03,ipsec-068-03.pcap,train,synthetic_lab_ground_truth,26160,IKEv1,ESP,Transport,IPv6,AES-256-GCM,AEAD-GCM,RSA-Signature,Diffie-Hellman,DH19,False,True,3600,True,True,True,0x7C0ADC28,0x4C12D1B2,VoIP,UDP,IPv6,50,2478,192,19,173,0,235,46,0.08,45120,25403,19717,0.563,10000.0,Medium,73,Medium,High,Legacy IKE version detected; Perfect Forward Secrecy disabled,0.799,0.749,IKEv1|Transport|AES-256-GCM|DH19|False|IPv6|VoIP
IPSEC-068-04,ipsec-068-04.pcap,train,synthetic_lab_ground_truth,26160,IKEv1,ESP,Transport,IPv6,AES-256-GCM,AEAD-GCM,RSA-Signature,Diffie-Hellman,DH19,False,True,600,False,True,False,0x86399449,0xB1A863F3,ICMP,ICMP/ICMPv6,IPv6,50,184,70,15,55,0,109,27,0.38,7630,3726,3904,0.4884,2631.579,Medium,73,Medium,High,Legacy IKE version detected; Perfect Forward Secrecy disabled,0.825,0.869,IKEv1|Transport|AES-256-GCM|DH19|False|IPv6|ICMP
IPSEC-068-05,ipsec-068-05.pcap,train,synthetic_lab_ground_truth,26160,IKEv1,ESP,Transport,IPv6,AES-256-GCM,AEAD-GCM,RSA-Signature,Diffie-Hellman,DH19,False,True,28800,True,True,True,0x4A722D36,0x6794AB7A,Video,TCP/QUIC,IPv6,50,3271,713,36,677,1,500,162,0.22,356500,182444,174056,0.5118,4545.455,Medium,73,Medium,High,Legacy IKE version detected; Perfect Forward Secrecy disabled,0.792,0.821,IKEv1|Transport|AES-256-GCM|DH19|False|IPv6|Video
IPSEC-068-06,ipsec-068-06.pcap,train,synthetic_lab_ground_truth,26160,IKEv1,ESP,Transport,IPv6,AES-256-GCM,AEAD-GCM,RSA-Signature,Diffie-Hellman,DH19,False,True,7200,True,True,True,0x4366925E,0xB4A70A8B,Chat,TCP,IPv6,50,1289,467,21,446,2,218,52,0.36,101806,64920,36886,0.6377,2777.778,Medium,73,Medium,High,Legacy IKE version detected; Perfect Forward Secrecy disabled,0.788,0.762,IKEv1|Transport|AES-256-GCM|DH19|False|IPv6|Chat
IPSEC-068-07,ipsec-068-07.pcap,train,synthetic_lab_ground_truth,26160,IKEv1,ESP,Transport,IPv6,AES-256-GCM,AEAD-GCM,RSA-Signature,Diffie-Hellman,DH19,False,True,7200,True,True,True,0xCB64DB77,0x9EFDE272,Web,TCP,IPv6,50,1636,642,15,627,1,624,129,0.39,400608,131114,269494,0.3273,2564.103,Medium,73,Medium,High,Legacy IKE version detected; Perfect Forward Secrecy disabled,0.809,0.858,IKEv1|Transport|AES-256-GCM|DH19|False|IPv6|Web
IPSEC-068-08,ipsec-068-08.pcap,train,synthetic_lab_ground_truth,26160,IKEv1,ESP,Transport,IPv6,AES-256-GCM,AEAD-GCM,RSA-Signature,Diffie-Hellman,DH19,False,True,14400,False,True,False,0x83CDF466,0x4F72EEBD,Email,TCP,IPv6,50,703,1022,19,1003,1,404,81,1.45,412888,254633,158255,0.6167,689.655,Medium,73,Medium,High,Legacy IKE version detected; Perfect Forward Secrecy disabled,0.784,0.814,IKEv1|Transport|AES-256-GCM|DH19|False|IPv6|Email
IPSEC-068-09,ipsec-068-09.pcap,train,synthetic_lab_ground_truth,26160,IKEv1,ESP,Transport,IPv6,AES-256-GCM,AEAD-GCM,RSA-Signature,Diffie-Hellman,DH19,False,False,7200,False,True,False,0xC4F20F36,0x8F49180E,File-Transfer,TCP,IPv6,50,3353,1701,9,1692,0,1118,267,0.51,1901718,1131894,769824,0.5952,1960.784,Medium,48,Critical,Critical,Legacy IKE version detected; Perfect Forward Secrecy disabled; Replay protection disabled,0.844,0.819,IKEv1|Transport|AES-256-GCM|DH19|False|IPv6|File-Transfer
IPSEC-068-10,ipsec-068-10.pcap,train,synthetic_lab_ground_truth,26160,IKEv1,ESP,Transport,IPv6,AES-256-GCM,AEAD-GCM,RSA-Signature,Diffie-Hellman,DH19,False,True,7200,True,True,True,0x47B96442,0xFCD386FD,VoIP,UDP,IPv6,50,3329,300,42,258,0,238,63,0.09,71400,38833,32567,0.5439,10000.0,Medium,73,Medium,High,Legacy IKE version detected; Perfect Forward Secrecy disabled,0.809,0.812,IKEv1|Transport|AES-256-GCM|DH19|False|IPv6|VoIP
IPSEC-068-11,ipsec-068-11.pcap,train,synthetic_lab_ground_truth,26160,IKEv1,ESP,Transport,IPv6,AES-256-GCM,AEAD-GCM,RSA-Signature,Diffie-Hellman,DH19,False,True,1800,False,True,False,0xD9D0779C,0x76CFD810,ICMP,ICMP/ICMPv6,IPv6,50,266,120,39,81,0,69,21,0.45,8280,4496,3784,0.543,2222.222,Medium,73,Medium,High,Legacy IKE version detected; Perfect Forward Secrecy disabled,0.832,0.914,IKEv1|Transport|AES-256-GCM|DH19|False|IPv6|ICMP
IPSEC-068-12,ipsec-068-12.pcap,train,synthetic_lab_ground_truth,26160,IKEv1,ESP,Transport,IPv6,AES-256-GCM,AEAD-GCM,RSA-Signature,Diffie-Hellman,DH19,False,False,7200,False,True,False,0x9E45617F,0xAB1EE713,Video,TCP/QUIC,IPv6,50,3978,791,27,764,0,486,65,0.2,384426,116123,268303,0.3021,5000.0,Medium,48,Critical,Critical,Legacy IKE version detected; Perfect Forward Secrecy disabled; Replay protection disabled,0.852,0.798,IKEv1|Transport|AES-256-GCM|DH19|False|IPv6|Video
IPSEC-068-13,ipsec-068-13.pcap,train,synthetic_lab_ground_truth,26160,IKEv1,ESP,Transport,IPv6,AES-256-GCM,AEAD-GCM,RSA-Signature,Diffie-Hellman,DH19,False,True,14400,True,True,True,0xF445B9F7,0x413383C6,Chat,TCP,IPv6,50,1499,534,22,512,0,263,80,0.36,140442,73055,67387,0.5202,2777.778,Medium,73,Medium,High,Legacy IKE version detected; Perfect Forward Secrecy disabled,0.854,0.719,IKEv1|Transport|AES-256-GCM|DH19|False|IPv6|Chat
IPSEC-068-14,ipsec-068-14.pcap,train,synthetic_lab_ground_truth,26160,IKEv1,ESP,Transport,IPv6,AES-256-GCM,AEAD-GCM,RSA-Signature,Diffie-Hellman,DH19,False,True,600,False,True,False,0x1904B66C,0x7C1507D0,Web,TCP,IPv6,50,2113,845,32,813,0,591,163,0.4,499395,243887,255508,0.4884,2500.0,Medium,73,Medium,High,Legacy IKE version detected; Perfect Forward Secrecy disabled,0.769,0.777,IKEv1|Transport|AES-256-GCM|DH19|False|IPv6|Web
IPSEC-068-15,ipsec-068-15.pcap,validation,synthetic_lab_ground_truth,26160,IKEv1,ESP,Transport,IPv6,AES-256-GCM,AEAD-GCM,RSA-Signature,Diffie-Hellman,DH19,False,True,14400,True,True,True,0x3F2010A3,0xEA3C3F5D,Email,TCP,IPv6,50,614,756,36,720,1,404,89,1.23,305424,123496,181928,0.4043,813.008,Medium,73,Medium,High,Legacy IKE version detected; Perfect Forward Secrecy disabled,0.801,0.669,IKEv1|Transport|AES-256-GCM|DH19|False|IPv6|Email
IPSEC-068-16,ipsec-068-16.pcap,validation,synthetic_lab_ground_truth,26160,IKEv1,ESP,Transport,IPv6,AES-256-GCM,AEAD-GCM,RSA-Signature,Diffie-Hellman,DH19,False,True,7200,True,True,True,0x78792C3A,0xC1ED2F49,File-Transfer,TCP,IPv6,50,2535,1046,36,1010,1,1059,228,0.41,1107714,531513,576201,0.4798,2439.024,Medium,73,Medium,High,Legacy IKE version detected; Perfect Forward Secrecy disabled,0.832,0.832,IKEv1|Transport|AES-256-GCM|DH19|False|IPv6|File-Transfer
IPSEC-068-17,ipsec-068-17.pcap,validation,synthetic_lab_ground_truth,26160,IKEv1,ESP,Transport,IPv6,AES-256-GCM,AEAD-GCM,RSA-Signature,Diffie-Hellman,DH19,False,True,14400,False,True,False,0xA265E7E9,0x86F015D4,VoIP,UDP,IPv6,50,2550,226,31,195,1,190,41,0.09,42940,20425,22515,0.4757,10000.0,Medium,73,Medium,High,Legacy IKE version detected; Perfect Forward Secrecy disabled,0.785,0.739,IKEv1|Transport|AES-256-GCM|DH19|False|IPv6|VoIP
IPSEC-068-18,ipsec-068-18.pcap,test,synthetic_lab_ground_truth,26160,IKEv1,ESP,Transport,IPv6,AES-256-GCM,AEAD-GCM,RSA-Signature,Diffie-Hellman,DH19,False,True,86400,False,True,False,0x4A6FEB35,0x388F0FC1,ICMP,ICMP/ICMPv6,IPv6,50,279,113,8,105,2,112,41,0.41,12656,6157,6499,0.4865,2439.024,Medium,73,Medium,High,Legacy IKE version detected; Perfect Forward Secrecy disabled,0.841,0.889,IKEv1|Transport|AES-256-GCM|DH19|False|IPv6|ICMP
IPSEC-068-19,ipsec-068-19.pcap,test,synthetic_lab_ground_truth,26160,IKEv1,ESP,Transport,IPv6,AES-256-GCM,AEAD-GCM,RSA-Signature,Diffie-Hellman,DH19,False,True,86400,False,True,False,0xF6A01BC5,0x1BDECC2F,Video,TCP/QUIC,IPv6,50,5470,1531,36,1495,0,434,107,0.28,664454,243897,420557,0.3671,3571.429,Medium,73,Medium,High,Legacy IKE version detected; Perfect Forward Secrecy disabled,0.821,0.788,IKEv1|Transport|AES-256-GCM|DH19|False|IPv6|Video
IPSEC-068-20,ipsec-068-20.pcap,test,synthetic_lab_ground_truth,26160,IKEv1,ESP,Transport,IPv6,AES-256-GCM,AEAD-GCM,RSA-Signature,Diffie-Hellman,DH19,False,False,3600,False,True,False,0xB6D310AD,0x2EC49066,Chat,TCP,IPv6,50,1126,346,31,315,0,261,38,0.31,90306,37630,52676,0.4167,3225.806,Medium,48,Critical,Critical,Legacy IKE version detected; Perfect Forward Secrecy disabled; Replay protection disabled,0.831,0.673,IKEv1|Transport|AES-256-GCM|DH19|False|IPv6|Chat
IPSEC-069-01,ipsec-069-01.pcap,train,synthetic_lab_ground_truth,26160,IKEv2,ESP,Transport,IPv4,AES-128-GCM,AEAD-GCM,RSA-Signature,Diffie-Hellman,DH20,False,True,600,False,True,False,0x90E0B3EE,0x1B1A5462,Email,TCP,IPv4,50,645,794,35,759,1,439,86,1.23,348566,232015,116551,0.6656,813.008,Medium,88,Low,Medium,Perfect Forward Secrecy disabled,0.958,0.682,IKEv2|Transport|AES-128-GCM|DH20|False|IPv4|Email
IPSEC-069-02,ipsec-069-02.pcap,train,synthetic_lab_ground_truth,26160,IKEv2,ESP,Transport,IPv4,AES-128-GCM,AEAD-GCM,RSA-Signature,Diffie-Hellman,DH20,False,True,28800,True,True,True,0x7BF2C42B,0x90EE3808,File-Transfer,TCP,IPv4,50,2433,901,22,879,2,752,200,0.37,677552,322647,354905,0.4762,2702.703,Medium,88,Low,Medium,Perfect Forward Secrecy disabled,0.944,0.85,IKEv2|Transport|AES-128-GCM|DH20|False|IPv4|File-Transfer
IPSEC-069-03,ipsec-069-03.pcap,train,synthetic_lab_ground_truth,26160,IKEv2,ESP,Transport,IPv4,AES-128-GCM,AEAD-GCM,RSA-Signature,Diffie-Hellman,DH20,False,True,1800,False,True,False,0x8990DA20,0x2D9834AF,VoIP,UDP,IPv4,50,2081,179,35,144,0,219,60,0.09,39201,20189,19012,0.515,10000.0,Medium,88,Low,Medium,Perfect Forward Secrecy disabled,0.9,0.736,IKEv2|Transport|AES-128-GCM|DH20|False|IPv4|VoIP
IPSEC-069-04,ipsec-069-04.pcap,train,synthetic_lab_ground_truth,26160,IKEv2,ESP,Transport,IPv4,AES-128-GCM,AEAD-GCM,RSA-Signature,Diffie-Hellman,DH20,False,True,14400,False,True,False,0x20793C7E,0x87D1B27B,ICMP,ICMP/ICMPv6,IPv4,50,253,125,11,114,0,100,21,0.49,12500,6978,5522,0.5583,2040.816,Medium,88,Low,Medium,Perfect Forward Secrecy disabled,0.923,0.945,IKEv2|Transport|AES-128-GCM|DH20|False|IPv4|ICMP
IPSEC-069-05,ipsec-069-05.pcap,train,synthetic_lab_ground_truth,26160,IKEv2,ESP,Transport,IPv4,AES-128-GCM,AEAD-GCM,RSA-Signature,Diffie-Hellman,DH20,False,True,1800,False,True,False,0x5F61B75B,0xA4325FCC,Video,TCP/QUIC,IPv4,50,5662,1652,42,1610,1,404,83,0.29,667408,293543,373865,0.4398,3448.276,Medium,88,Low,Medium,Perfect Forward Secrecy disabled,0.896,0.861,IKEv2|Transport|AES-128-GCM|DH20|False|IPv4|Video
IPSEC-069-06,ipsec-069-06.pcap,train,synthetic_lab_ground_truth,26160,IKEv2,ESP,Transport,IPv4,AES-128-GCM,AEAD-GCM,RSA-Signature,Diffie-Hellman,DH20,False,False,300,True,True,True,0x2A42D510,0x7F782AC5,Chat,TCP,IPv4,50,1462,562,35,527,0,248,42,0.38,139376,73440,65936,0.5269,2631.579,Medium,63,High,Critical,Perfect Forward Secrecy disabled; Replay protection disabled,0.939,0.745,IKEv2|Transport|AES-128-GCM|DH20|False|IPv4|Chat
IPSEC-069-07,ipsec-069-07.pcap,train,synthetic_lab_ground_truth,26160,IKEv2,ESP,Transport,IPv4,AES-128-GCM,AEAD-GCM,RSA-Signature,Diffie-Hellman,DH20,False,True,1800,False,True,False,0x7FE8E586,0x8810F0B1,Web,TCP,IPv4,50,2202,845,17,828,1,488,73,0.38,412360,176168,236192,0.4272,2631.579,Medium,88,Low,Medium,Perfect Forward Secrecy disabled,0.934,0.793,IKEv2|Transport|AES-128-GCM|DH20|False|IPv4|Web
IPSEC-069-08,ipsec-069-08.pcap,train,synthetic_lab_ground_truth,26160,IKEv2,ESP,Transport,IPv4,AES-128-GCM,AEAD-GCM,RSA-Signature,Diffie-Hellman,DH20,False,True,3600,False,True,False,0xC4318ADD,0xE30F25C5,Email,TCP,IPv4,50,424,621,26,595,0,423,110,1.46,262683,108828,153855,0.4143,684.932,Medium,88,Low,Medium,Perfect Forward Secrecy disabled,0.887,0.721,IKEv2|Transport|AES-128-GCM|DH20|False|IPv4|Email
IPSEC-069-09,ipsec-069-09.pcap,train,synthetic_lab_ground_truth,26160,IKEv2,ESP,Transport,IPv4,AES-128-GCM,AEAD-GCM,RSA-Signature,Diffie-Hellman,DH20,False,True,86400,True,True,True,0x4C23EC92,0xB776F707,File-Transfer,TCP,IPv4,50,3261,1286,42,1244,1,874,227,0.39,1123964,523183,600781,0.4655,2564.103,Medium,88,Low,Medium,Perfect Forward Secrecy disabled,0.926,0.829,IKEv2|Transport|AES-128-GCM|DH20|False|IPv4|File-Transfer
IPSEC-069-10,ipsec-069-10.pcap,train,synthetic_lab_ground_truth,26160,IKEv2,ESP,Transport,IPv4,AES-128-GCM,AEAD-GCM,RSA-Signature,Diffie-Hellman,DH20,False,True,3600,False,True,False,0x4C73E356,0x28EE61B0,VoIP,UDP,IPv4,50,2637,201,19,182,2,221,40,0.08,44421,18396,26025,0.4141,10000.0,Medium,88,Low,Medium,Perfect Forward Secrecy disabled,0.917,0.816,IKEv2|Transport|AES-128-GCM|DH20|False|IPv4|VoIP
IPSEC-069-11,ipsec-069-11.pcap,train,synthetic_lab_ground_truth,26160,IKEv2,ESP,Transport,IPv4,AES-128-GCM,AEAD-GCM,RSA-Signature,Diffie-Hellman,DH20,False,True,28800,False,True,False,0x6621E1A9,0xA122D57B,ICMP,ICMP/ICMPv6,IPv4,50,306,119,13,106,0,87,12,0.39,10353,6183,4170,0.5973,2564.103,Medium,88,Low,Medium,Perfect Forward Secrecy disabled,0.939,0.898,IKEv2|Transport|AES-128-GCM|DH20|False|IPv4|ICMP
IPSEC-069-12,ipsec-069-12.pcap,train,synthetic_lab_ground_truth,26160,IKEv2,ESP,Transport,IPv4,AES-128-GCM,AEAD-GCM,RSA-Signature,Diffie-Hellman,DH20,False,True,7200,False,True,False,0x5E7A3D33,0xE5CD995F,Video,TCP/QUIC,IPv4,50,4330,983,40,943,2,466,112,0.23,458078,193911,264167,0.4233,4347.826,Medium,88,Low,Medium,Perfect Forward Secrecy disabled,0.943,0.855,IKEv2|Transport|AES-128-GCM|DH20|False|IPv4|Video
IPSEC-069-13,ipsec-069-13.pcap,train,synthetic_lab_ground_truth,26160,IKEv2,ESP,Transport,IPv4,AES-128-GCM,AEAD-GCM,RSA-Signature,Diffie-Hellman,DH20,False,True,14400,False,True,False,0x6E908F56,0xF63E0747,Chat,TCP,IPv4,50,1773,626,17,609,0,210,72,0.35,131460,68246,63214,0.5191,2857.143,Medium,88,Low,Medium,Perfect Forward Secrecy disabled,0.931,0.729,IKEv2|Transport|AES-128-GCM|DH20|False|IPv4|Chat
IPSEC-069-14,ipsec-069-14.pcap,train,synthetic_lab_ground_truth,26160,IKEv2,ESP,Transport,IPv4,AES-128-GCM,AEAD-GCM,RSA-Signature,Diffie-Hellman,DH20,False,True,300,True,True,True,0x7E038C4F,0x495D06CE,Web,TCP,IPv4,50,2181,951,8,943,1,541,194,0.44,514491,207524,306967,0.4034,2272.727,Medium,88,Low,Medium,Perfect Forward Secrecy disabled,0.935,0.77,IKEv2|Transport|AES-128-GCM|DH20|False|IPv4|Web
IPSEC-069-15,ipsec-069-15.pcap,validation,synthetic_lab_ground_truth,26160,IKEv2,ESP,Transport,IPv4,AES-128-GCM,AEAD-GCM,RSA-Signature,Diffie-Hellman,DH20,False,True,7200,True,True,True,0xB2E6E78E,0xDCDDBCC3,Email,TCP,IPv4,50,499,669,34,635,0,469,117,1.34,313761,135125,178636,0.4307,746.269,Medium,88,Low,Medium,Perfect Forward Secrecy disabled,0.99,0.687,IKEv2|Transport|AES-128-GCM|DH20|False|IPv4|Email
IPSEC-069-16,ipsec-069-16.pcap,validation,synthetic_lab_ground_truth,26160,IKEv2,ESP,Transport,IPv4,AES-128-GCM,AEAD-GCM,RSA-Signature,Diffie-Hellman,DH20,False,True,172800,True,True,True,0x12F92918,0x44141B23,File-Transfer,TCP,IPv4,50,2788,1436,20,1416,2,1045,253,0.52,1500620,581170,919450,0.3873,1923.077,Medium,80,Medium,Medium,Perfect Forward Secrecy disabled; Long Security Association lifetime,0.905,0.815,IKEv2|Transport|AES-128-GCM|DH20|False|IPv4|File-Transfer
IPSEC-069-17,ipsec-069-17.pcap,validation,synthetic_lab_ground_truth,26160,IKEv2,ESP,Transport,IPv4,AES-128-GCM,AEAD-GCM,RSA-Signature,Diffie-Hellman,DH20,False,True,300,False,True,False,0x522C7C64,0xFA3A342D,VoIP,UDP,IPv4,50,2728,201,9,192,1,237,72,0.07,47637,26855,20782,0.5637,10000.0,Medium,88,Low,Medium,Perfect Forward Secrecy disabled,0.894,0.785,IKEv2|Transport|AES-128-GCM|DH20|False|IPv4|VoIP
IPSEC-069-18,ipsec-069-18.pcap,test,synthetic_lab_ground_truth,26160,IKEv2,ESP,Transport,IPv4,AES-128-GCM,AEAD-GCM,RSA-Signature,Diffie-Hellman,DH20,False,True,7200,False,True,False,0xC0A9A99F,0x5C07FACE,ICMP,ICMP/ICMPv6,IPv4,50,253,106,37,69,0,105,19,0.42,11130,5450,5680,0.4897,2380.952,Medium,88,Low,Medium,Perfect Forward Secrecy disabled,0.941,0.947,IKEv2|Transport|AES-128-GCM|DH20|False|IPv4|ICMP
IPSEC-069-19,ipsec-069-19.pcap,test,synthetic_lab_ground_truth,26160,IKEv2,ESP,Transport,IPv4,AES-128-GCM,AEAD-GCM,RSA-Signature,Diffie-Hellman,DH20,False,False,86400,True,True,True,0x15783AD2,0x287F9157,Video,TCP/QUIC,IPv4,50,5238,1411,33,1378,0,540,170,0.27,761940,294804,467136,0.3869,3703.704,Medium,63,High,Critical,Perfect Forward Secrecy disabled; Replay protection disabled,0.984,0.822,IKEv2|Transport|AES-128-GCM|DH20|False|IPv4|Video
IPSEC-069-20,ipsec-069-20.pcap,test,synthetic_lab_ground_truth,26160,IKEv2,ESP,Transport,IPv4,AES-128-GCM,AEAD-GCM,RSA-Signature,Diffie-Hellman,DH20,False,True,600,False,True,False,0x30EA41B5,0xE2AC845B,Chat,TCP,IPv4,50,1722,553,14,539,1,278,61,0.32,153734,85589,68145,0.5567,3125.0,Medium,88,Low,Medium,Perfect Forward Secrecy disabled,0.942,0.698,IKEv2|Transport|AES-128-GCM|DH20|False|IPv4|Chat
IPSEC-070-01,ipsec-070-01.pcap,train,synthetic_lab_ground_truth,26160,IKEv2,ESP,Tunnel,IPv4,AES-256-CBC,HMAC-SHA256-128,PSK,Diffie-Hellman,DH14,False,True,86400,True,True,True,0x456998FC,0x2F124744,Email,TCP,IPv4,50,408,451,25,426,1,570,123,1.11,257070,121235,135835,0.4716,900.901,Low,78,Medium,Medium,Older DH group; policy review recommended; Perfect Forward Secrecy disabled,0.899,0.773,IKEv2|Tunnel|AES-256-CBC|DH14|False|IPv4|Email
IPSEC-070-02,ipsec-070-02.pcap,train,synthetic_lab_ground_truth,26160,IKEv2,ESP,Tunnel,IPv4,AES-256-CBC,HMAC-SHA256-128,PSK,Diffie-Hellman,DH14,False,False,3600,True,True,True,0xB24A1879,0x94A33736,File-Transfer,TCP,IPv4,50,3127,1385,30,1355,1,861,231,0.44,1192485,569560,622925,0.4776,2272.727,Low,53,High,Critical,Older DH group; policy review recommended; Perfect Forward Secrecy disabled; Replay protection disabled,0.903,0.765,IKEv2|Tunnel|AES-256-CBC|DH14|False|IPv4|File-Transfer
IPSEC-070-03,ipsec-070-03.pcap,train,synthetic_lab_ground_truth,26160,IKEv2,ESP,Tunnel,IPv4,AES-256-CBC,HMAC-SHA256-128,PSK,Diffie-Hellman,DH14,False,True,7200,False,True,False,0xF18166F4,0xB21D6729,VoIP,UDP,IPv4,50,3048,257,22,235,1,208,29,0.08,53456,30741,22715,0.5751,10000.0,Medium,78,Medium,Medium,Older DH group; policy review recommended; Perfect Forward Secrecy disabled,0.882,0.756,IKEv2|Tunnel|AES-256-CBC|DH14|False|IPv4|VoIP
IPSEC-070-04,ipsec-070-04.pcap,train,synthetic_lab_ground_truth,26160,IKEv2,ESP,Tunnel,IPv4,AES-256-CBC,HMAC-SHA256-128,PSK,Diffie-Hellman,DH14,False,True,7200,False,True,False,0x1C7209C0,0x984ABA97,ICMP,ICMP/ICMPv6,IPv4,50,173,69,34,35,1,79,18,0.4,5451,2591,2860,0.4754,2500.0,Low,78,Medium,Medium,Older DH group; policy review recommended; Perfect Forward Secrecy disabled,0.914,0.98,IKEv2|Tunnel|AES-256-CBC|DH14|False|IPv4|ICMP
IPSEC-070-05,ipsec-070-05.pcap,train,synthetic_lab_ground_truth,26160,IKEv2,ESP,Tunnel,IPv4,AES-256-CBC,HMAC-SHA256-128,PSK,Diffie-Hellman,DH14,False,True,14400,False,True,False,0x45083487,0x54420409,Video,TCP/QUIC,IPv4,50,5371,1354,12,1342,0,545,136,0.25,737930,214710,523220,0.291,4000.0,Medium,78,Medium,Medium,Older DH group; policy review recommended; Perfect Forward Secrecy disabled,0.898,0.827,IKEv2|Tunnel|AES-256-CBC|DH14|False|IPv4|Video
IPSEC-070-06,ipsec-070-06.pcap,train,synthetic_lab_ground_truth,26160,IKEv2,ESP,Tunnel,IPv4,AES-256-CBC,HMAC-SHA256-128,PSK,Diffie-Hellman,DH14,False,True,600,False,True,False,0xF052B5DD,0x2EF194BA,Chat,TCP,IPv4,50,1023,400,9,391,1,295,97,0.39,118000,65182,52818,0.5524,2564.103,Low,78,Medium,Medium,Older DH group; policy review recommended; Perfect Forward Secrecy disabled,0.939,0.693,IKEv2|Tunnel|AES-256-CBC|DH14|False|IPv4|Chat
IPSEC-070-07,ipsec-070-07.pcap,train,synthetic_lab_ground_truth,26160,IKEv2,ESP,Tunnel,IPv4,AES-256-CBC,HMAC-SHA256-128,PSK,Diffie-Hellman,DH14,False,True,300,False,True,False,0x21E2E627,0x45FB2236,Web,TCP,IPv4,50,1927,788,20,768,2,584,141,0.41,460192,141689,318503,0.3079,2439.024,Low,78,Medium,Medium,Older DH group; policy review recommended; Perfect Forward Secrecy disabled,0.918,0.778,IKEv2|Tunnel|AES-256-CBC|DH14|False|IPv4|Web
IPSEC-070-08,ipsec-070-08.pcap,train,synthetic_lab_ground_truth,26160,IKEv2,ESP,Tunnel,IPv4,AES-256-CBC,HMAC-SHA256-128,PSK,Diffie-Hellman,DH14,False,True,1800,False,True,False,0x2CD037BD,0xD6CC7ED8,Email,TCP,IPv4,50,758,1007,12,995,0,343,85,1.33,345401,194147,151254,0.5621,751.88,Low,78,Medium,Medium,Older DH group; policy review recommended; Perfect Forward Secrecy disabled,0.9,0.797,IKEv2|Tunnel|AES-256-CBC|DH14|False|IPv4|Email
IPSEC-070-09,ipsec-070-09.pcap,train,synthetic_lab_ground_truth,26160,IKEv2,ESP,Tunnel,IPv4,AES-256-CBC,HMAC-SHA256-128,PSK,Diffie-Hellman,DH14,False,True,14400,False,True,False,0x77D6E339,0xE9A2ABFA,File-Transfer,TCP,IPv4,50,2412,1102,37,1065,1,974,329,0.46,1073348,523110,550238,0.4874,2173.913,Low,78,Medium,Medium,Older DH group; policy review recommended; Perfect Forward Secrecy disabled,0.884,0.828,IKEv2|Tunnel|AES-256-CBC|DH14|False|IPv4|File-Transfer
IPSEC-070-10,ipsec-070-10.pcap,train,synthetic_lab_ground_truth,26160,IKEv2,ESP,Tunnel,IPv4,AES-256-CBC,HMAC-SHA256-128,PSK,Diffie-Hellman,DH14,False,True,7200,True,True,True,0x3DC49DBA,0xC65BD553,VoIP,UDP,IPv4,50,2576,212,42,170,1,220,51,0.08,46640,27855,18785,0.5972,10000.0,Medium,78,Medium,Medium,Older DH group; policy review recommended; Perfect Forward Secrecy disabled,0.922,0.739,IKEv2|Tunnel|AES-256-CBC|DH14|False|IPv4|VoIP
IPSEC-070-11,ipsec-070-11.pcap,train,synthetic_lab_ground_truth,26160,IKEv2,ESP,Tunnel,IPv4,AES-256-CBC,HMAC-SHA256-128,PSK,Diffie-Hellman,DH14,False,True,28800,True,True,True,0x74B38B51,0xE750F570,ICMP,ICMP/ICMPv6,IPv4,50,221,92,28,64,0,98,20,0.42,9016,4341,4675,0.4815,2380.952,Low,78,Medium,Medium,Older DH group; policy review recommended; Perfect Forward Secrecy disabled,0.907,0.914,IKEv2|Tunnel|AES-256-CBC|DH14|False|IPv4|ICMP
IPSEC-070-12,ipsec-070-12.pcap,train,synthetic_lab_ground_truth,26160,IKEv2,ESP,Tunnel,IPv4,AES-256-CBC,HMAC-SHA256-128,PSK,Diffie-Hellman,DH14,False,False,3600,True,True,True,0x32670A68,0x5C55A47D,Video,TCP/QUIC,IPv4,50,3384,885,31,854,2,455,93,0.26,402675,155725,246950,0.3867,3846.154,Medium,53,High,Critical,Older DH group; policy review recommended; Perfect Forward Secrecy disabled; Replay protection disabled,0.917,0.809,IKEv2|Tunnel|AES-256-CBC|DH14|False|IPv4|Video
IPSEC-070-13,ipsec-070-13.pcap,train,synthetic_lab_ground_truth,26160,IKEv2,ESP,Tunnel,IPv4,AES-256-CBC,HMAC-SHA256-128,PSK,Diffie-Hellman,DH14,False,True,86400,True,True,True,0xC5A7EC24,0x8CEC4452,Chat,TCP,IPv4,50,1374,510,26,484,2,304,98,0.37,155040,78293,76747,0.505,2702.703,Low,78,Medium,Medium,Older DH group; policy review recommended; Perfect Forward Secrecy disabled,0.913,0.755,IKEv2|Tunnel|AES-256-CBC|DH14|False|IPv4|Chat
IPSEC-070-14,ipsec-070-14.pcap,train,synthetic_lab_ground_truth,26160,IKEv2,ESP,Tunnel,IPv4,AES-256-CBC,HMAC-SHA256-128,PSK,Diffie-Hellman,DH14,False,True,86400,False,True,False,0xFAD0FF57,0xBD99A842,Web,TCP,IPv4,50,1827,791,11,780,0,501,122,0.43,396291,115575,280716,0.2916,2325.581,Low,78,Medium,Medium,Older DH group; policy review recommended; Perfect Forward Secrecy disabled,0.864,0.852,IKEv2|Tunnel|AES-256-CBC|DH14|False|IPv4|Web
IPSEC-070-15,ipsec-070-15.pcap,validation,synthetic_lab_ground_truth,26160,IKEv2,ESP,Tunnel,IPv4,AES-256-CBC,HMAC-SHA256-128,PSK,Diffie-Hellman,DH14,False,True,7200,False,True,False,0x5F280224,0x8968B091,Email,TCP,IPv4,50,606,781,34,747,2,432,111,1.29,337392,153485,183907,0.4549,775.194,Low,78,Medium,Medium,Older DH group; policy review recommended; Perfect Forward Secrecy disabled,0.922,0.735,IKEv2|Tunnel|AES-256-CBC|DH14|False|IPv4|Email
IPSEC-070-16,ipsec-070-16.pcap,validation,synthetic_lab_ground_truth,26160,IKEv2,ESP,Tunnel,IPv4,AES-256-CBC,HMAC-SHA256-128,PSK,Diffie-Hellman,DH14,False,True,7200,False,True,False,0xD24C548C,0x54CCBC20,File-Transfer,TCP,IPv4,50,3814,1885,30,1855,0,1007,211,0.49,1898195,1288040,610155,0.6786,2040.816,Low,78,Medium,Medium,Older DH group; policy review recommended; Perfect Forward Secrecy disabled,0.909,0.806,IKEv2|Tunnel|AES-256-CBC|DH14|False|IPv4|File-Transfer
IPSEC-070-17,ipsec-070-17.pcap,validation,synthetic_lab_ground_truth,26160,IKEv2,ESP,Tunnel,IPv4,AES-256-CBC,HMAC-SHA256-128,PSK,Diffie-Hellman,DH14,False,True,1800,True,True,True,0x37FACCFB,0xA265AF94,VoIP,UDP,IPv4,50,3025,279,40,239,1,249,54,0.09,69471,39686,29785,0.5713,10000.0,Medium,78,Medium,Medium,Older DH group; policy review recommended; Perfect Forward Secrecy disabled,0.867,0.824,IKEv2|Tunnel|AES-256-CBC|DH14|False|IPv4|VoIP
IPSEC-070-18,ipsec-070-18.pcap,test,synthetic_lab_ground_truth,26160,IKEv2,ESP,Tunnel,IPv4,AES-256-CBC,HMAC-SHA256-128,PSK,Diffie-Hellman,DH14,False,True,7200,False,True,False,0x961F41E5,0x880E7B55,ICMP,ICMP/ICMPv6,IPv4,50,225,101,37,64,1,128,32,0.45,12928,6322,6606,0.4891,2222.222,Low,78,Medium,Medium,Older DH group; policy review recommended; Perfect Forward Secrecy disabled,0.925,0.98,IKEv2|Tunnel|AES-256-CBC|DH14|False|IPv4|ICMP
IPSEC-070-19,ipsec-070-19.pcap,test,synthetic_lab_ground_truth,26160,IKEv2,ESP,Tunnel,IPv4,AES-256-CBC,HMAC-SHA256-128,PSK,Diffie-Hellman,DH14,False,True,7200,True,True,True,0xF96265D1,0x21F123FC,Video,TCP/QUIC,IPv4,50,3485,1017,38,979,0,498,148,0.29,506466,185005,321461,0.3653,3448.276,Medium,78,Medium,Medium,Older DH group; policy review recommended; Perfect Forward Secrecy disabled,0.861,0.854,IKEv2|Tunnel|AES-256-CBC|DH14|False|IPv4|Video
IPSEC-070-20,ipsec-070-20.pcap,test,synthetic_lab_ground_truth,26160,IKEv2,ESP,Tunnel,IPv4,AES-256-CBC,HMAC-SHA256-128,PSK,Diffie-Hellman,DH14,False,True,7200,False,True,False,0xA600F3D4,0x52E855F9,Chat,TCP,IPv4,50,1354,498,9,489,1,239,46,0.37,119022,52999,66023,0.4453,2702.703,Low,78,Medium,Medium,Older DH group; policy review recommended; Perfect Forward Secrecy disabled,0.939,0.682,IKEv2|Tunnel|AES-256-CBC|DH14|False|IPv4|Chat
IPSEC-071-01,ipsec-071-01.pcap,train,synthetic_lab_ground_truth,26160,IKEv2,ESP,Tunnel,IPv4,AES-256-CBC,HMAC-SHA256-128,ECDSA-Signature,Diffie-Hellman,DH14,True,True,600,False,True,False,0x8B85DEEC,0xB3F989FB,Email,TCP,IPv4,50,646,968,33,935,1,475,85,1.5,459800,211682,248118,0.4604,666.667,Low,92,Low,Low,Older DH group; policy review recommended,0.912,0.8,IKEv2|Tunnel|AES-256-CBC|DH14|True|IPv4|Email
IPSEC-071-02,ipsec-071-02.pcap,train,synthetic_lab_ground_truth,26160,IKEv2,ESP,Tunnel,IPv4,AES-256-CBC,HMAC-SHA256-128,ECDSA-Signature,Diffie-Hellman,DH14,True,True,7200,True,True,True,0x60A522A6,0x3A7CB711,File-Transfer,TCP,IPv4,50,3755,1648,16,1632,1,941,253,0.44,1550768,975002,575766,0.6287,2272.727,Low,92,Low,Low,Older DH group; policy review recommended,0.849,0.757,IKEv2|Tunnel|AES-256-CBC|DH14|True|IPv4|File-Transfer
IPSEC-071-03,ipsec-071-03.pcap,train,synthetic_lab_ground_truth,26160,IKEv2,ESP,Tunnel,IPv4,AES-256-CBC,HMAC-SHA256-128,ECDSA-Signature,Diffie-Hellman,DH14,True,True,3600,False,True,False,0xF9ACD108,0x6512AE42,VoIP,UDP,IPv4,50,2796,218,41,177,2,198,45,0.08,43164,22058,21106,0.511,10000.0,Medium,92,Low,Low,Older DH group; policy review recommended,0.914,0.758,IKEv2|Tunnel|AES-256-CBC|DH14|True|IPv4|VoIP
IPSEC-071-04,ipsec-071-04.pcap,train,synthetic_lab_ground_truth,26160,IKEv2,ESP,Tunnel,IPv4,AES-256-CBC,HMAC-SHA256-128,ECDSA-Signature,Diffie-Hellman,DH14,True,True,1800,False,True,False,0x5F2FD477,0x91CB851B,ICMP,ICMP/ICMPv6,IPv4,50,285,111,39,72,0,86,15,0.39,9546,4616,4930,0.4836,2564.103,Low,92,Low,Low,Older DH group; policy review recommended,0.881,0.942,IKEv2|Tunnel|AES-256-CBC|DH14|True|IPv4|ICMP
IPSEC-071-05,ipsec-071-05.pcap,train,synthetic_lab_ground_truth,26160,IKEv2,ESP,Tunnel,IPv4,AES-256-CBC,HMAC-SHA256-128,ECDSA-Signature,Diffie-Hellman,DH14,True,True,14400,False,True,False,0x94C07860,0x3FFBCC96,Video,TCP/QUIC,IPv4,50,3179,682,31,651,0,524,126,0.21,357368,110317,247051,0.3087,4761.905,Medium,92,Low,Low,Older DH group; policy review recommended,0.921,0.871,IKEv2|Tunnel|AES-256-CBC|DH14|True|IPv4|Video
IPSEC-071-06,ipsec-071-06.pcap,train,synthetic_lab_ground_truth,26160,IKEv2,ESP,Tunnel,IPv4,AES-256-CBC,HMAC-SHA256-128,ECDSA-Signature,Diffie-Hellman,DH14,True,True,3600,False,True,False,0xD43DA63C,0xFB259AD2,Chat,TCP,IPv4,50,1128,404,33,371,0,224,60,0.36,90496,36325,54171,0.4014,2777.778,Low,92,Low,Low,Older DH group; policy review recommended,0.909,0.723,IKEv2|Tunnel|AES-256-CBC|DH14|True|IPv4|Chat
IPSEC-071-07,ipsec-071-07.pcap,train,synthetic_lab_ground_truth,26160,IKEv2,ESP,Tunnel,IPv4,AES-256-CBC,HMAC-SHA256-128,ECDSA-Signature,Diffie-Hellman,DH14,True,True,7200,False,True,False,0x38F3312D,0xC94E78EC,Web,TCP,IPv4,50,2505,1184,14,1170,1,619,149,0.47,732896,244017,488879,0.3329,2127.66,Low,92,Low,Low,Older DH group; policy review recommended,0.877,0.807,IKEv2|Tunnel|AES-256-CBC|DH14|True|IPv4|Web
IPSEC-071-08,ipsec-071-08.pcap,train,synthetic_lab_ground_truth,26160,IKEv2,ESP,Tunnel,IPv4,AES-256-CBC,HMAC-SHA256-128,ECDSA-Signature,Diffie-Hellman,DH14,True,True,1800,False,True,False,0x9CAC1BC7,0x109F52D9,Email,TCP,IPv4,50,739,959,18,941,0,387,130,1.3,371133,133571,237562,0.3599,769.231,Low,92,Low,Low,Older DH group; policy review recommended,0.868,0.781,IKEv2|Tunnel|AES-256-CBC|DH14|True|IPv4|Email
IPSEC-071-09,ipsec-071-09.pcap,train,synthetic_lab_ground_truth,26160,IKEv2,ESP,Tunnel,IPv4,AES-256-CBC,HMAC-SHA256-128,ECDSA-Signature,Diffie-Hellman,DH14,True,True,3600,True,True,True,0xDA5B6957,0x8364B309,File-Transfer,TCP,IPv4,50,3415,1370,28,1342,0,985,173,0.4,1349450,787798,561652,0.5838,2500.0,Low,92,Low,Low,Older DH group; policy review recommended,0.893,0.777,IKEv2|Tunnel|AES-256-CBC|DH14|True|IPv4|File-Transfer
IPSEC-071-10,ipsec-071-10.pcap,train,synthetic_lab_ground_truth,26160,IKEv2,ESP,Tunnel,IPv4,AES-256-CBC,HMAC-SHA256-128,ECDSA-Signature,Diffie-Hellman,DH14,True,True,86400,True,True,True,0x986967AE,0xAC978CBB,VoIP,UDP,IPv4,50,2305,208,36,172,0,233,68,0.09,48464,19650,28814,0.4055,10000.0,Medium,92,Low,Low,Older DH group; policy review recommended,0.871,0.721,IKEv2|Tunnel|AES-256-CBC|DH14|True|IPv4|VoIP
IPSEC-071-11,ipsec-071-11.pcap,train,synthetic_lab_ground_truth,26160,IKEv2,ESP,Tunnel,IPv4,AES-256-CBC,HMAC-SHA256-128,ECDSA-Signature,Diffie-Hellman,DH14,True,True,3600,False,True,False,0x801F3003,0x12199B50,ICMP,ICMP/ICMPv6,IPv4,50,251,100,40,60,0,109,39,0.4,10900,4147,6753,0.3805,2500.0,Low,92,Low,Low,Older DH group; policy review recommended,0.939,0.959,IKEv2|Tunnel|AES-256-CBC|DH14|True|IPv4|ICMP
IPSEC-071-12,ipsec-071-12.pcap,train,synthetic_lab_ground_truth,26160,IKEv2,ESP,Tunnel,IPv4,AES-256-CBC,HMAC-SHA256-128,ECDSA-Signature,Diffie-Hellman,DH14,True,False,14400,False,True,False,0x6F31722B,0xC466EA73,Video,TCP/QUIC,IPv4,50,4582,1277,34,1243,0,508,135,0.28,648716,228099,420617,0.3516,3571.429,Medium,67,High,Critical,Older DH group; policy review recommended; Replay protection disabled,0.865,0.855,IKEv2|Tunnel|AES-256-CBC|DH14|True|IPv4|Video
IPSEC-071-13,ipsec-071-13.pcap,train,synthetic_lab_ground_truth,26160,IKEv2,ESP,Tunnel,IPv4,AES-256-CBC,HMAC-SHA256-128,ECDSA-Signature,Diffie-Hellman,DH14,True,False,7200,False,True,False,0xE7CB50AA,0x5417BF84,Chat,TCP,IPv4,50,652,228,41,187,0,208,43,0.35,47424,22176,25248,0.4676,2857.143,Low,67,High,Critical,Older DH group; policy review recommended; Replay protection disabled,0.842,0.696,IKEv2|Tunnel|AES-256-CBC|DH14|True|IPv4|Chat
IPSEC-071-14,ipsec-071-14.pcap,train,synthetic_lab_ground_truth,26160,IKEv2,ESP,Tunnel,IPv4,AES-256-CBC,HMAC-SHA256-128,ECDSA-Signature,Diffie-Hellman,DH14,True,True,3600,True,True,True,0x588040EB,0x1FB0CD32,Web,TCP,IPv4,50,1953,862,34,828,0,626,201,0.44,539612,215330,324282,0.399,2272.727,Low,92,Low,Low,Older DH group; policy review recommended,0.867,0.774,IKEv2|Tunnel|AES-256-CBC|DH14|True|IPv4|Web
IPSEC-071-15,ipsec-071-15.pcap,validation,synthetic_lab_ground_truth,26160,IKEv2,ESP,Tunnel,IPv4,AES-256-CBC,HMAC-SHA256-128,ECDSA-Signature,Diffie-Hellman,DH14,True,False,86400,True,True,True,0x6E1B917D,0xEB804C71,Email,TCP,IPv4,50,739,882,37,845,0,425,86,1.19,374850,194024,180826,0.5176,840.336,Low,67,High,Critical,Older DH group; policy review recommended; Replay protection disabled,0.91,0.703,IKEv2|Tunnel|AES-256-CBC|DH14|True|IPv4|Email
IPSEC-071-16,ipsec-071-16.pcap,validation,synthetic_lab_ground_truth,26160,IKEv2,ESP,Tunnel,IPv4,AES-256-CBC,HMAC-SHA256-128,ECDSA-Signature,Diffie-Hellman,DH14,True,True,1800,True,True,True,0x8224121B,0xAF98AA4E,File-Transfer,TCP,IPv4,50,3602,1510,15,1495,0,923,240,0.42,1393730,731079,662651,0.5245,2380.952,Low,92,Low,Low,Older DH group; policy review recommended,0.898,0.78,IKEv2|Tunnel|AES-256-CBC|DH14|True|IPv4|File-Transfer
IPSEC-071-17,ipsec-071-17.pcap,validation,synthetic_lab_ground_truth,26160,IKEv2,ESP,Tunnel,IPv4,AES-256-CBC,HMAC-SHA256-128,ECDSA-Signature,Diffie-Hellman,DH14,True,True,7200,True,True,True,0xC1572B8F,0x8DE6F49A,VoIP,UDP,IPv4,50,2301,134,16,118,0,191,67,0.06,25594,14529,11065,0.5677,10000.0,Medium,92,Low,Low,Older DH group; policy review recommended,0.909,0.86,IKEv2|Tunnel|AES-256-CBC|DH14|True|IPv4|VoIP
IPSEC-071-18,ipsec-071-18.pcap,test,synthetic_lab_ground_truth,26160,IKEv2,ESP,Tunnel,IPv4,AES-256-CBC,HMAC-SHA256-128,ECDSA-Signature,Diffie-Hellman,DH14,True,True,3600,True,True,True,0xA517ECF4,0xF3479E3F,ICMP,ICMP/ICMPv6,IPv4,50,257,121,25,96,1,99,26,0.47,11979,6293,5686,0.5254,2127.66,Low,92,Low,Low,Older DH group; policy review recommended,0.912,0.854,IKEv2|Tunnel|AES-256-CBC|DH14|True|IPv4|ICMP
IPSEC-071-19,ipsec-071-19.pcap,test,synthetic_lab_ground_truth,26160,IKEv2,ESP,Tunnel,IPv4,AES-256-CBC,HMAC-SHA256-128,ECDSA-Signature,Diffie-Hellman,DH14,True,True,14400,True,True,True,0x2DD328C8,0xD4C1AD1B,Video,TCP/QUIC,IPv4,50,5830,1629,8,1621,0,477,119,0.28,777033,285835,491198,0.3679,3571.429,Medium,92,Low,Low,Older DH group; policy review recommended,0.917,0.793,IKEv2|Tunnel|AES-256-CBC|DH14|True|IPv4|Video
IPSEC-071-20,ipsec-071-20.pcap,test,synthetic_lab_ground_truth,26160,IKEv2,ESP,Tunnel,IPv4,AES-256-CBC,HMAC-SHA256-128,ECDSA-Signature,Diffie-Hellman,DH14,True,True,86400,False,True,False,0x6E874549,0x316EA2A7,Chat,TCP,IPv4,50,851,340,27,313,0,197,55,0.4,66980,34721,32259,0.5184,2500.0,Low,92,Low,Low,Older DH group; policy review recommended,0.849,0.723,IKEv2|Tunnel|AES-256-CBC|DH14|True|IPv4|Chat
IPSEC-072-01,ipsec-072-01.pcap,train,synthetic_lab_ground_truth,26160,IKEv2,ESP,Tunnel,IPv6,AES-128-GCM,AEAD-GCM,RSA-Signature,Diffie-Hellman,DH19,False,True,7200,False,True,False,0x514F7EBA,0x6808912D,Email,TCP,IPv6,50,730,970,17,953,0,460,113,1.33,446200,193289,252911,0.4332,751.88,Low,88,Low,Medium,Perfect Forward Secrecy disabled,0.933,0.73,IKEv2|Tunnel|AES-128-GCM|DH19|False|IPv6|Email
IPSEC-072-02,ipsec-072-02.pcap,train,synthetic_lab_ground_truth,26160,IKEv2,ESP,Tunnel,IPv6,AES-128-GCM,AEAD-GCM,RSA-Signature,Diffie-Hellman,DH19,False,False,86400,True,True,True,0x770683ED,0x38ABB511,File-Transfer,TCP,IPv6,50,3508,1586,14,1572,1,1055,208,0.45,1673230,778519,894711,0.4653,2222.222,Low,63,High,Critical,Perfect Forward Secrecy disabled; Replay protection disabled,0.943,0.822,IKEv2|Tunnel|AES-128-GCM|DH19|False|IPv6|File-Transfer
IPSEC-072-03,ipsec-072-03.pcap,train,synthetic_lab_ground_truth,26160,IKEv2,ESP,Tunnel,IPv6,AES-128-GCM,AEAD-GCM,RSA-Signature,Diffie-Hellman,DH19,False,True,86400,False,True,False,0x64ACAE86,0x252A23A4,VoIP,UDP,IPv6,50,3537,250,24,226,1,244,66,0.07,61000,36305,24695,0.5952,10000.0,Medium,88,Low,Medium,Perfect Forward Secrecy disabled,0.934,0.771,IKEv2|Tunnel|AES-128-GCM|DH19|False|IPv6|VoIP
IPSEC-072-04,ipsec-072-04.pcap,train,synthetic_lab_ground_truth,26160,IKEv2,ESP,Tunnel,IPv6,AES-128-GCM,AEAD-GCM,RSA-Signature,Diffie-Hellman,DH19,False,True,14400,False,True,False,0xC349D9CE,0x5C4879B1,ICMP,ICMP/ICMPv6,IPv6,50,266,116,43,73,0,121,21,0.44,14036,9660,4376,0.6883,2272.727,Low,88,Low,Medium,Perfect Forward Secrecy disabled,0.915,0.91,IKEv2|Tunnel|AES-128-GCM|DH19|False|IPv6|ICMP
IPSEC-072-05,ipsec-072-05.pcap,train,synthetic_lab_ground_truth,26160,IKEv2,ESP,Tunnel,IPv6,AES-128-GCM,AEAD-GCM,RSA-Signature,Diffie-Hellman,DH19,False,True,172800,True,True,True,0x44EC8C3B,0x2C0B3FCE,Video,TCP/QUIC,IPv6,50,5880,1459,12,1447,1,650,159,0.25,948350,381898,566452,0.4027,4000.0,Medium,80,Medium,Medium,Perfect Forward Secrecy disabled; Long Security Association lifetime,0.96,0.847,IKEv2|Tunnel|AES-128-GCM|DH19|False|IPv6|Video
IPSEC-072-06,ipsec-072-06.pcap,train,synthetic_lab_ground_truth,26160,IKEv2,ESP,Tunnel,IPv6,AES-128-GCM,AEAD-GCM,RSA-Signature,Diffie-Hellman,DH19,False,True,14400,False,True,False,0x65F289C2,0xC656A9ED,Chat,TCP,IPv6,50,924,307,17,290,1,231,81,0.33,70917,31070,39847,0.4381,3030.303,Low,88,Low,Medium,Perfect Forward Secrecy disabled,0.875,0.715,IKEv2|Tunnel|AES-128-GCM|DH19|False|IPv6|Chat
IPSEC-072-07,ipsec-072-07.pcap,train,synthetic_lab_ground_truth,26160,IKEv2,ESP,Tunnel,IPv6,AES-128-GCM,AEAD-GCM,RSA-Signature,Diffie-Hellman,DH19,False,True,3600,True,True,True,0x36B7266B,0x8C613319,Web,TCP,IPv6,50,2264,952,29,923,1,718,201,0.42,683536,194885,488651,0.2851,2380.952,Low,88,Low,Medium,Perfect Forward Secrecy disabled,0.901,0.844,IKEv2|Tunnel|AES-128-GCM|DH19|False|IPv6|Web
IPSEC-072-08,ipsec-072-08.pcap,train,synthetic_lab_ground_truth,26160,IKEv2,ESP,Tunnel,IPv6,AES-128-GCM,AEAD-GCM,RSA-Signature,Diffie-Hellman,DH19,False,True,3600,True,True,True,0x342F2E4D,0x979D1E50,Email,TCP,IPv6,50,403,488,37,451,0,391,84,1.21,190808,87793,103015,0.4601,826.446,Low,88,Low,Medium,Perfect Forward Secrecy disabled,0.913,0.789,IKEv2|Tunnel|AES-128-GCM|DH19|False|IPv6|Email
IPSEC-072-09,ipsec-072-09.pcap,train,synthetic_lab_ground_truth,26160,IKEv2,ESP,Tunnel,IPv6,AES-128-GCM,AEAD-GCM,RSA-Signature,Diffie-Hellman,DH19,False,True,3600,True,True,True,0x366D16F7,0x31E06489,File-Transfer,TCP,IPv6,50,3703,1843,19,1824,0,906,283,0.5,1669758,894344,775414,0.5356,2000.0,Low,88,Low,Medium,Perfect Forward Secrecy disabled,0.965,0.838,IKEv2|Tunnel|AES-128-GCM|DH19|False|IPv6|File-Transfer
IPSEC-072-10,ipsec-072-10.pcap,train,synthetic_lab_ground_truth,26160,IKEv2,ESP,Tunnel,IPv6,AES-128-GCM,AEAD-GCM,RSA-Signature,Diffie-Hellman,DH19,False,True,14400,False,True,False,0x659212AE,0x986D75DA,VoIP,UDP,IPv6,50,2410,211,13,198,0,232,48,0.09,48952,25729,23223,0.5256,10000.0,Medium,88,Low,Medium,Perfect Forward Secrecy disabled,0.941,0.811,IKEv2|Tunnel|AES-128-GCM|DH19|False|IPv6|VoIP
IPSEC-072-11,ipsec-072-11.pcap,train,synthetic_lab_ground_truth,26160,IKEv2,ESP,Tunnel,IPv6,AES-128-GCM,AEAD-GCM,RSA-Signature,Diffie-Hellman,DH19,False,True,14400,False,True,False,0x39ED5D40,0x72EDBEC2,ICMP,ICMP/ICMPv6,IPv6,50,225,88,37,51,1,97,22,0.39,8536,5436,3100,0.6369,2564.103,Low,88,Low,Medium,Perfect Forward Secrecy disabled,0.989,0.884,IKEv2|Tunnel|AES-128-GCM|DH19|False|IPv6|ICMP
IPSEC-072-12,ipsec-072-12.pcap,train,synthetic_lab_ground_truth,26160,IKEv2,ESP,Tunnel,IPv6,AES-128-GCM,AEAD-GCM,RSA-Signature,Diffie-Hellman,DH19,False,True,28800,True,True,True,0x60C4B21E,0x161556A1,Video,TCP/QUIC,IPv6,50,5516,1455,8,1447,1,543,165,0.26,790065,174049,616016,0.2203,3846.154,Medium,88,Low,Medium,Perfect Forward Secrecy disabled,0.944,0.834,IKEv2|Tunnel|AES-128-GCM|DH19|False|IPv6|Video
IPSEC-072-13,ipsec-072-13.pcap,train,synthetic_lab_ground_truth,26160,IKEv2,ESP,Tunnel,IPv6,AES-128-GCM,AEAD-GCM,RSA-Signature,Diffie-Hellman,DH19,False,True,600,False,True,False,0x779F63E5,0xA63DEEAC,Chat,TCP,IPv6,50,1165,414,16,398,1,257,48,0.36,106398,58396,48002,0.5489,2777.778,Low,88,Low,Medium,Perfect Forward Secrecy disabled,0.941,0.708,IKEv2|Tunnel|AES-128-GCM|DH19|False|IPv6|Chat
IPSEC-072-14,ipsec-072-14.pcap,train,synthetic_lab_ground_truth,26160,IKEv2,ESP,Tunnel,IPv6,AES-128-GCM,AEAD-GCM,RSA-Signature,Diffie-Hellman,DH19,False,True,14400,True,True,True,0x3E1DF5BB,0xC990EC7D,Web,TCP,IPv6,50,1890,796,29,767,0,464,143,0.42,369344,78146,291198,0.2116,2380.952,Low,88,Low,Medium,Perfect Forward Secrecy disabled,0.91,0.836,IKEv2|Tunnel|AES-128-GCM|DH19|False|IPv6|Web
IPSEC-072-15,ipsec-072-15.pcap,validation,synthetic_lab_ground_truth,26160,IKEv2,ESP,Tunnel,IPv6,AES-128-GCM,AEAD-GCM,RSA-Signature,Diffie-Hellman,DH19,False,True,3600,False,True,False,0x1FAE927E,0x6BAE68B5,Email,TCP,IPv6,50,550,752,18,734,0,418,104,1.37,314336,143649,170687,0.457,729.927,Low,88,Low,Medium,Perfect Forward Secrecy disabled,0.944,0.717,IKEv2|Tunnel|AES-128-GCM|DH19|False|IPv6|Email
IPSEC-072-16,ipsec-072-16.pcap,validation,synthetic_lab_ground_truth,26160,IKEv2,ESP,Tunnel,IPv6,AES-128-GCM,AEAD-GCM,RSA-Signature,Diffie-Hellman,DH19,False,True,3600,False,True,False,0x18C54EA1,0x91A26742,File-Transfer,TCP,IPv6,50,3080,1250,36,1214,1,863,204,0.41,1078750,692526,386224,0.642,2439.024,Low,88,Low,Medium,Perfect Forward Secrecy disabled,0.931,0.759,IKEv2|Tunnel|AES-128-GCM|DH19|False|IPv6|File-Transfer
IPSEC-072-17,ipsec-072-17.pcap,validation,synthetic_lab_ground_truth,26160,IKEv2,ESP,Tunnel,IPv6,AES-128-GCM,AEAD-GCM,RSA-Signature,Diffie-Hellman,DH19,False,True,28800,False,True,False,0x631791BE,0x2E52EEF3,VoIP,UDP,IPv6,50,2679,227,25,202,3,249,74,0.08,56523,22388,34135,0.3961,10000.0,Medium,88,Low,Medium,Perfect Forward Secrecy disabled,0.944,0.798,IKEv2|Tunnel|AES-128-GCM|DH19|False|IPv6|VoIP
IPSEC-072-18,ipsec-072-18.pcap,test,synthetic_lab_ground_truth,26160,IKEv2,ESP,Tunnel,IPv6,AES-128-GCM,AEAD-GCM,RSA-Signature,Diffie-Hellman,DH19,False,True,86400,True,True,True,0x8A842E62,0xA8700247,ICMP,ICMP/ICMPv6,IPv6,50,179,71,43,28,0,101,18,0.4,7171,3412,3759,0.4759,2500.0,Low,88,Low,Medium,Perfect Forward Secrecy disabled,0.886,0.847,IKEv2|Tunnel|AES-128-GCM|DH19|False|IPv6|ICMP
IPSEC-072-19,ipsec-072-19.pcap,test,synthetic_lab_ground_truth,26160,IKEv2,ESP,Tunnel,IPv6,AES-128-GCM,AEAD-GCM,RSA-Signature,Diffie-Hellman,DH19,False,True,3600,False,True,False,0xBFDC77A0,0x917290AC,Video,TCP/QUIC,IPv6,50,4878,1204,17,1187,2,529,92,0.25,636916,151367,485549,0.2377,4000.0,Medium,88,Low,Medium,Perfect Forward Secrecy disabled,0.942,0.824,IKEv2|Tunnel|AES-128-GCM|DH19|False|IPv6|Video
IPSEC-072-20,ipsec-072-20.pcap,test,synthetic_lab_ground_truth,26160,IKEv2,ESP,Tunnel,IPv6,AES-128-GCM,AEAD-GCM,RSA-Signature,Diffie-Hellman,DH19,False,True,3600,False,True,False,0xD1A2C887,0xDB886C03,Chat,TCP,IPv6,50,1063,396,18,378,1,201,38,0.37,79596,52065,27531,0.6541,2702.703,Low,88,Low,Medium,Perfect Forward Secrecy disabled,0.96,0.714,IKEv2|Tunnel|AES-128-GCM|DH19|False|IPv6|Chat
IPSEC-073-01,ipsec-073-01.pcap,train,synthetic_lab_ground_truth,26160,IKEv2,ESP,Tunnel,IPv6,AES-128-GCM,AEAD-GCM,ECDSA-Signature,Diffie-Hellman,DH2,False,True,28800,False,True,False,0xEF2EC5F8,0xC6A3B0B6,Email,TCP,IPv6,50,641,807,21,786,1,447,184,1.26,360729,187606,173123,0.5201,793.651,Low,63,High,Critical,Weak/legacy DH group; Perfect Forward Secrecy disabled,0.99,0.73,IKEv2|Tunnel|AES-128-GCM|DH2|False|IPv6|Email
IPSEC-073-02,ipsec-073-02.pcap,train,synthetic_lab_ground_truth,26160,IKEv2,ESP,Tunnel,IPv6,AES-128-GCM,AEAD-GCM,ECDSA-Signature,Diffie-Hellman,DH2,False,True,14400,False,True,False,0x7DBE5DDC,0x18E3FE9F,File-Transfer,TCP,IPv6,50,3112,1134,9,1125,2,938,195,0.36,1063692,556676,507016,0.5233,2777.778,Low,63,High,Critical,Weak/legacy DH group; Perfect Forward Secrecy disabled,0.959,0.766,IKEv2|Tunnel|AES-128-GCM|DH2|False|IPv6|File-Transfer
IPSEC-073-03,ipsec-073-03.pcap,train,synthetic_lab_ground_truth,26160,IKEv2,ESP,Tunnel,IPv6,AES-128-GCM,AEAD-GCM,ECDSA-Signature,Diffie-Hellman,DH2,False,True,300,False,True,False,0xBEC13873,0xE730C491,VoIP,UDP,IPv6,50,2492,214,33,181,0,227,43,0.09,48578,22495,26083,0.4631,10000.0,Medium,63,High,Critical,Weak/legacy DH group; Perfect Forward Secrecy disabled,0.924,0.737,IKEv2|Tunnel|AES-128-GCM|DH2|False|IPv6|VoIP
IPSEC-073-04,ipsec-073-04.pcap,train,synthetic_lab_ground_truth,26160,IKEv2,ESP,Tunnel,IPv6,AES-128-GCM,AEAD-GCM,ECDSA-Signature,Diffie-Hellman,DH2,False,True,1800,False,True,False,0x8DF122FD,0x4F9ECAA7,ICMP,ICMP/ICMPv6,IPv6,50,247,101,15,86,0,115,36,0.41,11615,5799,5816,0.4993,2439.024,Low,63,High,Critical,Weak/legacy DH group; Perfect Forward Secrecy disabled,0.955,0.878,IKEv2|Tunnel|AES-128-GCM|DH2|False|IPv6|ICMP
IPSEC-073-05,ipsec-073-05.pcap,train,synthetic_lab_ground_truth,26160,IKEv2,ESP,Tunnel,IPv6,AES-128-GCM,AEAD-GCM,ECDSA-Signature,Diffie-Hellman,DH2,False,True,600,False,True,False,0xE5632DC9,0x7BF7B47D,Video,TCP/QUIC,IPv6,50,4695,1146,34,1112,1,574,115,0.24,657804,253252,404552,0.385,4166.667,Medium,63,High,Critical,Weak/legacy DH group; Perfect Forward Secrecy disabled,0.921,0.882,IKEv2|Tunnel|AES-128-GCM|DH2|False|IPv6|Video
IPSEC-073-06,ipsec-073-06.pcap,train,synthetic_lab_ground_truth,26160,IKEv2,ESP,Tunnel,IPv6,AES-128-GCM,AEAD-GCM,ECDSA-Signature,Diffie-Hellman,DH2,False,True,86400,False,True,False,0xBFA23BD2,0xC1960AFC,Chat,TCP,IPv6,50,1164,415,26,389,1,271,72,0.36,112465,58287,54178,0.5183,2777.778,Low,63,High,Critical,Weak/legacy DH group; Perfect Forward Secrecy disabled,0.941,0.68,IKEv2|Tunnel|AES-128-GCM|DH2|False|IPv6|Chat
IPSEC-073-07,ipsec-073-07.pcap,train,synthetic_lab_ground_truth,26160,IKEv2,ESP,Tunnel,IPv6,AES-128-GCM,AEAD-GCM,ECDSA-Signature,Diffie-Hellman,DH2,False,True,14400,False,True,False,0x8B3E2D57,0x2AC7336C,Web,TCP,IPv6,50,2361,928,16,912,1,494,107,0.39,458432,149433,308999,0.326,2564.103,Low,63,High,Critical,Weak/legacy DH group; Perfect Forward Secrecy disabled,0.893,0.818,IKEv2|Tunnel|AES-128-GCM|DH2|False|IPv6|Web
IPSEC-073-08,ipsec-073-08.pcap,train,synthetic_lab_ground_truth,26160,IKEv2,ESP,Tunnel,IPv6,AES-128-GCM,AEAD-GCM,ECDSA-Signature,Diffie-Hellman,DH2,False,True,28800,True,True,True,0xC84E97F4,0x67D8324E,Email,TCP,IPv6,50,750,1003,14,989,1,496,108,1.34,497488,207207,290281,0.4165,746.269,Low,63,High,Critical,Weak/legacy DH group; Perfect Forward Secrecy disabled,0.93,0.765,IKEv2|Tunnel|AES-128-GCM|DH2|False|IPv6|Email
IPSEC-073-09,ipsec-073-09.pcap,train,synthetic_lab_ground_truth,26160,IKEv2,ESP,Tunnel,IPv6,AES-128-GCM,AEAD-GCM,ECDSA-Signature,Diffie-Hellman,DH2,False,True,7200,False,True,False,0xB584794B,0xD9A58DE2,File-Transfer,TCP,IPv6,50,3560,1401,13,1388,0,861,182,0.39,1206261,684369,521892,0.5673,2564.103,Low,63,High,Critical,Weak/legacy DH group; Perfect Forward Secrecy disabled,0.918,0.727,IKEv2|Tunnel|AES-128-GCM|DH2|False|IPv6|File-Transfer
IPSEC-073-10,ipsec-073-10.pcap,train,synthetic_lab_ground_truth,26160,IKEv2,ESP,Tunnel,IPv6,AES-128-GCM,AEAD-GCM,ECDSA-Signature,Diffie-Hellman,DH2,False,True,1800,True,True,True,0xBEE291B7,0x4B849B63,VoIP,UDP,IPv6,50,3448,281,31,250,1,217,50,0.08,60977,33323,27654,0.5465,10000.0,Medium,63,High,Critical,Weak/legacy DH group; Perfect Forward Secrecy disabled,0.932,0.836,IKEv2|Tunnel|AES-128-GCM|DH2|False|IPv6|VoIP
IPSEC-073-11,ipsec-073-11.pcap,train,synthetic_lab_ground_truth,26160,IKEv2,ESP,Tunnel,IPv6,AES-128-GCM,AEAD-GCM,ECDSA-Signature,Diffie-Hellman,DH2,False,True,7200,False,True,False,0xF16DB7F8,0x4F7B27CE,ICMP,ICMP/ICMPv6,IPv6,50,183,67,12,55,1,91,17,0.37,6097,2996,3101,0.4915,2702.703,Low,63,High,Critical,Weak/legacy DH group; Perfect Forward Secrecy disabled,0.932,0.98,IKEv2|Tunnel|AES-128-GCM|DH2|False|IPv6|ICMP
IPSEC-073-12,ipsec-073-12.pcap,train,synthetic_lab_ground_truth,26160,IKEv2,ESP,Tunnel,IPv6,AES-128-GCM,AEAD-GCM,ECDSA-Signature,Diffie-Hellman,DH2,False,True,28800,False,True,False,0xE04A47D5,0x47B5E72D,Video,TCP/QUIC,IPv6,50,3583,818,16,802,2,578,158,0.23,472804,232163,240641,0.491,4347.826,Medium,63,High,Critical,Weak/legacy DH group; Perfect Forward Secrecy disabled,0.92,0.84,IKEv2|Tunnel|AES-128-GCM|DH2|False|IPv6|Video
IPSEC-073-13,ipsec-073-13.pcap,train,synthetic_lab_ground_truth,26160,IKEv2,ESP,Tunnel,IPv6,AES-128-GCM,AEAD-GCM,ECDSA-Signature,Diffie-Hellman,DH2,False,True,3600,False,True,False,0xEB05A05E,0x60D67B0B,Chat,TCP,IPv6,50,1348,441,42,399,0,291,83,0.33,128331,65670,62661,0.5117,3030.303,Low,63,High,Critical,Weak/legacy DH group; Perfect Forward Secrecy disabled,0.948,0.714,IKEv2|Tunnel|AES-128-GCM|DH2|False|IPv6|Chat
IPSEC-073-14,ipsec-073-14.pcap,train,synthetic_lab_ground_truth,26160,IKEv2,ESP,Tunnel,IPv6,AES-128-GCM,AEAD-GCM,ECDSA-Signature,Diffie-Hellman,DH2,False,True,3600,True,True,True,0x5895FFDB,0x785CF52F,Web,TCP,IPv6,50,1488,606,43,563,0,501,115,0.41,303606,78221,225385,0.2576,2439.024,Low,63,High,Critical,Weak/legacy DH group; Perfect Forward Secrecy disabled,0.916,0.745,IKEv2|Tunnel|AES-128-GCM|DH2|False|IPv6|Web
IPSEC-073-15,ipsec-073-15.pcap,validation,synthetic_lab_ground_truth,26160,IKEv2,ESP,Tunnel,IPv6,AES-128-GCM,AEAD-GCM,ECDSA-Signature,Diffie-Hellman,DH2,False,True,28800,False,True,False,0x8AE0B471,0xAE9AE512,Email,TCP,IPv6,50,634,781,30,751,1,439,55,1.23,342859,167257,175602,0.4878,813.008,Low,63,High,Critical,Weak/legacy DH group; Perfect Forward Secrecy disabled,0.937,0.72,IKEv2|Tunnel|AES-128-GCM|DH2|False|IPv6|Email
IPSEC-073-16,ipsec-073-16.pcap,validation,synthetic_lab_ground_truth,26160,IKEv2,ESP,Tunnel,IPv6,AES-128-GCM,AEAD-GCM,ECDSA-Signature,Diffie-Hellman,DH2,False,True,7200,False,True,False,0xFA04E679,0x45FE7720,File-Transfer,TCP,IPv6,50,3130,1429,43,1386,0,601,142,0.46,858829,333872,524957,0.3888,2173.913,Low,63,High,Critical,Weak/legacy DH group; Perfect Forward Secrecy disabled,0.972,0.861,IKEv2|Tunnel|AES-128-GCM|DH2|False|IPv6|File-Transfer
IPSEC-073-17,ipsec-073-17.pcap,validation,synthetic_lab_ground_truth,26160,IKEv2,ESP,Tunnel,IPv6,AES-128-GCM,AEAD-GCM,ECDSA-Signature,Diffie-Hellman,DH2,False,True,28800,False,True,False,0x5B4543E7,0x12FE5083,VoIP,UDP,IPv6,50,2291,174,43,131,1,199,69,0.08,34626,14913,19713,0.4307,10000.0,Medium,63,High,Critical,Weak/legacy DH group; Perfect Forward Secrecy disabled,0.916,0.752,IKEv2|Tunnel|AES-128-GCM|DH2|False|IPv6|VoIP
IPSEC-073-18,ipsec-073-18.pcap,test,synthetic_lab_ground_truth,26160,IKEv2,ESP,Tunnel,IPv6,AES-128-GCM,AEAD-GCM,ECDSA-Signature,Diffie-Hellman,DH2,False,True,3600,False,True,False,0x40F1C75C,0x2BDD8FE5,ICMP,ICMP/ICMPv6,IPv6,50,215,87,26,61,0,119,23,0.4,10353,5939,4414,0.5737,2500.0,Low,63,High,Critical,Weak/legacy DH group; Perfect Forward Secrecy disabled,0.903,0.897,IKEv2|Tunnel|AES-128-GCM|DH2|False|IPv6|ICMP
IPSEC-073-19,ipsec-073-19.pcap,test,synthetic_lab_ground_truth,26160,IKEv2,ESP,Tunnel,IPv6,AES-128-GCM,AEAD-GCM,ECDSA-Signature,Diffie-Hellman,DH2,False,True,28800,False,True,False,0xF5ED6DB1,0x7E167098,Video,TCP/QUIC,IPv6,50,5097,1130,36,1094,1,436,103,0.22,492680,150347,342333,0.3052,4545.455,Medium,63,High,Critical,Weak/legacy DH group; Perfect Forward Secrecy disabled,0.92,0.873,IKEv2|Tunnel|AES-128-GCM|DH2|False|IPv6|Video
IPSEC-073-20,ipsec-073-20.pcap,test,synthetic_lab_ground_truth,26160,IKEv2,ESP,Tunnel,IPv6,AES-128-GCM,AEAD-GCM,ECDSA-Signature,Diffie-Hellman,DH2,False,True,28800,False,True,False,0xC32333CD,0x8F4C9A5C,Chat,TCP,IPv6,50,1098,377,8,369,3,178,41,0.34,67106,29969,37137,0.4466,2941.176,Low,63,High,Critical,Weak/legacy DH group; Perfect Forward Secrecy disabled,0.949,0.731,IKEv2|Tunnel|AES-128-GCM|DH2|False|IPv6|Chat
IPSEC-074-01,ipsec-074-01.pcap,train,synthetic_lab_ground_truth,26160,IKEv2,ESP,Transport,IPv6,AES-256-GCM,AEAD-GCM,RSA-Signature,Diffie-Hellman,DH14,False,True,28800,False,True,False,0xC960A358,0x9F0E510A,Email,TCP,IPv6,50,548,655,27,628,0,555,177,1.2,363525,175039,188486,0.4815,833.333,Medium,84,Medium,Medium,Older DH group; policy review recommended; Perfect Forward Secrecy disabled,0.942,0.781,IKEv2|Transport|AES-256-GCM|DH14|False|IPv6|Email
IPSEC-074-02,ipsec-074-02.pcap,train,synthetic_lab_ground_truth,26160,IKEv2,ESP,Transport,IPv6,AES-256-GCM,AEAD-GCM,RSA-Signature,Diffie-Hellman,DH14,False,True,28800,True,True,True,0x67533A7C,0x6B82B52D,File-Transfer,TCP,IPv6,50,3599,1476,13,1463,0,996,305,0.41,1470096,689851,780245,0.4693,2439.024,Medium,84,Medium,Medium,Older DH group; policy review recommended; Perfect Forward Secrecy disabled,0.925,0.789,IKEv2|Transport|AES-256-GCM|DH14|False|IPv6|File-Transfer
IPSEC-074-03,ipsec-074-03.pcap,train,synthetic_lab_ground_truth,26160,IKEv2,ESP,Transport,IPv6,AES-256-GCM,AEAD-GCM,RSA-Signature,Diffie-Hellman,DH14,False,True,28800,False,True,False,0xDD5FFD28,0xFBC30AED,VoIP,UDP,IPv6,50,2624,215,16,199,1,251,73,0.08,53965,26360,27605,0.4885,10000.0,Medium,84,Medium,Medium,Older DH group; policy review recommended; Perfect Forward Secrecy disabled,0.963,0.764,IKEv2|Transport|AES-256-GCM|DH14|False|IPv6|VoIP
IPSEC-074-04,ipsec-074-04.pcap,train,synthetic_lab_ground_truth,26160,IKEv2,ESP,Transport,IPv6,AES-256-GCM,AEAD-GCM,RSA-Signature,Diffie-Hellman,DH14,False,True,86400,True,True,True,0x79B1A869,0x9A4C4C71,ICMP,ICMP/ICMPv6,IPv6,50,211,87,11,76,0,92,18,0.41,8004,4147,3857,0.5182,2439.024,Medium,84,Medium,Medium,Older DH group; policy review recommended; Perfect Forward Secrecy disabled,0.95,0.912,IKEv2|Transport|AES-256-GCM|DH14|False|IPv6|ICMP
IPSEC-074-05,ipsec-074-05.pcap,train,synthetic_lab_ground_truth,26160,IKEv2,ESP,Transport,IPv6,AES-256-GCM,AEAD-GCM,RSA-Signature,Diffie-Hellman,DH14,False,False,3600,False,True,False,0x20A95571,0x274B7C46,Video,TCP/QUIC,IPv6,50,3316,901,17,884,1,475,134,0.27,427975,136607,291368,0.3192,3703.704,Medium,59,High,Critical,Older DH group; policy review recommended; Perfect Forward Secrecy disabled; Replay protection disabled,0.938,0.86,IKEv2|Transport|AES-256-GCM|DH14|False|IPv6|Video
IPSEC-074-06,ipsec-074-06.pcap,train,synthetic_lab_ground_truth,26160,IKEv2,ESP,Transport,IPv6,AES-256-GCM,AEAD-GCM,RSA-Signature,Diffie-Hellman,DH14,False,True,1800,False,True,False,0x48B735B6,0x24D8220C,Chat,TCP,IPv6,50,1361,452,41,411,0,247,79,0.33,111644,48607,63037,0.4354,3030.303,Medium,84,Medium,Medium,Older DH group; policy review recommended; Perfect Forward Secrecy disabled,0.952,0.647,IKEv2|Transport|AES-256-GCM|DH14|False|IPv6|Chat
IPSEC-074-07,ipsec-074-07.pcap,train,synthetic_lab_ground_truth,26160,IKEv2,ESP,Transport,IPv6,AES-256-GCM,AEAD-GCM,RSA-Signature,Diffie-Hellman,DH14,False,True,86400,False,True,False,0x40610ED6,0x8CC86E44,Web,TCP,IPv6,50,2409,991,21,970,0,433,94,0.41,429103,199147,229956,0.4641,2439.024,Medium,84,Medium,Medium,Older DH group; policy review recommended; Perfect Forward Secrecy disabled,0.935,0.823,IKEv2|Transport|AES-256-GCM|DH14|False|IPv6|Web
IPSEC-074-08,ipsec-074-08.pcap,train,synthetic_lab_ground_truth,26160,IKEv2,ESP,Transport,IPv6,AES-256-GCM,AEAD-GCM,RSA-Signature,Diffie-Hellman,DH14,False,True,14400,True,True,True,0x744E5AA6,0xB7E69C10,Email,TCP,IPv6,50,531,738,29,709,1,392,73,1.39,289296,191847,97449,0.6632,719.424,Medium,84,Medium,Medium,Older DH group; policy review recommended; Perfect Forward Secrecy disabled,0.928,0.764,IKEv2|Transport|AES-256-GCM|DH14|False|IPv6|Email
IPSEC-074-09,ipsec-074-09.pcap,train,synthetic_lab_ground_truth,26160,IKEv2,ESP,Transport,IPv6,AES-256-GCM,AEAD-GCM,RSA-Signature,Diffie-Hellman,DH14,False,True,7200,True,True,True,0x2C8B3905,0x53B1C331,File-Transfer,TCP,IPv6,50,5063,1946,16,1930,0,898,120,0.38,1747508,758362,989146,0.434,2631.579,Medium,84,Medium,Medium,Older DH group; policy review recommended; Perfect Forward Secrecy disabled,0.923,0.814,IKEv2|Transport|AES-256-GCM|DH14|False|IPv6|File-Transfer
IPSEC-074-10,ipsec-074-10.pcap,train,synthetic_lab_ground_truth,26160,IKEv2,ESP,Transport,IPv6,AES-256-GCM,AEAD-GCM,RSA-Signature,Diffie-Hellman,DH14,False,True,7200,False,True,False,0x6E1E1895,0xC1716759,VoIP,UDP,IPv6,50,1901,171,23,148,0,159,30,0.09,27189,14173,13016,0.5213,10000.0,Medium,84,Medium,Medium,Older DH group; policy review recommended; Perfect Forward Secrecy disabled,0.906,0.854,IKEv2|Transport|AES-256-GCM|DH14|False|IPv6|VoIP
IPSEC-074-11,ipsec-074-11.pcap,train,synthetic_lab_ground_truth,26160,IKEv2,ESP,Transport,IPv6,AES-256-GCM,AEAD-GCM,RSA-Signature,Diffie-Hellman,DH14,False,True,3600,True,True,True,0xF621B3B6,0x2D91B6EC,ICMP,ICMP/ICMPv6,IPv6,50,245,90,41,49,0,105,32,0.37,9450,5523,3927,0.5845,2702.703,Medium,84,Medium,Medium,Older DH group; policy review recommended; Perfect Forward Secrecy disabled,0.944,0.902,IKEv2|Transport|AES-256-GCM|DH14|False|IPv6|ICMP
IPSEC-074-12,ipsec-074-12.pcap,train,synthetic_lab_ground_truth,26160,IKEv2,ESP,Transport,IPv6,AES-256-GCM,AEAD-GCM,RSA-Signature,Diffie-Hellman,DH14,False,True,3600,False,True,False,0xD59056A3,0x9D7A7FF8,Video,TCP/QUIC,IPv6,50,5341,1336,31,1305,1,416,101,0.25,555776,212668,343108,0.3827,4000.0,Medium,84,Medium,Medium,Older DH group; policy review recommended; Perfect Forward Secrecy disabled,0.925,0.819,IKEv2|Transport|AES-256-GCM|DH14|False|IPv6|Video
IPSEC-074-13,ipsec-074-13.pcap,train,synthetic_lab_ground_truth,26160,IKEv2,ESP,Transport,IPv6,AES-256-GCM,AEAD-GCM,RSA-Signature,Diffie-Hellman,DH14,False,True,14400,True,True,True,0xEA5B79BF,0x30D0E09A,Chat,TCP,IPv6,50,1254,401,13,388,1,299,87,0.32,119899,53903,65996,0.4496,3125.0,Medium,84,Medium,Medium,Older DH group; policy review recommended; Perfect Forward Secrecy disabled,0.944,0.669,IKEv2|Transport|AES-256-GCM|DH14|False|IPv6|Chat
IPSEC-074-14,ipsec-074-14.pcap,train,synthetic_lab_ground_truth,26160,IKEv2,ESP,Transport,IPv6,AES-256-GCM,AEAD-GCM,RSA-Signature,Diffie-Hellman,DH14,False,True,3600,False,True,False,0xC708A486,0x4F45A3D9,Web,TCP,IPv6,50,1754,891,25,866,1,627,168,0.51,558657,190795,367862,0.3415,1960.784,Medium,84,Medium,Medium,Older DH group; policy review recommended; Perfect Forward Secrecy disabled,0.922,0.804,IKEv2|Transport|AES-256-GCM|DH14|False|IPv6|Web
IPSEC-074-15,ipsec-074-15.pcap,validation,synthetic_lab_ground_truth,26160,IKEv2,ESP,Transport,IPv6,AES-256-GCM,AEAD-GCM,RSA-Signature,Diffie-Hellman,DH14,False,True,300,True,True,True,0xBF496A12,0xA06D4395,Email,TCP,IPv6,50,839,1126,27,1099,0,441,84,1.34,496566,207201,289365,0.4173,746.269,Medium,84,Medium,Medium,Older DH group; policy review recommended; Perfect Forward Secrecy disabled,0.945,0.73,IKEv2|Transport|AES-256-GCM|DH14|False|IPv6|Email
IPSEC-074-16,ipsec-074-16.pcap,validation,synthetic_lab_ground_truth,26160,IKEv2,ESP,Transport,IPv6,AES-256-GCM,AEAD-GCM,RSA-Signature,Diffie-Hellman,DH14,False,True,28800,True,True,True,0xA74CDD88,0x92567DFE,File-Transfer,TCP,IPv6,50,3235,1359,12,1347,0,921,226,0.42,1251639,617202,634437,0.4931,2380.952,Medium,84,Medium,Medium,Older DH group; policy review recommended; Perfect Forward Secrecy disabled,0.916,0.833,IKEv2|Transport|AES-256-GCM|DH14|False|IPv6|File-Transfer
IPSEC-074-17,ipsec-074-17.pcap,validation,synthetic_lab_ground_truth,26160,IKEv2,ESP,Transport,IPv6,AES-256-GCM,AEAD-GCM,RSA-Signature,Diffie-Hellman,DH14,False,True,1800,False,True,False,0xE6CD05C7,0xD29D03EF,VoIP,UDP,IPv6,50,2283,204,18,186,2,205,47,0.09,41820,19857,21963,0.4748,10000.0,Medium,84,Medium,Medium,Older DH group; policy review recommended; Perfect Forward Secrecy disabled,0.946,0.818,IKEv2|Transport|AES-256-GCM|DH14|False|IPv6|VoIP
IPSEC-074-18,ipsec-074-18.pcap,test,synthetic_lab_ground_truth,26160,IKEv2,ESP,Transport,IPv6,AES-256-GCM,AEAD-GCM,RSA-Signature,Diffie-Hellman,DH14,False,True,86400,False,True,False,0x50D5D4C5,0xDEAE746C,ICMP,ICMP/ICMPv6,IPv6,50,318,113,26,87,0,88,23,0.36,9944,5856,4088,0.589,2777.778,Medium,84,Medium,Medium,Older DH group; policy review recommended; Perfect Forward Secrecy disabled,0.945,0.918,IKEv2|Transport|AES-256-GCM|DH14|False|IPv6|ICMP
IPSEC-074-19,ipsec-074-19.pcap,test,synthetic_lab_ground_truth,26160,IKEv2,ESP,Transport,IPv6,AES-256-GCM,AEAD-GCM,RSA-Signature,Diffie-Hellman,DH14,False,True,7200,False,True,False,0x98AD2C43,0xD8794CE9,Video,TCP/QUIC,IPv6,50,5262,1159,33,1126,0,465,64,0.22,538935,177870,361065,0.33,4545.455,Medium,84,Medium,Medium,Older DH group; policy review recommended; Perfect Forward Secrecy disabled,0.9,0.889,IKEv2|Transport|AES-256-GCM|DH14|False|IPv6|Video
IPSEC-074-20,ipsec-074-20.pcap,test,synthetic_lab_ground_truth,26160,IKEv2,ESP,Transport,IPv6,AES-256-GCM,AEAD-GCM,RSA-Signature,Diffie-Hellman,DH14,False,True,3600,True,True,True,0x1C81813C,0x54B882B6,Chat,TCP,IPv6,50,1479,534,35,499,0,259,70,0.36,138306,62968,75338,0.4553,2777.778,Medium,84,Medium,Medium,Older DH group; policy review recommended; Perfect Forward Secrecy disabled,0.969,0.79,IKEv2|Transport|AES-256-GCM|DH14|False|IPv6|Chat
IPSEC-075-01,ipsec-075-01.pcap,train,synthetic_lab_ground_truth,26160,IKEv2,ESP,Transport,IPv4,AES-128-GCM,AEAD-GCM,PSK,Diffie-Hellman,DH19,True,True,86400,False,True,False,0x56DCA129,0xD05DF963,Email,TCP,IPv4,50,542,797,29,768,0,352,85,1.47,280544,181730,98814,0.6478,680.272,Medium,98,Low,Informational,No major policy violations detected,0.947,0.751,IKEv2|Transport|AES-128-GCM|DH19|True|IPv4|Email
IPSEC-075-02,ipsec-075-02.pcap,train,synthetic_lab_ground_truth,26160,IKEv2,ESP,Transport,IPv4,AES-128-GCM,AEAD-GCM,PSK,Diffie-Hellman,DH19,True,True,7200,False,True,False,0xBA6DF5EC,0xF46790A6,File-Transfer,TCP,IPv4,50,3663,1598,37,1561,0,788,142,0.44,1259224,701706,557518,0.5573,2272.727,Medium,98,Low,Informational,No major policy violations detected,0.921,0.746,IKEv2|Transport|AES-128-GCM|DH19|True|IPv4|File-Transfer
IPSEC-075-03,ipsec-075-03.pcap,train,synthetic_lab_ground_truth,26160,IKEv2,ESP,Transport,IPv4,AES-128-GCM,AEAD-GCM,PSK,Diffie-Hellman,DH19,True,True,172800,False,True,False,0xBB3862A5,0x7ABDE3E7,VoIP,UDP,IPv4,50,3002,253,32,221,1,223,79,0.08,56419,38352,18067,0.6798,10000.0,Medium,90,Low,Medium,Long Security Association lifetime,0.869,0.838,IKEv2|Transport|AES-128-GCM|DH19|True|IPv4|VoIP
IPSEC-075-04,ipsec-075-04.pcap,train,synthetic_lab_ground_truth,26160,IKEv2,ESP,Transport,IPv4,AES-128-GCM,AEAD-GCM,PSK,Diffie-Hellman,DH19,True,True,3600,True,True,True,0x88A2A014,0xC96A9A7A,ICMP,ICMP/ICMPv6,IPv4,50,223,82,31,51,0,67,16,0.37,5494,3089,2405,0.5624,2702.703,Medium,98,Low,Informational,No major policy violations detected,0.922,0.949,IKEv2|Transport|AES-128-GCM|DH19|True|IPv4|ICMP
IPSEC-075-05,ipsec-075-05.pcap,train,synthetic_lab_ground_truth,26160,IKEv2,ESP,Transport,IPv4,AES-128-GCM,AEAD-GCM,PSK,Diffie-Hellman,DH19,True,True,86400,False,True,False,0xF244B0E1,0xC4F9DAEF,Video,TCP/QUIC,IPv4,50,5133,1056,25,1031,1,470,133,0.21,496320,137783,358537,0.2776,4761.905,Medium,98,Low,Informational,No major policy violations detected,0.93,0.796,IKEv2|Transport|AES-128-GCM|DH19|True|IPv4|Video
IPSEC-075-06,ipsec-075-06.pcap,train,synthetic_lab_ground_truth,26160,IKEv2,ESP,Transport,IPv4,AES-128-GCM,AEAD-GCM,PSK,Diffie-Hellman,DH19,True,True,1800,False,True,False,0xDD7A539A,0x4C35D42E,Chat,TCP,IPv4,50,1165,391,34,357,1,273,56,0.34,106743,57689,49054,0.5405,2941.176,Medium,98,Low,Informational,No major policy violations detected,0.968,0.762,IKEv2|Transport|AES-128-GCM|DH19|True|IPv4|Chat
IPSEC-075-07,ipsec-075-07.pcap,train,synthetic_lab_ground_truth,26160,IKEv2,ESP,Transport,IPv4,AES-128-GCM,AEAD-GCM,PSK,Diffie-Hellman,DH19,True,True,3600,False,True,False,0x7AD4535C,0x3B552054,Web,TCP,IPv4,50,2093,824,22,802,2,602,147,0.39,496048,132525,363523,0.2672,2564.103,Medium,98,Low,Informational,No major policy violations detected,0.965,0.857,IKEv2|Transport|AES-128-GCM|DH19|True|IPv4|Web
IPSEC-075-08,ipsec-075-08.pcap,train,synthetic_lab_ground_truth,26160,IKEv2,ESP,Transport,IPv4,AES-128-GCM,AEAD-GCM,PSK,Diffie-Hellman,DH19,True,True,7200,True,True,True,0xF331F278,0x1790C90F,Email,TCP,IPv4,50,701,918,37,881,0,438,148,1.31,402084,202639,199445,0.504,763.359,Medium,98,Low,Informational,No major policy violations detected,0.912,0.731,IKEv2|Transport|AES-128-GCM|DH19|True|IPv4|Email
IPSEC-075-09,ipsec-075-09.pcap,train,synthetic_lab_ground_truth,26160,IKEv2,ESP,Transport,IPv4,AES-128-GCM,AEAD-GCM,PSK,Diffie-Hellman,DH19,True,True,14400,False,True,False,0x8A649C23,0x7D128A84,File-Transfer,TCP,IPv4,50,4246,1834,10,1824,0,853,131,0.43,1564402,663317,901085,0.424,2325.581,Medium,98,Low,Informational,No major policy violations detected,0.872,0.803,IKEv2|Transport|AES-128-GCM|DH19|True|IPv4|File-Transfer
IPSEC-075-10,ipsec-075-10.pcap,train,synthetic_lab_ground_truth,26160,IKEv2,ESP,Transport,IPv4,AES-128-GCM,AEAD-GCM,PSK,Diffie-Hellman,DH19,True,True,7200,True,True,True,0x444EBAEA,0xFF640097,VoIP,UDP,IPv4,50,3108,220,8,212,0,185,58,0.07,40700,18156,22544,0.4461,10000.0,Medium,98,Low,Informational,No major policy violations detected,0.943,0.713,IKEv2|Transport|AES-128-GCM|DH19|True|IPv4|VoIP
IPSEC-075-11,ipsec-075-11.pcap,train,synthetic_lab_ground_truth,26160,IKEv2,ESP,Transport,IPv4,AES-128-GCM,AEAD-GCM,PSK,Diffie-Hellman,DH19,True,True,28800,False,True,False,0xF1CC5458,0x12AFC42B,ICMP,ICMP/ICMPv6,IPv4,50,194,74,39,35,0,89,19,0.38,6586,3444,3142,0.5231,2631.579,Medium,98,Low,Informational,No major policy violations detected,0.978,0.939,IKEv2|Transport|AES-128-GCM|DH19|True|IPv4|ICMP
IPSEC-075-12,ipsec-075-12.pcap,train,synthetic_lab_ground_truth,26160,IKEv2,ESP,Transport,IPv4,AES-128-GCM,AEAD-GCM,PSK,Diffie-Hellman,DH19,True,True,28800,False,True,False,0xD31D837C,0xEA061845,Video,TCP/QUIC,IPv4,50,6562,1668,32,1636,1,431,152,0.25,718908,324384,394524,0.4512,4000.0,Medium,98,Low,Informational,No major policy violations detected,0.94,0.854,IKEv2|Transport|AES-128-GCM|DH19|True|IPv4|Video
IPSEC-075-13,ipsec-075-13.pcap,train,synthetic_lab_ground_truth,26160,IKEv2,ESP,Transport,IPv4,AES-128-GCM,AEAD-GCM,PSK,Diffie-Hellman,DH19,True,True,1800,False,True,False,0x33AA5037,0xFD0D440C,Chat,TCP,IPv4,50,1383,390,38,352,1,191,49,0.28,74490,36448,38042,0.4893,3571.429,Medium,98,Low,Informational,No major policy violations detected,0.946,0.755,IKEv2|Transport|AES-128-GCM|DH19|True|IPv4|Chat
IPSEC-075-14,ipsec-075-14.pcap,train,synthetic_lab_ground_truth,26160,IKEv2,ESP,Transport,IPv4,AES-128-GCM,AEAD-GCM,PSK,Diffie-Hellman,DH19,True,True,86400,True,True,True,0x6A11BE59,0x7C48C346,Web,TCP,IPv4,50,1907,718,40,678,2,490,217,0.38,351820,120932,230888,0.3437,2631.579,Medium,98,Low,Informational,No major policy violations detected,0.936,0.81,IKEv2|Transport|AES-128-GCM|DH19|True|IPv4|Web
IPSEC-075-15,ipsec-075-15.pcap,validation,synthetic_lab_ground_truth,26160,IKEv2,ESP,Transport,IPv4,AES-128-GCM,AEAD-GCM,PSK,Diffie-Hellman,DH19,True,True,86400,False,True,False,0x3FD89FBC,0xE6441FFD,Email,TCP,IPv4,50,569,699,21,678,2,514,130,1.23,359286,200734,158552,0.5587,813.008,Medium,98,Low,Informational,No major policy violations detected,0.985,0.717,IKEv2|Transport|AES-128-GCM|DH19|True|IPv4|Email
IPSEC-075-16,ipsec-075-16.pcap,validation,synthetic_lab_ground_truth,26160,IKEv2,ESP,Transport,IPv4,AES-128-GCM,AEAD-GCM,PSK,Diffie-Hellman,DH19,True,True,28800,False,True,False,0xBB2FE87C,0x610037CD,File-Transfer,TCP,IPv4,50,3731,1876,23,1853,1,805,184,0.5,1510180,625078,885102,0.4139,2000.0,Medium,98,Low,Informational,No major policy violations detected,0.97,0.751,IKEv2|Transport|AES-128-GCM|DH19|True|IPv4|File-Transfer
IPSEC-075-17,ipsec-075-17.pcap,validation,synthetic_lab_ground_truth,26160,IKEv2,ESP,Transport,IPv4,AES-128-GCM,AEAD-GCM,PSK,Diffie-Hellman,DH19,True,True,86400,False,True,False,0x4A370BFD,0x6AD2976B,VoIP,UDP,IPv4,50,2705,229,24,205,2,203,49,0.08,46487,24674,21813,0.5308,10000.0,Medium,98,Low,Informational,No major policy violations detected,0.924,0.771,IKEv2|Transport|AES-128-GCM|DH19|True|IPv4|VoIP
IPSEC-075-18,ipsec-075-18.pcap,test,synthetic_lab_ground_truth,26160,IKEv2,ESP,Transport,IPv4,AES-128-GCM,AEAD-GCM,PSK,Diffie-Hellman,DH19,True,True,86400,False,True,False,0x9CB8AE84,0xD85F4792,ICMP,ICMP/ICMPv6,IPv4,50,257,102,23,79,1,93,26,0.4,9486,5390,4096,0.5683,2500.0,Medium,98,Low,Informational,No major policy violations detected,0.943,0.98,IKEv2|Transport|AES-128-GCM|DH19|True|IPv4|ICMP
IPSEC-075-19,ipsec-075-19.pcap,test,synthetic_lab_ground_truth,26160,IKEv2,ESP,Transport,IPv4,AES-128-GCM,AEAD-GCM,PSK,Diffie-Hellman,DH19,True,True,14400,True,True,True,0x37D6CC48,0x4BD59106,Video,TCP/QUIC,IPv4,50,4530,954,24,930,0,386,120,0.21,368244,153081,215163,0.4157,4761.905,Medium,98,Low,Informational,No major policy violations detected,0.943,0.805,IKEv2|Transport|AES-128-GCM|DH19|True|IPv4|Video
IPSEC-075-20,ipsec-075-20.pcap,test,synthetic_lab_ground_truth,26160,IKEv2,ESP,Transport,IPv4,AES-128-GCM,AEAD-GCM,PSK,Diffie-Hellman,DH19,True,False,600,False,True,False,0xDD469F08,0xD4D871BD,Chat,TCP,IPv4,50,1384,531,38,493,1,247,58,0.38,131157,60880,70277,0.4642,2631.579,Medium,73,Medium,Critical,Replay protection disabled,0.903,0.695,IKEv2|Transport|AES-128-GCM|DH19|True|IPv4|Chat
IPSEC-076-01,ipsec-076-01.pcap,train,synthetic_lab_ground_truth,26160,IKEv1,ESP,Transport,IPv6,AES-128-GCM,AEAD-GCM,RSA-Signature,Diffie-Hellman,DH20,False,True,86400,False,True,False,0x4A2203FF,0x616274E8,Email,TCP,IPv6,50,561,569,17,552,2,489,145,1.01,278241,146566,131675,0.5268,990.099,Medium,73,Medium,High,Legacy IKE version detected; Perfect Forward Secrecy disabled,0.817,0.729,IKEv1|Transport|AES-128-GCM|DH20|False|IPv6|Email
IPSEC-076-02,ipsec-076-02.pcap,train,synthetic_lab_ground_truth,26160,IKEv1,ESP,Transport,IPv6,AES-128-GCM,AEAD-GCM,RSA-Signature,Diffie-Hellman,DH20,False,True,28800,True,True,True,0x180B6F43,0xEDE67DD8,File-Transfer,TCP,IPv6,50,4418,2075,23,2052,1,879,161,0.47,1823925,880576,943349,0.4828,2127.66,Medium,73,Medium,High,Legacy IKE version detected; Perfect Forward Secrecy disabled,0.799,0.839,IKEv1|Transport|AES-128-GCM|DH20|False|IPv6|File-Transfer
IPSEC-076-03,ipsec-076-03.pcap,train,synthetic_lab_ground_truth,26160,IKEv1,ESP,Transport,IPv6,AES-128-GCM,AEAD-GCM,RSA-Signature,Diffie-Hellman,DH20,False,True,14400,True,True,True,0xF5C9A54A,0xF622567D,VoIP,UDP,IPv6,50,1609,124,12,112,0,239,41,0.08,29636,15475,14161,0.5222,10000.0,Medium,73,Medium,High,Legacy IKE version detected; Perfect Forward Secrecy disabled,0.833,0.854,IKEv1|Transport|AES-128-GCM|DH20|False|IPv6|VoIP
IPSEC-076-04,ipsec-076-04.pcap,train,synthetic_lab_ground_truth,26160,IKEv1,ESP,Transport,IPv6,AES-128-GCM,AEAD-GCM,RSA-Signature,Diffie-Hellman,DH20,False,True,600,False,True,False,0x9C61B0FC,0x98BBC327,ICMP,ICMP/ICMPv6,IPv6,50,186,74,27,47,1,119,22,0.4,8806,4127,4679,0.4687,2500.0,Medium,73,Medium,High,Legacy IKE version detected; Perfect Forward Secrecy disabled,0.831,0.98,IKEv1|Transport|AES-128-GCM|DH20|False|IPv6|ICMP
IPSEC-076-05,ipsec-076-05.pcap,train,synthetic_lab_ground_truth,26160,IKEv1,ESP,Transport,IPv6,AES-128-GCM,AEAD-GCM,RSA-Signature,Diffie-Hellman,DH20,False,True,172800,False,True,False,0xBA2159C0,0x3F2F25B6,Video,TCP/QUIC,IPv6,50,4116,1139,43,1096,1,439,41,0.28,500021,179470,320551,0.3589,3571.429,Medium,65,High,High,Legacy IKE version detected; Perfect Forward Secrecy disabled; Long Security Association lifetime,0.783,0.857,IKEv1|Transport|AES-128-GCM|DH20|False|IPv6|Video
IPSEC-076-06,ipsec-076-06.pcap,train,synthetic_lab_ground_truth,26160,IKEv1,ESP,Transport,IPv6,AES-128-GCM,AEAD-GCM,RSA-Signature,Diffie-Hellman,DH20,False,True,86400,True,True,True,0x98187DBE,0x45D5BEDC,Chat,TCP,IPv6,50,930,382,10,372,0,302,77,0.41,115364,52350,63014,0.4538,2439.024,Medium,73,Medium,High,Legacy IKE version detected; Perfect Forward Secrecy disabled,0.79,0.744,IKEv1|Transport|AES-128-GCM|DH20|False|IPv6|Chat
IPSEC-076-07,ipsec-076-07.pcap,train,synthetic_lab_ground_truth,26160,IKEv1,ESP,Transport,IPv6,AES-128-GCM,AEAD-GCM,RSA-Signature,Diffie-Hellman,DH20,False,True,3600,False,True,False,0x94D61EFD,0xACD696A4,Web,TCP,IPv6,50,2843,1337,25,1312,0,507,108,0.47,677859,258063,419796,0.3807,2127.66,Medium,73,Medium,High,Legacy IKE version detected; Perfect Forward Secrecy disabled,0.837,0.853,IKEv1|Transport|AES-128-GCM|DH20|False|IPv6|Web
IPSEC-076-08,ipsec-076-08.pcap,train,synthetic_lab_ground_truth,26160,IKEv1,ESP,Transport,IPv6,AES-128-GCM,AEAD-GCM,RSA-Signature,Diffie-Hellman,DH20,False,True,86400,False,True,False,0x45A44636,0x9B83A76A,Email,TCP,IPv6,50,572,793,8,785,1,460,147,1.39,364780,209985,154795,0.5756,719.424,Medium,73,Medium,High,Legacy IKE version detected; Perfect Forward Secrecy disabled,0.814,0.771,IKEv1|Transport|AES-128-GCM|DH20|False|IPv6|Email
IPSEC-076-09,ipsec-076-09.pcap,train,synthetic_lab_ground_truth,26160,IKEv1,ESP,Transport,IPv6,AES-128-GCM,AEAD-GCM,RSA-Signature,Diffie-Hellman,DH20,False,True,1800,True,True,True,0xC3A86C17,0x6307427C,File-Transfer,TCP,IPv6,50,4120,1979,36,1943,0,846,174,0.48,1674234,956705,717529,0.5714,2083.333,Medium,73,Medium,High,Legacy IKE version detected; Perfect Forward Secrecy disabled,0.863,0.787,IKEv1|Transport|AES-128-GCM|DH20|False|IPv6|File-Transfer
IPSEC-076-10,ipsec-076-10.pcap,train,synthetic_lab_ground_truth,26160,IKEv1,ESP,Transport,IPv6,AES-128-GCM,AEAD-GCM,RSA-Signature,Diffie-Hellman,DH20,False,True,1800,False,True,False,0x8FD78D0D,0x68BC61BF,VoIP,UDP,IPv6,50,2129,187,29,158,1,207,38,0.09,38709,21249,17460,0.5489,10000.0,Medium,73,Medium,High,Legacy IKE version detected; Perfect Forward Secrecy disabled,0.799,0.822,IKEv1|Transport|AES-128-GCM|DH20|False|IPv6|VoIP
IPSEC-076-11,ipsec-076-11.pcap,train,synthetic_lab_ground_truth,26160,IKEv1,ESP,Transport,IPv6,AES-128-GCM,AEAD-GCM,RSA-Signature,Diffie-Hellman,DH20,False,True,3600,False,True,False,0x4FFC662E,0x85884A87,ICMP,ICMP/ICMPv6,IPv6,50,207,86,35,51,1,109,28,0.42,9374,5707,3667,0.6088,2380.952,Medium,73,Medium,High,Legacy IKE version detected; Perfect Forward Secrecy disabled,0.837,0.909,IKEv1|Transport|AES-128-GCM|DH20|False|IPv6|ICMP
IPSEC-076-12,ipsec-076-12.pcap,train,synthetic_lab_ground_truth,26160,IKEv1,ESP,Transport,IPv6,AES-128-GCM,AEAD-GCM,RSA-Signature,Diffie-Hellman,DH20,False,True,7200,True,True,True,0xC87B2171,0xD9B79D4E,Video,TCP/QUIC,IPv6,50,4762,1278,16,1262,1,465,115,0.27,594270,206100,388170,0.3468,3703.704,Medium,73,Medium,High,Legacy IKE version detected; Perfect Forward Secrecy disabled,0.791,0.803,IKEv1|Transport|AES-128-GCM|DH20|False|IPv6|Video
IPSEC-076-13,ipsec-076-13.pcap,train,synthetic_lab_ground_truth,26160,IKEv1,ESP,Transport,IPv6,AES-128-GCM,AEAD-GCM,RSA-Signature,Diffie-Hellman,DH20,False,True,14400,False,True,False,0x1EDA7EB3,0x8A2666F2,Chat,TCP,IPv6,50,1512,549,13,536,1,221,68,0.36,121329,52438,68891,0.4322,2777.778,Medium,73,Medium,High,Legacy IKE version detected; Perfect Forward Secrecy disabled,0.804,0.694,IKEv1|Transport|AES-128-GCM|DH20|False|IPv6|Chat
IPSEC-076-14,ipsec-076-14.pcap,train,synthetic_lab_ground_truth,26160,IKEv1,ESP,Transport,IPv6,AES-128-GCM,AEAD-GCM,RSA-Signature,Diffie-Hellman,DH20,False,True,3600,True,True,True,0x976A5DCE,0xBA835D5C,Web,TCP,IPv6,50,2241,947,30,917,0,495,168,0.42,468765,168143,300622,0.3587,2380.952,Medium,73,Medium,High,Legacy IKE version detected; Perfect Forward Secrecy disabled,0.823,0.841,IKEv1|Transport|AES-128-GCM|DH20|False|IPv6|Web
IPSEC-076-15,ipsec-076-15.pcap,validation,synthetic_lab_ground_truth,26160,IKEv1,ESP,Transport,IPv6,AES-128-GCM,AEAD-GCM,RSA-Signature,Diffie-Hellman,DH20,False,True,86400,False,True,False,0xA0A238F5,0x6D931A4E,Email,TCP,IPv6,50,366,534,29,505,1,550,209,1.46,293700,111392,182308,0.3793,684.932,Medium,73,Medium,High,Legacy IKE version detected; Perfect Forward Secrecy disabled,0.81,0.71,IKEv1|Transport|AES-128-GCM|DH20|False|IPv6|Email
IPSEC-076-16,ipsec-076-16.pcap,validation,synthetic_lab_ground_truth,26160,IKEv1,ESP,Transport,IPv6,AES-128-GCM,AEAD-GCM,RSA-Signature,Diffie-Hellman,DH20,False,True,14400,False,True,False,0x51C930A2,0x11BCD1A2,File-Transfer,TCP,IPv6,50,2738,1183,40,1143,0,941,209,0.43,1113203,437554,675649,0.3931,2325.581,Medium,73,Medium,High,Legacy IKE version detected; Perfect Forward Secrecy disabled,0.833,0.796,IKEv1|Transport|AES-128-GCM|DH20|False|IPv6|File-Transfer
IPSEC-076-17,ipsec-076-17.pcap,validation,synthetic_lab_ground_truth,26160,IKEv1,ESP,Transport,IPv6,AES-128-GCM,AEAD-GCM,RSA-Signature,Diffie-Hellman,DH20,False,False,7200,True,True,True,0xB33DFD9A,0xEA3BD501,VoIP,UDP,IPv6,50,2516,243,33,210,2,180,36,0.1,43740,24878,18862,0.5688,10000.0,Medium,48,Critical,Critical,Legacy IKE version detected; Perfect Forward Secrecy disabled; Replay protection disabled,0.782,0.823,IKEv1|Transport|AES-128-GCM|DH20|False|IPv6|VoIP
IPSEC-076-18,ipsec-076-18.pcap,test,synthetic_lab_ground_truth,26160,IKEv1,ESP,Transport,IPv6,AES-128-GCM,AEAD-GCM,RSA-Signature,Diffie-Hellman,DH20,False,True,14400,False,True,False,0x51B29CBD,0xF29CB552,ICMP,ICMP/ICMPv6,IPv6,50,228,69,23,46,0,82,22,0.3,5658,2673,2985,0.4725,3333.333,Medium,73,Medium,High,Legacy IKE version detected; Perfect Forward Secrecy disabled,0.79,0.903,IKEv1|Transport|AES-128-GCM|DH20|False|IPv6|ICMP
IPSEC-076-19,ipsec-076-19.pcap,test,synthetic_lab_ground_truth,26160,IKEv1,ESP,Transport,IPv6,AES-128-GCM,AEAD-GCM,RSA-Signature,Diffie-Hellman,DH20,False,True,1800,False,True,False,0x95D3A5AE,0x2F5B95AA,Video,TCP/QUIC,IPv6,50,5087,1437,26,1411,0,518,201,0.28,744366,209688,534678,0.2817,3571.429,Medium,73,Medium,High,Legacy IKE version detected; Perfect Forward Secrecy disabled,0.789,0.791,IKEv1|Transport|AES-128-GCM|DH20|False|IPv6|Video
IPSEC-076-20,ipsec-076-20.pcap,test,synthetic_lab_ground_truth,26160,IKEv1,ESP,Transport,IPv6,AES-128-GCM,AEAD-GCM,RSA-Signature,Diffie-Hellman,DH20,False,True,3600,False,True,False,0xBB0E4D48,0x30F92197,Chat,TCP,IPv6,50,821,344,26,318,0,307,74,0.42,105608,62901,42707,0.5956,2380.952,Medium,73,Medium,High,Legacy IKE version detected; Perfect Forward Secrecy disabled,0.841,0.68,IKEv1|Transport|AES-128-GCM|DH20|False|IPv6|Chat
IPSEC-077-01,ipsec-077-01.pcap,train,synthetic_lab_ground_truth,26160,IKEv2,ESP,Transport,IPv6,AES-256-CBC,HMAC-SHA256-128,ECDSA-Signature,Diffie-Hellman,DH14,False,True,28800,False,True,False,0x275BB046,0xF4266ECB,Email,TCP,IPv6,50,760,809,13,796,1,436,117,1.06,352724,178473,174251,0.506,943.396,Medium,80,Medium,Medium,Older DH group; policy review recommended; Perfect Forward Secrecy disabled,0.877,0.737,IKEv2|Transport|AES-256-CBC|DH14|False|IPv6|Email
IPSEC-077-02,ipsec-077-02.pcap,train,synthetic_lab_ground_truth,26160,IKEv2,ESP,Transport,IPv6,AES-256-CBC,HMAC-SHA256-128,ECDSA-Signature,Diffie-Hellman,DH14,False,True,28800,False,True,False,0x8C36AFC1,0x45101502,File-Transfer,TCP,IPv6,50,5225,2440,16,2424,1,803,234,0.47,1959320,1069600,889720,0.5459,2127.66,Medium,80,Medium,Medium,Older DH group; policy review recommended; Perfect Forward Secrecy disabled,0.947,0.776,IKEv2|Transport|AES-256-CBC|DH14|False|IPv6|File-Transfer
IPSEC-077-03,ipsec-077-03.pcap,train,synthetic_lab_ground_truth,26160,IKEv2,ESP,Transport,IPv6,AES-256-CBC,HMAC-SHA256-128,ECDSA-Signature,Diffie-Hellman,DH14,False,True,28800,False,True,False,0xD987AE4F,0x6C878415,VoIP,UDP,IPv6,50,3217,253,33,220,0,221,57,0.08,55913,24093,31820,0.4309,10000.0,Medium,80,Medium,Medium,Older DH group; policy review recommended; Perfect Forward Secrecy disabled,0.933,0.826,IKEv2|Transport|AES-256-CBC|DH14|False|IPv6|VoIP
IPSEC-077-04,ipsec-077-04.pcap,train,synthetic_lab_ground_truth,26160,IKEv2,ESP,Transport,IPv6,AES-256-CBC,HMAC-SHA256-128,ECDSA-Signature,Diffie-Hellman,DH14,False,True,86400,False,True,False,0xA1528485,0x9D314470,ICMP,ICMP/ICMPv6,IPv6,50,253,92,43,49,1,83,21,0.36,7636,3587,4049,0.4698,2777.778,Medium,80,Medium,Medium,Older DH group; policy review recommended; Perfect Forward Secrecy disabled,0.904,0.897,IKEv2|Transport|AES-256-CBC|DH14|False|IPv6|ICMP
IPSEC-077-05,ipsec-077-05.pcap,train,synthetic_lab_ground_truth,26160,IKEv2,ESP,Transport,IPv6,AES-256-CBC,HMAC-SHA256-128,ECDSA-Signature,Diffie-Hellman,DH14,False,True,172800,True,True,True,0x4EE44A3A,0x5DD163F6,Video,TCP/QUIC,IPv6,50,5107,1348,9,1339,0,497,135,0.26,669956,189064,480892,0.2822,3846.154,Medium,72,Medium,Medium,Older DH group; policy review recommended; Perfect Forward Secrecy disabled; Long Security Association lifetime,0.915,0.878,IKEv2|Transport|AES-256-CBC|DH14|False|IPv6|Video
IPSEC-077-06,ipsec-077-06.pcap,train,synthetic_lab_ground_truth,26160,IKEv2,ESP,Transport,IPv6,AES-256-CBC,HMAC-SHA256-128,ECDSA-Signature,Diffie-Hellman,DH14,False,True,7200,False,True,False,0xD92F09F5,0x34E3B952,Chat,TCP,IPv6,50,698,242,30,212,0,243,53,0.35,58806,29336,29470,0.4989,2857.143,Medium,80,Medium,Medium,Older DH group; policy review recommended; Perfect Forward Secrecy disabled,0.891,0.807,IKEv2|Transport|AES-256-CBC|DH14|False|IPv6|Chat
IPSEC-077-07,ipsec-077-07.pcap,train,synthetic_lab_ground_truth,26160,IKEv2,ESP,Transport,IPv6,AES-256-CBC,HMAC-SHA256-128,ECDSA-Signature,Diffie-Hellman,DH14,False,True,172800,False,True,False,0x12C90CF9,0x6EB95E26,Web,TCP,IPv6,50,2138,943,18,925,0,502,73,0.44,473386,137288,336098,0.29,2272.727,Medium,72,Medium,Medium,Older DH group; policy review recommended; Perfect Forward Secrecy disabled; Long Security Association lifetime,0.904,0.798,IKEv2|Transport|AES-256-CBC|DH14|False|IPv6|Web
IPSEC-077-08,ipsec-077-08.pcap,train,synthetic_lab_ground_truth,26160,IKEv2,ESP,Transport,IPv6,AES-256-CBC,HMAC-SHA256-128,ECDSA-Signature,Diffie-Hellman,DH14,False,True,3600,True,True,True,0xB23FD8EE,0x3B47ECE5,Email,TCP,IPv6,50,488,556,13,543,0,482,193,1.14,267992,128611,139381,0.4799,877.193,Medium,80,Medium,Medium,Older DH group; policy review recommended; Perfect Forward Secrecy disabled,0.892,0.786,IKEv2|Transport|AES-256-CBC|DH14|False|IPv6|Email
IPSEC-077-09,ipsec-077-09.pcap,train,synthetic_lab_ground_truth,26160,IKEv2,ESP,Transport,IPv6,AES-256-CBC,HMAC-SHA256-128,ECDSA-Signature,Diffie-Hellman,DH14,False,True,14400,True,True,True,0x390DAE91,0xC70D47C7,File-Transfer,TCP,IPv6,50,3924,1673,38,1635,1,975,200,0.43,1631175,763718,867457,0.4682,2325.581,Medium,80,Medium,Medium,Older DH group; policy review recommended; Perfect Forward Secrecy disabled,0.876,0.826,IKEv2|Transport|AES-256-CBC|DH14|False|IPv6|File-Transfer
IPSEC-077-10,ipsec-077-10.pcap,train,synthetic_lab_ground_truth,26160,IKEv2,ESP,Transport,IPv6,AES-256-CBC,HMAC-SHA256-128,ECDSA-Signature,Diffie-Hellman,DH14,False,True,7200,False,True,False,0xC5BFC5A5,0x5100195A,VoIP,UDP,IPv6,50,2181,185,23,162,0,227,75,0.08,41995,17465,24530,0.4159,10000.0,Medium,80,Medium,Medium,Older DH group; policy review recommended; Perfect Forward Secrecy disabled,0.93,0.748,IKEv2|Transport|AES-256-CBC|DH14|False|IPv6|VoIP
IPSEC-077-11,ipsec-077-11.pcap,train,synthetic_lab_ground_truth,26160,IKEv2,ESP,Transport,IPv6,AES-256-CBC,HMAC-SHA256-128,ECDSA-Signature,Diffie-Hellman,DH14,False,True,86400,False,True,False,0x3B9AE370,0xDE63B44B,ICMP,ICMP/ICMPv6,IPv6,50,248,96,29,67,1,98,34,0.39,9408,5686,3722,0.6044,2564.103,Medium,80,Medium,Medium,Older DH group; policy review recommended; Perfect Forward Secrecy disabled,0.884,0.858,IKEv2|Transport|AES-256-CBC|DH14|False|IPv6|ICMP
IPSEC-077-12,ipsec-077-12.pcap,train,synthetic_lab_ground_truth,26160,IKEv2,ESP,Transport,IPv6,AES-256-CBC,HMAC-SHA256-128,ECDSA-Signature,Diffie-Hellman,DH14,False,True,1800,False,True,False,0x99E59716,0x6BA295F6,Video,TCP/QUIC,IPv6,50,4226,949,29,920,1,426,50,0.22,404274,187068,217206,0.4627,4545.455,Medium,80,Medium,Medium,Older DH group; policy review recommended; Perfect Forward Secrecy disabled,0.888,0.835,IKEv2|Transport|AES-256-CBC|DH14|False|IPv6|Video
IPSEC-077-13,ipsec-077-13.pcap,train,synthetic_lab_ground_truth,26160,IKEv2,ESP,Transport,IPv6,AES-256-CBC,HMAC-SHA256-128,ECDSA-Signature,Diffie-Hellman,DH14,False,True,86400,True,True,True,0x49A0B8B5,0x884B60A2,Chat,TCP,IPv6,50,1333,495,41,454,0,261,59,0.37,129195,69980,59215,0.5417,2702.703,Medium,80,Medium,Medium,Older DH group; policy review recommended; Perfect Forward Secrecy disabled,0.902,0.691,IKEv2|Transport|AES-256-CBC|DH14|False|IPv6|Chat
IPSEC-077-14,ipsec-077-14.pcap,train,synthetic_lab_ground_truth,26160,IKEv2,ESP,Transport,IPv6,AES-256-CBC,HMAC-SHA256-128,ECDSA-Signature,Diffie-Hellman,DH14,False,True,14400,False,True,False,0xDE36389F,0xF4046554,Web,TCP,IPv6,50,2077,882,13,869,0,509,141,0.42,448938,210435,238503,0.4687,2380.952,Medium,80,Medium,Medium,Older DH group; policy review recommended; Perfect Forward Secrecy disabled,0.871,0.839,IKEv2|Transport|AES-256-CBC|DH14|False|IPv6|Web
IPSEC-077-15,ipsec-077-15.pcap,validation,synthetic_lab_ground_truth,26160,IKEv2,ESP,Transport,IPv6,AES-256-CBC,HMAC-SHA256-128,ECDSA-Signature,Diffie-Hellman,DH14,False,True,3600,False,True,False,0x74B3BC13,0xB265D174,Email,TCP,IPv6,50,409,419,14,405,1,497,128,1.02,208243,110521,97722,0.5307,980.392,Medium,80,Medium,Medium,Older DH group; policy review recommended; Perfect Forward Secrecy disabled,0.918,0.749,IKEv2|Transport|AES-256-CBC|DH14|False|IPv6|Email
IPSEC-077-16,ipsec-077-16.pcap,validation,synthetic_lab_ground_truth,26160,IKEv2,ESP,Transport,IPv6,AES-256-CBC,HMAC-SHA256-128,ECDSA-Signature,Diffie-Hellman,DH14,False,True,3600,False,True,False,0x1508C7A6,0x99FF88E4,File-Transfer,TCP,IPv6,50,3582,1470,10,1460,0,958,280,0.41,1408260,805689,602571,0.5721,2439.024,Medium,80,Medium,Medium,Older DH group; policy review recommended; Perfect Forward Secrecy disabled,0.939,0.851,IKEv2|Transport|AES-256-CBC|DH14|False|IPv6|File-Transfer
IPSEC-077-17,ipsec-077-17.pcap,validation,synthetic_lab_ground_truth,26160,IKEv2,ESP,Transport,IPv6,AES-256-CBC,HMAC-SHA256-128,ECDSA-Signature,Diffie-Hellman,DH14,False,True,14400,False,True,False,0xE0729247,0xE81F208A,VoIP,UDP,IPv6,50,2997,235,38,197,0,196,46,0.08,46060,21767,24293,0.4726,10000.0,Medium,80,Medium,Medium,Older DH group; policy review recommended; Perfect Forward Secrecy disabled,0.881,0.836,IKEv2|Transport|AES-256-CBC|DH14|False|IPv6|VoIP
IPSEC-077-18,ipsec-077-18.pcap,test,synthetic_lab_ground_truth,26160,IKEv2,ESP,Transport,IPv6,AES-256-CBC,HMAC-SHA256-128,ECDSA-Signature,Diffie-Hellman,DH14,False,True,7200,False,True,False,0x874BC183,0x5BFA2FAD,ICMP,ICMP/ICMPv6,IPv6,50,188,61,34,27,0,81,24,0.32,4941,2387,2554,0.4832,3125.0,Medium,80,Medium,Medium,Older DH group; policy review recommended; Perfect Forward Secrecy disabled,0.925,0.909,IKEv2|Transport|AES-256-CBC|DH14|False|IPv6|ICMP
IPSEC-077-19,ipsec-077-19.pcap,test,synthetic_lab_ground_truth,26160,IKEv2,ESP,Transport,IPv6,AES-256-CBC,HMAC-SHA256-128,ECDSA-Signature,Diffie-Hellman,DH14,False,False,1800,False,True,False,0xD8D259AC,0xCA9E6B42,Video,TCP/QUIC,IPv6,50,5388,1299,13,1286,3,548,112,0.24,711852,328346,383506,0.4613,4166.667,Medium,55,High,Critical,Older DH group; policy review recommended; Perfect Forward Secrecy disabled; Replay protection disabled,0.933,0.876,IKEv2|Transport|AES-256-CBC|DH14|False|IPv6|Video
IPSEC-077-20,ipsec-077-20.pcap,test,synthetic_lab_ground_truth,26160,IKEv2,ESP,Transport,IPv6,AES-256-CBC,HMAC-SHA256-128,ECDSA-Signature,Diffie-Hellman,DH14,False,True,86400,False,True,False,0x77909E3D,0x25305112,Chat,TCP,IPv6,50,1455,506,37,469,3,270,50,0.35,136620,65163,71457,0.477,2857.143,Medium,80,Medium,Medium,Older DH group; policy review recommended; Perfect Forward Secrecy disabled,0.927,0.744,IKEv2|Transport|AES-256-CBC|DH14|False|IPv6|Chat
IPSEC-078-01,ipsec-078-01.pcap,train,synthetic_lab_ground_truth,26160,IKEv2,ESP,Tunnel,IPv6,AES-128-GCM,AEAD-GCM,PSK,Diffie-Hellman,DH24,False,True,3600,True,True,True,0x99D2A652,0x37EA3D94,Email,TCP,IPv6,50,509,622,42,580,1,323,92,1.22,200906,67788,133118,0.3374,819.672,Low,78,Medium,Medium,Perfect Forward Secrecy disabled,0.976,0.709,IKEv2|Tunnel|AES-128-GCM|DH24|False|IPv6|Email
IPSEC-078-02,ipsec-078-02.pcap,train,synthetic_lab_ground_truth,26160,IKEv2,ESP,Tunnel,IPv6,AES-128-GCM,AEAD-GCM,PSK,Diffie-Hellman,DH24,False,True,86400,False,True,False,0x899FD57E,0x90284827,File-Transfer,TCP,IPv6,50,3525,1564,44,1520,1,979,249,0.44,1531156,596287,934869,0.3894,2272.727,Low,78,Medium,Medium,Perfect Forward Secrecy disabled,0.922,0.804,IKEv2|Tunnel|AES-128-GCM|DH24|False|IPv6|File-Transfer
IPSEC-078-03,ipsec-078-03.pcap,train,synthetic_lab_ground_truth,26160,IKEv2,ESP,Tunnel,IPv6,AES-128-GCM,AEAD-GCM,PSK,Diffie-Hellman,DH24,False,True,172800,True,True,True,0x8AAA4EF7,0xF4F12177,VoIP,UDP,IPv6,50,2634,226,27,199,0,226,67,0.09,51076,27685,23391,0.542,10000.0,Medium,70,Medium,Medium,Perfect Forward Secrecy disabled; Long Security Association lifetime,0.946,0.802,IKEv2|Tunnel|AES-128-GCM|DH24|False|IPv6|VoIP
IPSEC-078-04,ipsec-078-04.pcap,train,synthetic_lab_ground_truth,26160,IKEv2,ESP,Tunnel,IPv6,AES-128-GCM,AEAD-GCM,PSK,Diffie-Hellman,DH24,False,True,86400,False,True,False,0x84822A1C,0x44DD3FBC,ICMP,ICMP/ICMPv6,IPv6,50,276,106,24,82,0,92,28,0.38,9752,4018,5734,0.412,2631.579,Low,78,Medium,Medium,Perfect Forward Secrecy disabled,0.905,0.917,IKEv2|Tunnel|AES-128-GCM|DH24|False|IPv6|ICMP
IPSEC-078-05,ipsec-078-05.pcap,train,synthetic_lab_ground_truth,26160,IKEv2,ESP,Tunnel,IPv6,AES-128-GCM,AEAD-GCM,PSK,Diffie-Hellman,DH24,False,True,3600,True,True,True,0x4B228DB1,0xC976A477,Video,TCP/QUIC,IPv6,50,3364,876,8,868,0,578,170,0.26,506328,170734,335594,0.3372,3846.154,Medium,78,Medium,Medium,Perfect Forward Secrecy disabled,0.905,0.855,IKEv2|Tunnel|AES-128-GCM|DH24|False|IPv6|Video
IPSEC-078-06,ipsec-078-06.pcap,train,synthetic_lab_ground_truth,26160,IKEv2,ESP,Tunnel,IPv6,AES-128-GCM,AEAD-GCM,PSK,Diffie-Hellman,DH24,False,True,300,False,True,False,0xF59A4291,0x536714F5,Chat,TCP,IPv6,50,1695,604,34,570,1,312,69,0.36,188448,111169,77279,0.5899,2777.778,Low,78,Medium,Medium,Perfect Forward Secrecy disabled,0.947,0.709,IKEv2|Tunnel|AES-128-GCM|DH24|False|IPv6|Chat
IPSEC-078-07,ipsec-078-07.pcap,train,synthetic_lab_ground_truth,26160,IKEv2,ESP,Tunnel,IPv6,AES-128-GCM,AEAD-GCM,PSK,Diffie-Hellman,DH24,False,True,14400,True,True,True,0x27ED2EA1,0xCB7A6321,Web,TCP,IPv6,50,1896,825,18,807,0,527,116,0.44,434775,285076,149699,0.6557,2272.727,Low,78,Medium,Medium,Perfect Forward Secrecy disabled,0.951,0.827,IKEv2|Tunnel|AES-128-GCM|DH24|False|IPv6|Web
IPSEC-078-08,ipsec-078-08.pcap,train,synthetic_lab_ground_truth,26160,IKEv2,ESP,Tunnel,IPv6,AES-128-GCM,AEAD-GCM,PSK,Diffie-Hellman,DH24,False,True,7200,True,True,True,0x9D70A6B8,0x4556110D,Email,TCP,IPv6,50,491,571,14,557,1,452,116,1.16,258092,119394,138698,0.4626,862.069,Low,78,Medium,Medium,Perfect Forward Secrecy disabled,0.938,0.735,IKEv2|Tunnel|AES-128-GCM|DH24|False|IPv6|Email
IPSEC-078-09,ipsec-078-09.pcap,train,synthetic_lab_ground_truth,26160,IKEv2,ESP,Tunnel,IPv6,AES-128-GCM,AEAD-GCM,PSK,Diffie-Hellman,DH24,False,True,3600,True,True,True,0x349D95FC,0xAAF8D2A9,File-Transfer,TCP,IPv6,50,3620,1605,31,1574,0,917,216,0.44,1471785,718399,753386,0.4881,2272.727,Low,78,Medium,Medium,Perfect Forward Secrecy disabled,0.982,0.737,IKEv2|Tunnel|AES-128-GCM|DH24|False|IPv6|File-Transfer
IPSEC-078-10,ipsec-078-10.pcap,train,synthetic_lab_ground_truth,26160,IKEv2,ESP,Tunnel,IPv6,AES-128-GCM,AEAD-GCM,PSK,Diffie-Hellman,DH24,False,True,1800,False,True,False,0x2A93828A,0x4287D60F,VoIP,UDP,IPv6,50,3817,340,10,330,0,256,73,0.09,87040,41528,45512,0.4771,10000.0,Medium,78,Medium,Medium,Perfect Forward Secrecy disabled,0.924,0.798,IKEv2|Tunnel|AES-128-GCM|DH24|False|IPv6|VoIP
IPSEC-078-11,ipsec-078-11.pcap,train,synthetic_lab_ground_truth,26160,IKEv2,ESP,Tunnel,IPv6,AES-128-GCM,AEAD-GCM,PSK,Diffie-Hellman,DH24,False,True,3600,False,True,False,0xF179537A,0x352860F1,ICMP,ICMP/ICMPv6,IPv6,50,215,104,20,84,1,73,14,0.48,7592,2886,4706,0.3802,2083.333,Low,78,Medium,Medium,Perfect Forward Secrecy disabled,0.96,0.916,IKEv2|Tunnel|AES-128-GCM|DH24|False|IPv6|ICMP
IPSEC-078-12,ipsec-078-12.pcap,train,synthetic_lab_ground_truth,26160,IKEv2,ESP,Tunnel,IPv6,AES-128-GCM,AEAD-GCM,PSK,Diffie-Hellman,DH24,False,True,14400,True,True,True,0xA61FCF84,0x2D2BAFC6,Video,TCP/QUIC,IPv6,50,4067,1071,27,1044,0,456,164,0.26,488376,177864,310512,0.3642,3846.154,Medium,78,Medium,Medium,Perfect Forward Secrecy disabled,0.92,0.838,IKEv2|Tunnel|AES-128-GCM|DH24|False|IPv6|Video
IPSEC-078-13,ipsec-078-13.pcap,train,synthetic_lab_ground_truth,26160,IKEv2,ESP,Tunnel,IPv6,AES-128-GCM,AEAD-GCM,PSK,Diffie-Hellman,DH24,False,True,28800,True,True,True,0xE1E2901F,0x408A75C3,Chat,TCP,IPv6,50,1558,531,12,519,1,319,106,0.34,169389,90951,78438,0.5369,2941.176,Low,78,Medium,Medium,Perfect Forward Secrecy disabled,0.934,0.704,IKEv2|Tunnel|AES-128-GCM|DH24|False|IPv6|Chat
IPSEC-078-14,ipsec-078-14.pcap,train,synthetic_lab_ground_truth,26160,IKEv2,ESP,Tunnel,IPv6,AES-128-GCM,AEAD-GCM,PSK,Diffie-Hellman,DH24,False,True,172800,True,True,True,0xAA725055,0xBEBD94C5,Web,TCP,IPv6,50,2331,952,20,932,1,493,162,0.41,469336,179273,290063,0.382,2439.024,Low,70,Medium,Medium,Perfect Forward Secrecy disabled; Long Security Association lifetime,0.922,0.712,IKEv2|Tunnel|AES-128-GCM|DH24|False|IPv6|Web
IPSEC-078-15,ipsec-078-15.pcap,validation,synthetic_lab_ground_truth,26160,IKEv2,ESP,Tunnel,IPv6,AES-128-GCM,AEAD-GCM,PSK,Diffie-Hellman,DH24,False,True,28800,False,True,False,0x594B6D22,0xFE79627D,Email,TCP,IPv6,50,536,768,18,750,1,363,82,1.43,278784,162741,116043,0.5838,699.301,Low,78,Medium,Medium,Perfect Forward Secrecy disabled,0.964,0.755,IKEv2|Tunnel|AES-128-GCM|DH24|False|IPv6|Email
IPSEC-078-16,ipsec-078-16.pcap,validation,synthetic_lab_ground_truth,26160,IKEv2,ESP,Tunnel,IPv6,AES-128-GCM,AEAD-GCM,PSK,Diffie-Hellman,DH24,False,True,3600,False,True,False,0xDC6B1176,0x8FCA638E,File-Transfer,TCP,IPv6,50,2374,1141,29,1112,1,998,227,0.48,1138718,596339,542379,0.5237,2083.333,Low,78,Medium,Medium,Perfect Forward Secrecy disabled,0.969,0.869,IKEv2|Tunnel|AES-128-GCM|DH24|False|IPv6|File-Transfer
IPSEC-078-17,ipsec-078-17.pcap,validation,synthetic_lab_ground_truth,26160,IKEv2,ESP,Tunnel,IPv6,AES-128-GCM,AEAD-GCM,PSK,Diffie-Hellman,DH24,False,False,14400,True,True,True,0xC0A908B9,0x3441AC22,VoIP,UDP,IPv6,50,2344,198,39,159,3,229,34,0.08,45342,20306,25036,0.4478,10000.0,Medium,53,High,Critical,Perfect Forward Secrecy disabled; Replay protection disabled,0.936,0.772,IKEv2|Tunnel|AES-128-GCM|DH24|False|IPv6|VoIP
IPSEC-078-18,ipsec-078-18.pcap,test,synthetic_lab_ground_truth,26160,IKEv2,ESP,Tunnel,IPv6,AES-128-GCM,AEAD-GCM,PSK,Diffie-Hellman,DH24,False,True,600,False,True,False,0xA517D474,0xD11A5939,ICMP,ICMP/ICMPv6,IPv6,50,204,93,39,54,2,92,30,0.46,8556,4266,4290,0.4986,2173.913,Low,78,Medium,Medium,Perfect Forward Secrecy disabled,0.99,0.944,IKEv2|Tunnel|AES-128-GCM|DH24|False|IPv6|ICMP
IPSEC-078-19,ipsec-078-19.pcap,test,synthetic_lab_ground_truth,26160,IKEv2,ESP,Tunnel,IPv6,AES-128-GCM,AEAD-GCM,PSK,Diffie-Hellman,DH24,False,True,1800,True,True,True,0xF4E4D760,0xD9A0AB05,Video,TCP/QUIC,IPv6,50,4738,1248,27,1221,0,484,78,0.26,604032,109673,494359,0.1816,3846.154,Medium,78,Medium,Medium,Perfect Forward Secrecy disabled,0.963,0.849,IKEv2|Tunnel|AES-128-GCM|DH24|False|IPv6|Video
IPSEC-078-20,ipsec-078-20.pcap,test,synthetic_lab_ground_truth,26160,IKEv2,ESP,Tunnel,IPv6,AES-128-GCM,AEAD-GCM,PSK,Diffie-Hellman,DH24,False,True,86400,False,True,False,0xBEA1F18C,0x62B46A67,Chat,TCP,IPv6,50,1307,430,16,414,2,281,45,0.33,120830,50483,70347,0.4178,3030.303,Low,78,Medium,Medium,Perfect Forward Secrecy disabled,0.927,0.704,IKEv2|Tunnel|AES-128-GCM|DH24|False|IPv6|Chat
IPSEC-079-01,ipsec-079-01.pcap,train,synthetic_lab_ground_truth,26160,IKEv2,ESP,Tunnel,IPv4,AES-256-CBC,HMAC-SHA256-128,PSK,Diffie-Hellman,DH19,False,True,600,False,True,False,0x48C49737,0x5D5A30BE,Email,TCP,IPv4,50,854,907,11,896,0,434,110,1.06,393638,172911,220727,0.4393,943.396,Low,82,Medium,Medium,Perfect Forward Secrecy disabled,0.88,0.684,IKEv2|Tunnel|AES-256-CBC|DH19|False|IPv4|Email
IPSEC-079-02,ipsec-079-02.pcap,train,synthetic_lab_ground_truth,26160,IKEv2,ESP,Tunnel,IPv4,AES-256-CBC,HMAC-SHA256-128,PSK,Diffie-Hellman,DH19,False,True,28800,False,True,False,0x3C5CC79E,0xE26A9D16,File-Transfer,TCP,IPv4,50,2463,903,15,888,0,1058,159,0.37,955374,546159,409215,0.5717,2702.703,Low,82,Medium,Medium,Perfect Forward Secrecy disabled,0.939,0.812,IKEv2|Tunnel|AES-256-CBC|DH19|False|IPv4|File-Transfer
IPSEC-079-03,ipsec-079-03.pcap,train,synthetic_lab_ground_truth,26160,IKEv2,ESP,Tunnel,IPv4,AES-256-CBC,HMAC-SHA256-128,PSK,Diffie-Hellman,DH19,False,False,86400,True,True,True,0x470705F3,0xF87BBFAF,VoIP,UDP,IPv4,50,3565,292,8,284,1,199,79,0.08,58108,34398,23710,0.592,10000.0,Medium,57,High,Critical,Perfect Forward Secrecy disabled; Replay protection disabled,0.889,0.887,IKEv2|Tunnel|AES-256-CBC|DH19|False|IPv4|VoIP
IPSEC-079-04,ipsec-079-04.pcap,train,synthetic_lab_ground_truth,26160,IKEv2,ESP,Tunnel,IPv4,AES-256-CBC,HMAC-SHA256-128,PSK,Diffie-Hellman,DH19,False,True,86400,True,True,True,0x3AF2B630,0x4E4B1FF0,ICMP,ICMP/ICMPv6,IPv4,50,203,78,35,43,1,79,17,0.38,6162,3506,2656,0.5691,2631.579,Low,82,Medium,Medium,Perfect Forward Secrecy disabled,0.89,0.942,IKEv2|Tunnel|AES-256-CBC|DH19|False|IPv4|ICMP
IPSEC-079-05,ipsec-079-05.pcap,train,synthetic_lab_ground_truth,26160,IKEv2,ESP,Tunnel,IPv4,AES-256-CBC,HMAC-SHA256-128,PSK,Diffie-Hellman,DH19,False,True,28800,False,True,False,0x74D4B01E,0x19D268EE,Video,TCP/QUIC,IPv4,50,5685,1480,11,1469,0,547,136,0.26,809560,214770,594790,0.2653,3846.154,Medium,82,Medium,Medium,Perfect Forward Secrecy disabled,0.922,0.854,IKEv2|Tunnel|AES-256-CBC|DH19|False|IPv4|Video
IPSEC-079-06,ipsec-079-06.pcap,train,synthetic_lab_ground_truth,26160,IKEv2,ESP,Tunnel,IPv4,AES-256-CBC,HMAC-SHA256-128,PSK,Diffie-Hellman,DH19,False,True,7200,False,True,False,0xA8F384F9,0x97DF4CAF,Chat,TCP,IPv4,50,937,369,12,357,0,238,67,0.39,87822,46232,41590,0.5264,2564.103,Low,82,Medium,Medium,Perfect Forward Secrecy disabled,0.872,0.758,IKEv2|Tunnel|AES-256-CBC|DH19|False|IPv4|Chat
IPSEC-079-07,ipsec-079-07.pcap,train,synthetic_lab_ground_truth,26160,IKEv2,ESP,Tunnel,IPv4,AES-256-CBC,HMAC-SHA256-128,PSK,Diffie-Hellman,DH19,False,True,28800,False,True,False,0x6758E8A8,0x7A9ABD0C,Web,TCP,IPv4,50,2351,934,23,911,0,555,121,0.4,518370,227011,291359,0.4379,2500.0,Low,82,Medium,Medium,Perfect Forward Secrecy disabled,0.917,0.772,IKEv2|Tunnel|AES-256-CBC|DH19|False|IPv4|Web
IPSEC-079-08,ipsec-079-08.pcap,train,synthetic_lab_ground_truth,26160,IKEv2,ESP,Tunnel,IPv4,AES-256-CBC,HMAC-SHA256-128,PSK,Diffie-Hellman,DH19,False,True,1800,False,True,False,0x128B8512,0xFC074157,Email,TCP,IPv4,50,632,855,12,843,1,395,105,1.35,337725,208140,129585,0.6163,740.741,Low,82,Medium,Medium,Perfect Forward Secrecy disabled,0.886,0.746,IKEv2|Tunnel|AES-256-CBC|DH19|False|IPv4|Email
IPSEC-079-09,ipsec-079-09.pcap,train,synthetic_lab_ground_truth,26160,IKEv2,ESP,Tunnel,IPv4,AES-256-CBC,HMAC-SHA256-128,PSK,Diffie-Hellman,DH19,False,True,14400,False,True,False,0xF7356EDB,0x521426A1,File-Transfer,TCP,IPv4,50,4483,1902,33,1869,0,995,251,0.42,1892490,1009785,882705,0.5336,2380.952,Low,82,Medium,Medium,Perfect Forward Secrecy disabled,0.88,0.863,IKEv2|Tunnel|AES-256-CBC|DH19|False|IPv4|File-Transfer
IPSEC-079-10,ipsec-079-10.pcap,train,synthetic_lab_ground_truth,26160,IKEv2,ESP,Tunnel,IPv4,AES-256-CBC,HMAC-SHA256-128,PSK,Diffie-Hellman,DH19,False,True,600,False,True,False,0x3DB5A950,0x2E6A30BD,VoIP,UDP,IPv4,50,1877,135,37,98,3,264,81,0.07,35640,13293,22347,0.373,10000.0,Medium,82,Medium,Medium,Perfect Forward Secrecy disabled,0.884,0.756,IKEv2|Tunnel|AES-256-CBC|DH19|False|IPv4|VoIP
IPSEC-079-11,ipsec-079-11.pcap,train,synthetic_lab_ground_truth,26160,IKEv2,ESP,Tunnel,IPv4,AES-256-CBC,HMAC-SHA256-128,PSK,Diffie-Hellman,DH19,False,True,28800,False,True,False,0xF7354B36,0x55E66560,ICMP,ICMP/ICMPv6,IPv4,50,247,111,14,97,1,103,28,0.45,11433,4350,7083,0.3805,2222.222,Low,82,Medium,Medium,Perfect Forward Secrecy disabled,0.915,0.927,IKEv2|Tunnel|AES-256-CBC|DH19|False|IPv4|ICMP
IPSEC-079-12,ipsec-079-12.pcap,train,synthetic_lab_ground_truth,26160,IKEv2,ESP,Tunnel,IPv4,AES-256-CBC,HMAC-SHA256-128,PSK,Diffie-Hellman,DH19,False,True,86400,False,True,False,0xEB9CB4D6,0x9F49DB7A,Video,TCP/QUIC,IPv4,50,5238,1371,24,1347,0,439,98,0.26,601869,144776,457093,0.2405,3846.154,Medium,82,Medium,Medium,Perfect Forward Secrecy disabled,0.943,0.828,IKEv2|Tunnel|AES-256-CBC|DH19|False|IPv4|Video
IPSEC-079-13,ipsec-079-13.pcap,train,synthetic_lab_ground_truth,26160,IKEv2,ESP,Tunnel,IPv4,AES-256-CBC,HMAC-SHA256-128,PSK,Diffie-Hellman,DH19,False,True,28800,True,True,True,0x25DB15C7,0x20EB3CF8,Chat,TCP,IPv4,50,1342,542,12,530,0,251,54,0.4,136042,47257,88785,0.3474,2500.0,Low,82,Medium,Medium,Perfect Forward Secrecy disabled,0.904,0.705,IKEv2|Tunnel|AES-256-CBC|DH19|False|IPv4|Chat
IPSEC-079-14,ipsec-079-14.pcap,train,synthetic_lab_ground_truth,26160,IKEv2,ESP,Tunnel,IPv4,AES-256-CBC,HMAC-SHA256-128,PSK,Diffie-Hellman,DH19,False,True,14400,False,True,False,0xDF68A702,0xE0DA0C03,Web,TCP,IPv4,50,2599,1088,17,1071,1,649,175,0.42,706112,228689,477423,0.3239,2380.952,Low,82,Medium,Medium,Perfect Forward Secrecy disabled,0.864,0.833,IKEv2|Tunnel|AES-256-CBC|DH19|False|IPv4|Web
IPSEC-079-15,ipsec-079-15.pcap,validation,synthetic_lab_ground_truth,26160,IKEv2,ESP,Tunnel,IPv4,AES-256-CBC,HMAC-SHA256-128,PSK,Diffie-Hellman,DH19,False,True,14400,True,True,True,0x80D24997,0xD30944BB,Email,TCP,IPv4,50,610,824,30,794,0,394,104,1.35,324656,157789,166867,0.486,740.741,Low,82,Medium,Medium,Perfect Forward Secrecy disabled,0.945,0.708,IKEv2|Tunnel|AES-256-CBC|DH19|False|IPv4|Email
IPSEC-079-16,ipsec-079-16.pcap,validation,synthetic_lab_ground_truth,26160,IKEv2,ESP,Tunnel,IPv4,AES-256-CBC,HMAC-SHA256-128,PSK,Diffie-Hellman,DH19,False,False,28800,False,True,False,0xF69A85DD,0x389D4FBB,File-Transfer,TCP,IPv4,50,4058,1832,42,1790,2,861,188,0.45,1577352,558473,1018879,0.3541,2222.222,Low,57,High,Critical,Perfect Forward Secrecy disabled; Replay protection disabled,0.887,0.821,IKEv2|Tunnel|AES-256-CBC|DH19|False|IPv4|File-Transfer
IPSEC-079-17,ipsec-079-17.pcap,validation,synthetic_lab_ground_truth,26160,IKEv2,ESP,Tunnel,IPv4,AES-256-CBC,HMAC-SHA256-128,PSK,Diffie-Hellman,DH19,False,True,1800,False,True,False,0xCE3F5040,0x57D2145E,VoIP,UDP,IPv4,50,2785,210,21,189,0,237,35,0.08,49770,18584,31186,0.3734,10000.0,Medium,82,Medium,Medium,Perfect Forward Secrecy disabled,0.866,0.832,IKEv2|Tunnel|AES-256-CBC|DH19|False|IPv4|VoIP
IPSEC-079-18,ipsec-079-18.pcap,test,synthetic_lab_ground_truth,26160,IKEv2,ESP,Tunnel,IPv4,AES-256-CBC,HMAC-SHA256-128,PSK,Diffie-Hellman,DH19,False,True,28800,False,True,False,0xD232AA4B,0x93D9FA13,ICMP,ICMP/ICMPv6,IPv4,50,286,107,31,76,0,93,17,0.37,9951,4372,5579,0.4394,2702.703,Low,82,Medium,Medium,Perfect Forward Secrecy disabled,0.907,0.886,IKEv2|Tunnel|AES-256-CBC|DH19|False|IPv4|ICMP
IPSEC-079-19,ipsec-079-19.pcap,test,synthetic_lab_ground_truth,26160,IKEv2,ESP,Tunnel,IPv4,AES-256-CBC,HMAC-SHA256-128,PSK,Diffie-Hellman,DH19,False,False,3600,False,True,False,0x10FA18A6,0xDB578FDF,Video,TCP/QUIC,IPv4,50,4675,1131,44,1087,2,441,155,0.24,498771,96045,402726,0.1926,4166.667,Medium,57,High,Critical,Perfect Forward Secrecy disabled; Replay protection disabled,0.918,0.839,IKEv2|Tunnel|AES-256-CBC|DH19|False|IPv4|Video
IPSEC-079-20,ipsec-079-20.pcap,test,synthetic_lab_ground_truth,26160,IKEv2,ESP,Tunnel,IPv4,AES-256-CBC,HMAC-SHA256-128,PSK,Diffie-Hellman,DH19,False,True,7200,False,True,False,0x9D8817BE,0x1D65D6B4,Chat,TCP,IPv4,50,1137,463,24,439,0,271,37,0.41,125473,72010,53463,0.5739,2439.024,Low,82,Medium,Medium,Perfect Forward Secrecy disabled,0.917,0.746,IKEv2|Tunnel|AES-256-CBC|DH19|False|IPv4|Chat
IPSEC-080-01,ipsec-080-01.pcap,train,synthetic_lab_ground_truth,26160,IKEv1,ESP,Tunnel,IPv4,AES-128-GCM,AEAD-GCM,PSK,Diffie-Hellman,DH14,False,True,28800,False,True,False,0xCC1094B8,0xDACDF761,Email,TCP,IPv4,50,491,484,14,470,1,455,124,0.99,220220,114682,105538,0.5208,1010.101,Low,67,High,High,Legacy IKE version detected; Older DH group; policy review recommended; Perfect Forward Secrecy disabled,0.791,0.731,IKEv1|Tunnel|AES-128-GCM|DH14|False|IPv4|Email
IPSEC-080-02,ipsec-080-02.pcap,train,synthetic_lab_ground_truth,26160,IKEv1,ESP,Tunnel,IPv4,AES-128-GCM,AEAD-GCM,PSK,Diffie-Hellman,DH14,False,True,7200,False,True,False,0x946C71F5,0x13F49837,File-Transfer,TCP,IPv4,50,2871,1144,27,1117,0,1074,338,0.4,1228656,604528,624128,0.492,2500.0,Low,67,High,High,Legacy IKE version detected; Older DH group; policy review recommended; Perfect Forward Secrecy disabled,0.847,0.847,IKEv1|Tunnel|AES-128-GCM|DH14|False|IPv4|File-Transfer
IPSEC-080-03,ipsec-080-03.pcap,train,synthetic_lab_ground_truth,26160,IKEv1,ESP,Tunnel,IPv4,AES-128-GCM,AEAD-GCM,PSK,Diffie-Hellman,DH14,False,True,86400,True,True,True,0xC6828FA2,0x9AB99266,VoIP,UDP,IPv4,50,2774,247,9,238,1,221,64,0.09,54587,33356,21231,0.6111,10000.0,Medium,67,High,High,Legacy IKE version detected; Older DH group; policy review recommended; Perfect Forward Secrecy disabled,0.75,0.777,IKEv1|Tunnel|AES-128-GCM|DH14|False|IPv4|VoIP
IPSEC-080-04,ipsec-080-04.pcap,train,synthetic_lab_ground_truth,26160,IKEv1,ESP,Tunnel,IPv4,AES-128-GCM,AEAD-GCM,PSK,Diffie-Hellman,DH14,False,True,14400,False,True,False,0xA5209B8B,0x92184E21,ICMP,ICMP/ICMPv6,IPv4,50,253,99,44,55,0,109,16,0.39,10791,6102,4689,0.5655,2564.103,Low,67,High,High,Legacy IKE version detected; Older DH group; policy review recommended; Perfect Forward Secrecy disabled,0.799,0.933,IKEv1|Tunnel|AES-128-GCM|DH14|False|IPv4|ICMP
IPSEC-080-05,ipsec-080-05.pcap,train,synthetic_lab_ground_truth,26160,IKEv1,ESP,Tunnel,IPv4,AES-128-GCM,AEAD-GCM,PSK,Diffie-Hellman,DH14,False,True,3600,True,True,True,0xA8207763,0x6C2D3F6D,Video,TCP/QUIC,IPv4,50,6723,1776,13,1763,0,438,74,0.26,777888,247832,530056,0.3186,3846.154,Medium,67,High,High,Legacy IKE version detected; Older DH group; policy review recommended; Perfect Forward Secrecy disabled,0.807,0.819,IKEv1|Tunnel|AES-128-GCM|DH14|False|IPv4|Video
IPSEC-080-06,ipsec-080-06.pcap,train,synthetic_lab_ground_truth,26160,IKEv1,ESP,Tunnel,IPv4,AES-128-GCM,AEAD-GCM,PSK,Diffie-Hellman,DH14,False,True,86400,False,True,False,0x3562DD9D,0x62890B11,Chat,TCP,IPv4,50,1507,534,42,492,2,267,91,0.35,142578,51312,91266,0.3599,2857.143,Low,67,High,High,Legacy IKE version detected; Older DH group; policy review recommended; Perfect Forward Secrecy disabled,0.832,0.762,IKEv1|Tunnel|AES-128-GCM|DH14|False|IPv4|Chat
IPSEC-080-07,ipsec-080-07.pcap,train,synthetic_lab_ground_truth,26160,IKEv1,ESP,Tunnel,IPv4,AES-128-GCM,AEAD-GCM,PSK,Diffie-Hellman,DH14,False,True,7200,False,True,False,0xE9209CA0,0x88AD0DD5,Web,TCP,IPv4,50,2430,1067,41,1026,0,600,201,0.44,640200,263101,377099,0.411,2272.727,Low,67,High,High,Legacy IKE version detected; Older DH group; policy review recommended; Perfect Forward Secrecy disabled,0.827,0.797,IKEv1|Tunnel|AES-128-GCM|DH14|False|IPv4|Web
IPSEC-080-08,ipsec-080-08.pcap,train,synthetic_lab_ground_truth,26160,IKEv1,ESP,Tunnel,IPv4,AES-128-GCM,AEAD-GCM,PSK,Diffie-Hellman,DH14,False,True,28800,True,True,True,0x84797E96,0x72F43D22,Email,TCP,IPv4,50,750,1064,42,1022,2,412,122,1.42,438368,182036,256332,0.4153,704.225,Low,67,High,High,Legacy IKE version detected; Older DH group; policy review recommended; Perfect Forward Secrecy disabled,0.829,0.786,IKEv1|Tunnel|AES-128-GCM|DH14|False|IPv4|Email
IPSEC-080-09,ipsec-080-09.pcap,train,synthetic_lab_ground_truth,26160,IKEv1,ESP,Tunnel,IPv4,AES-128-GCM,AEAD-GCM,PSK,Diffie-Hellman,DH14,False,True,7200,True,True,True,0xD65D5ED8,0x21B131AF,File-Transfer,TCP,IPv4,50,2117,1148,11,1137,0,786,261,0.54,902328,356552,545776,0.3951,1851.852,Low,67,High,High,Legacy IKE version detected; Older DH group; policy review recommended; Perfect Forward Secrecy disabled,0.798,0.819,IKEv1|Tunnel|AES-128-GCM|DH14|False|IPv4|File-Transfer
IPSEC-080-10,ipsec-080-10.pcap,train,synthetic_lab_ground_truth,26160,IKEv1,ESP,Tunnel,IPv4,AES-128-GCM,AEAD-GCM,PSK,Diffie-Hellman,DH14,False,True,1800,False,True,False,0x15A4C3E8,0x33F5DB0B,VoIP,UDP,IPv4,50,2462,169,44,125,0,169,44,0.07,28561,14370,14191,0.5031,10000.0,Medium,67,High,High,Legacy IKE version detected; Older DH group; policy review recommended; Perfect Forward Secrecy disabled,0.803,0.776,IKEv1|Tunnel|AES-128-GCM|DH14|False|IPv4|VoIP
IPSEC-080-11,ipsec-080-11.pcap,train,synthetic_lab_ground_truth,26160,IKEv1,ESP,Tunnel,IPv4,AES-128-GCM,AEAD-GCM,PSK,Diffie-Hellman,DH14,False,True,28800,False,True,False,0x6E029D33,0x993A123D,ICMP,ICMP/ICMPv6,IPv4,50,187,62,32,30,0,115,25,0.33,7130,3009,4121,0.422,3030.303,Low,67,High,High,Legacy IKE version detected; Older DH group; policy review recommended; Perfect Forward Secrecy disabled,0.857,0.933,IKEv1|Tunnel|AES-128-GCM|DH14|False|IPv4|ICMP
IPSEC-080-12,ipsec-080-12.pcap,train,synthetic_lab_ground_truth,26160,IKEv1,ESP,Tunnel,IPv4,AES-128-GCM,AEAD-GCM,PSK,Diffie-Hellman,DH14,False,True,14400,False,True,False,0x90CFBEA5,0x875ED95B,Video,TCP/QUIC,IPv4,50,4764,1159,25,1134,0,591,117,0.24,684969,143706,541263,0.2098,4166.667,Medium,67,High,High,Legacy IKE version detected; Older DH group; policy review recommended; Perfect Forward Secrecy disabled,0.814,0.9,IKEv1|Tunnel|AES-128-GCM|DH14|False|IPv4|Video
IPSEC-080-13,ipsec-080-13.pcap,train,synthetic_lab_ground_truth,26160,IKEv1,ESP,Tunnel,IPv4,AES-128-GCM,AEAD-GCM,PSK,Diffie-Hellman,DH14,False,True,7200,True,True,True,0xD0BADC22,0xBE705343,Chat,TCP,IPv4,50,1355,460,10,450,0,212,51,0.34,97520,52524,44996,0.5386,2941.176,Low,67,High,High,Legacy IKE version detected; Older DH group; policy review recommended; Perfect Forward Secrecy disabled,0.8,0.723,IKEv1|Tunnel|AES-128-GCM|DH14|False|IPv4|Chat
IPSEC-080-14,ipsec-080-14.pcap,train,synthetic_lab_ground_truth,26160,IKEv1,ESP,Tunnel,IPv4,AES-128-GCM,AEAD-GCM,PSK,Diffie-Hellman,DH14,False,True,86400,False,True,False,0xFD242721,0xBDD524D6,Web,TCP,IPv4,50,2182,971,28,943,0,449,91,0.45,435979,163719,272260,0.3755,2222.222,Low,67,High,High,Legacy IKE version detected; Older DH group; policy review recommended; Perfect Forward Secrecy disabled,0.799,0.826,IKEv1|Tunnel|AES-128-GCM|DH14|False|IPv4|Web
IPSEC-080-15,ipsec-080-15.pcap,validation,synthetic_lab_ground_truth,26160,IKEv1,ESP,Tunnel,IPv4,AES-128-GCM,AEAD-GCM,PSK,Diffie-Hellman,DH14,False,True,7200,True,True,True,0x6076C733,0xE8532EE8,Email,TCP,IPv4,50,631,632,40,592,0,354,100,1.0,223728,121840,101888,0.5446,1000.0,Low,67,High,High,Legacy IKE version detected; Older DH group; policy review recommended; Perfect Forward Secrecy disabled,0.837,0.7,IKEv1|Tunnel|AES-128-GCM|DH14|False|IPv4|Email
IPSEC-080-16,ipsec-080-16.pcap,validation,synthetic_lab_ground_truth,26160,IKEv1,ESP,Tunnel,IPv4,AES-128-GCM,AEAD-GCM,PSK,Diffie-Hellman,DH14,False,True,600,True,True,True,0x9F2A86B1,0x7E2F4C45,File-Transfer,TCP,IPv4,50,3633,1657,41,1616,3,833,221,0.46,1380281,714773,665508,0.5178,2173.913,Low,67,High,High,Legacy IKE version detected; Older DH group; policy review recommended; Perfect Forward Secrecy disabled,0.803,0.821,IKEv1|Tunnel|AES-128-GCM|DH14|False|IPv4|File-Transfer
IPSEC-080-17,ipsec-080-17.pcap,validation,synthetic_lab_ground_truth,26160,IKEv1,ESP,Tunnel,IPv4,AES-128-GCM,AEAD-GCM,PSK,Diffie-Hellman,DH14,False,True,172800,True,True,True,0x827868D8,0x15D3BDE7,VoIP,UDP,IPv4,50,2204,165,36,129,0,192,64,0.07,31680,14147,17533,0.4466,10000.0,Medium,59,High,High,Legacy IKE version detected; Older DH group; policy review recommended; Perfect Forward Secrecy disabled; Long Security Association lifetime,0.831,0.812,IKEv1|Tunnel|AES-128-GCM|DH14|False|IPv4|VoIP
IPSEC-080-18,ipsec-080-18.pcap,test,synthetic_lab_ground_truth,26160,IKEv1,ESP,Tunnel,IPv4,AES-128-GCM,AEAD-GCM,PSK,Diffie-Hellman,DH14,False,True,3600,False,True,False,0x502295F6,0x256E089C,ICMP,ICMP/ICMPv6,IPv4,50,226,100,19,81,1,100,26,0.44,10000,6312,3688,0.6312,2272.727,Low,67,High,High,Legacy IKE version detected; Older DH group; policy review recommended; Perfect Forward Secrecy disabled,0.786,0.946,IKEv1|Tunnel|AES-128-GCM|DH14|False|IPv4|ICMP
IPSEC-080-19,ipsec-080-19.pcap,test,synthetic_lab_ground_truth,26160,IKEv1,ESP,Tunnel,IPv4,AES-128-GCM,AEAD-GCM,PSK,Diffie-Hellman,DH14,False,True,172800,False,True,False,0xF4ECDDC0,0xD0BFF626,Video,TCP/QUIC,IPv4,50,3642,679,22,657,0,533,136,0.19,361907,113299,248608,0.3131,5263.158,Medium,59,High,High,Legacy IKE version detected; Older DH group; policy review recommended; Perfect Forward Secrecy disabled; Long Security Association lifetime,0.796,0.831,IKEv1|Tunnel|AES-128-GCM|DH14|False|IPv4|Video
IPSEC-080-20,ipsec-080-20.pcap,test,synthetic_lab_ground_truth,26160,IKEv1,ESP,Tunnel,IPv4,AES-128-GCM,AEAD-GCM,PSK,Diffie-Hellman,DH14,False,True,7200,False,True,False,0xBB655DCC,0x376F2D9E,Chat,TCP,IPv4,50,1294,433,41,392,1,273,78,0.33,118209,57339,60870,0.4851,3030.303,Low,67,High,High,Legacy IKE version detected; Older DH group; policy review recommended; Perfect Forward Secrecy disabled,0.864,0.708,IKEv1|Tunnel|AES-128-GCM|DH14|False|IPv4|Chat
IPSEC-081-01,ipsec-081-01.pcap,train,synthetic_lab_ground_truth,26160,IKEv2,ESP,Transport,IPv4,AES-256-CBC,HMAC-SHA256-128,ECDSA-Signature,Diffie-Hellman,DH24,False,True,3600,True,True,True,0xAA9A85A6,0xBC7BF3AD,Email,TCP,IPv4,50,713,858,9,849,0,515,114,1.2,441870,211895,229975,0.4795,833.333,Medium,76,Medium,Medium,Perfect Forward Secrecy disabled,0.882,0.776,IKEv2|Transport|AES-256-CBC|DH24|False|IPv4|Email
IPSEC-081-02,ipsec-081-02.pcap,train,synthetic_lab_ground_truth,26160,IKEv2,ESP,Transport,IPv4,AES-256-CBC,HMAC-SHA256-128,ECDSA-Signature,Diffie-Hellman,DH24,False,True,7200,False,True,False,0xEE96118C,0x21F70C80,File-Transfer,TCP,IPv4,50,2169,823,24,799,0,772,155,0.38,635356,320657,314699,0.5047,2631.579,Medium,76,Medium,Medium,Perfect Forward Secrecy disabled,0.841,0.78,IKEv2|Transport|AES-256-CBC|DH24|False|IPv4|File-Transfer
IPSEC-081-03,ipsec-081-03.pcap,train,synthetic_lab_ground_truth,26160,IKEv2,ESP,Transport,IPv4,AES-256-CBC,HMAC-SHA256-128,ECDSA-Signature,Diffie-Hellman,DH24,False,True,86400,False,True,False,0x40C46DAD,0xA7B65F7C,VoIP,UDP,IPv4,50,2482,198,19,179,2,206,56,0.08,40788,25141,15647,0.6164,10000.0,Medium,76,Medium,Medium,Perfect Forward Secrecy disabled,0.905,0.709,IKEv2|Transport|AES-256-CBC|DH24|False|IPv4|VoIP
IPSEC-081-04,ipsec-081-04.pcap,train,synthetic_lab_ground_truth,26160,IKEv2,ESP,Transport,IPv4,AES-256-CBC,HMAC-SHA256-128,ECDSA-Signature,Diffie-Hellman,DH24,False,True,14400,False,True,False,0x836210BB,0xE61DCE33,ICMP,ICMP/ICMPv6,IPv4,50,284,115,9,106,0,85,15,0.4,9775,4148,5627,0.4244,2500.0,Medium,76,Medium,Medium,Perfect Forward Secrecy disabled,0.891,0.89,IKEv2|Transport|AES-256-CBC|DH24|False|IPv4|ICMP
IPSEC-081-05,ipsec-081-05.pcap,train,synthetic_lab_ground_truth,26160,IKEv2,ESP,Transport,IPv4,AES-256-CBC,HMAC-SHA256-128,ECDSA-Signature,Diffie-Hellman,DH24,False,True,1800,False,True,False,0xB08820D9,0x48A65803,Video,TCP/QUIC,IPv4,50,5321,1392,41,1351,2,495,103,0.26,689040,235779,453261,0.3422,3846.154,Medium,76,Medium,Medium,Perfect Forward Secrecy disabled,0.899,0.813,IKEv2|Transport|AES-256-CBC|DH24|False|IPv4|Video
IPSEC-081-06,ipsec-081-06.pcap,train,synthetic_lab_ground_truth,26160,IKEv2,ESP,Transport,IPv4,AES-256-CBC,HMAC-SHA256-128,ECDSA-Signature,Diffie-Hellman,DH24,False,False,172800,False,True,False,0xECF12E6A,0x68F17C4B,Chat,TCP,IPv4,50,1349,434,26,408,0,257,73,0.32,111538,57642,53896,0.5168,3125.0,Medium,43,Critical,Critical,Perfect Forward Secrecy disabled; Replay protection disabled; Long Security Association lifetime,0.905,0.751,IKEv2|Transport|AES-256-CBC|DH24|False|IPv4|Chat
IPSEC-081-07,ipsec-081-07.pcap,train,synthetic_lab_ground_truth,26160,IKEv2,ESP,Transport,IPv4,AES-256-CBC,HMAC-SHA256-128,ECDSA-Signature,Diffie-Hellman,DH24,False,False,3600,False,True,False,0xC0CB0335,0xE6284DD7,Web,TCP,IPv4,50,2399,1115,15,1100,0,676,68,0.46,753740,258371,495369,0.3428,2173.913,Medium,51,High,Critical,Perfect Forward Secrecy disabled; Replay protection disabled,0.906,0.769,IKEv2|Transport|AES-256-CBC|DH24|False|IPv4|Web
IPSEC-081-08,ipsec-081-08.pcap,train,synthetic_lab_ground_truth,26160,IKEv2,ESP,Transport,IPv4,AES-256-CBC,HMAC-SHA256-128,ECDSA-Signature,Diffie-Hellman,DH24,False,True,300,True,True,True,0x9B8C7585,0x6F35D826,Email,TCP,IPv4,50,536,543,43,500,2,430,82,1.01,233490,106149,127341,0.4546,990.099,Medium,76,Medium,Medium,Perfect Forward Secrecy disabled,0.939,0.771,IKEv2|Transport|AES-256-CBC|DH24|False|IPv4|Email
IPSEC-081-09,ipsec-081-09.pcap,train,synthetic_lab_ground_truth,26160,IKEv2,ESP,Transport,IPv4,AES-256-CBC,HMAC-SHA256-128,ECDSA-Signature,Diffie-Hellman,DH24,False,True,28800,False,True,False,0x94A68540,0xBC52C9F4,File-Transfer,TCP,IPv4,50,2914,1389,11,1378,0,797,235,0.48,1107033,591924,515109,0.5347,2083.333,Medium,76,Medium,Medium,Perfect Forward Secrecy disabled,0.89,0.817,IKEv2|Transport|AES-256-CBC|DH24|False|IPv4|File-Transfer
IPSEC-081-10,ipsec-081-10.pcap,train,synthetic_lab_ground_truth,26160,IKEv2,ESP,Transport,IPv4,AES-256-CBC,HMAC-SHA256-128,ECDSA-Signature,Diffie-Hellman,DH24,False,True,3600,False,True,False,0x85CBC8B1,0xE2A5756C,VoIP,UDP,IPv4,50,3119,271,22,249,0,233,74,0.09,63143,38684,24459,0.6126,10000.0,Medium,76,Medium,Medium,Perfect Forward Secrecy disabled,0.915,0.75,IKEv2|Transport|AES-256-CBC|DH24|False|IPv4|VoIP
IPSEC-081-11,ipsec-081-11.pcap,train,synthetic_lab_ground_truth,26160,IKEv2,ESP,Transport,IPv4,AES-256-CBC,HMAC-SHA256-128,ECDSA-Signature,Diffie-Hellman,DH24,False,True,1800,False,True,False,0xC027BCAA,0xF310500D,ICMP,ICMP/ICMPv6,IPv4,50,265,120,17,103,1,102,25,0.45,12240,7443,4797,0.6081,2222.222,Medium,76,Medium,Medium,Perfect Forward Secrecy disabled,0.938,0.98,IKEv2|Transport|AES-256-CBC|DH24|False|IPv4|ICMP
IPSEC-081-12,ipsec-081-12.pcap,train,synthetic_lab_ground_truth,26160,IKEv2,ESP,Transport,IPv4,AES-256-CBC,HMAC-SHA256-128,ECDSA-Signature,Diffie-Hellman,DH24,False,True,7200,False,True,False,0x264CB79A,0xE3B6AD85,Video,TCP/QUIC,IPv4,50,4487,1179,16,1163,3,544,162,0.26,641376,264998,376378,0.4132,3846.154,Medium,76,Medium,Medium,Perfect Forward Secrecy disabled,0.881,0.812,IKEv2|Transport|AES-256-CBC|DH24|False|IPv4|Video
IPSEC-081-13,ipsec-081-13.pcap,train,synthetic_lab_ground_truth,26160,IKEv2,ESP,Transport,IPv4,AES-256-CBC,HMAC-SHA256-128,ECDSA-Signature,Diffie-Hellman,DH24,False,True,7200,True,True,True,0x9B690003,0x5FE29E33,Chat,TCP,IPv4,50,1222,392,25,367,0,202,55,0.32,79184,37392,41792,0.4722,3125.0,Medium,76,Medium,Medium,Perfect Forward Secrecy disabled,0.901,0.699,IKEv2|Transport|AES-256-CBC|DH24|False|IPv4|Chat
IPSEC-081-14,ipsec-081-14.pcap,train,synthetic_lab_ground_truth,26160,IKEv2,ESP,Transport,IPv4,AES-256-CBC,HMAC-SHA256-128,ECDSA-Signature,Diffie-Hellman,DH24,False,True,7200,False,True,False,0xBBCBC118,0x9AA84139,Web,TCP,IPv4,50,1957,732,9,723,3,550,89,0.37,402600,127322,275278,0.3163,2702.703,Medium,76,Medium,Medium,Perfect Forward Secrecy disabled,0.922,0.856,IKEv2|Transport|AES-256-CBC|DH24|False|IPv4|Web
IPSEC-081-15,ipsec-081-15.pcap,validation,synthetic_lab_ground_truth,26160,IKEv2,ESP,Transport,IPv4,AES-256-CBC,HMAC-SHA256-128,ECDSA-Signature,Diffie-Hellman,DH24,False,False,28800,False,True,False,0xC7FA9022,0xE48A79E1,Email,TCP,IPv4,50,563,745,43,702,1,493,106,1.32,367285,141568,225717,0.3854,757.576,Medium,51,High,Critical,Perfect Forward Secrecy disabled; Replay protection disabled,0.906,0.784,IKEv2|Transport|AES-256-CBC|DH24|False|IPv4|Email
IPSEC-081-16,ipsec-081-16.pcap,validation,synthetic_lab_ground_truth,26160,IKEv2,ESP,Transport,IPv4,AES-256-CBC,HMAC-SHA256-128,ECDSA-Signature,Diffie-Hellman,DH24,False,True,7200,False,True,False,0x236A63A7,0xF1AF9A2B,File-Transfer,TCP,IPv4,50,3878,1647,37,1610,2,891,53,0.42,1467477,766641,700836,0.5224,2380.952,Medium,76,Medium,Medium,Perfect Forward Secrecy disabled,0.958,0.806,IKEv2|Transport|AES-256-CBC|DH24|False|IPv4|File-Transfer
IPSEC-081-17,ipsec-081-17.pcap,validation,synthetic_lab_ground_truth,26160,IKEv2,ESP,Transport,IPv4,AES-256-CBC,HMAC-SHA256-128,ECDSA-Signature,Diffie-Hellman,DH24,False,True,300,True,True,True,0xB8AF1234,0xC9FA33DB,VoIP,UDP,IPv4,50,2315,208,22,186,0,214,44,0.09,44512,28240,16272,0.6344,10000.0,Medium,76,Medium,Medium,Perfect Forward Secrecy disabled,0.924,0.799,IKEv2|Transport|AES-256-CBC|DH24|False|IPv4|VoIP
IPSEC-081-18,ipsec-081-18.pcap,test,synthetic_lab_ground_truth,26160,IKEv2,ESP,Transport,IPv4,AES-256-CBC,HMAC-SHA256-128,ECDSA-Signature,Diffie-Hellman,DH24,False,True,600,False,True,False,0xB860A11F,0x29ED734F,ICMP,ICMP/ICMPv6,IPv4,50,274,114,32,82,1,97,12,0.42,11058,5268,5790,0.4765,2380.952,Medium,76,Medium,Medium,Perfect Forward Secrecy disabled,0.904,0.936,IKEv2|Transport|AES-256-CBC|DH24|False|IPv4|ICMP
IPSEC-081-19,ipsec-081-19.pcap,test,synthetic_lab_ground_truth,26160,IKEv2,ESP,Transport,IPv4,AES-256-CBC,HMAC-SHA256-128,ECDSA-Signature,Diffie-Hellman,DH24,False,True,3600,False,True,False,0x31ED4767,0x787EF87F,Video,TCP/QUIC,IPv4,50,3902,1021,26,995,0,616,211,0.26,628936,267388,361548,0.4251,3846.154,Medium,76,Medium,Medium,Perfect Forward Secrecy disabled,0.928,0.889,IKEv2|Transport|AES-256-CBC|DH24|False|IPv4|Video
IPSEC-081-20,ipsec-081-20.pcap,test,synthetic_lab_ground_truth,26160,IKEv2,ESP,Transport,IPv4,AES-256-CBC,HMAC-SHA256-128,ECDSA-Signature,Diffie-Hellman,DH24,False,True,3600,True,True,True,0xAE97A580,0x58439CDA,Chat,TCP,IPv4,50,1250,419,13,406,1,266,62,0.34,111454,54362,57092,0.4878,2941.176,Medium,76,Medium,Medium,Perfect Forward Secrecy disabled,0.919,0.68,IKEv2|Transport|AES-256-CBC|DH24|False|IPv4|Chat
IPSEC-082-01,ipsec-082-01.pcap,train,synthetic_lab_ground_truth,26160,IKEv1,ESP,Tunnel,IPv4,AES-256-GCM,AEAD-GCM,RSA-Signature,Diffie-Hellman,DH14,False,True,300,False,True,False,0x8BADDF87,0x3FF78C42,Email,TCP,IPv4,50,721,896,17,879,0,455,53,1.24,407680,174940,232740,0.4291,806.452,Low,69,High,High,Legacy IKE version detected; Older DH group; policy review recommended; Perfect Forward Secrecy disabled,0.84,0.738,IKEv1|Tunnel|AES-256-GCM|DH14|False|IPv4|Email
IPSEC-082-02,ipsec-082-02.pcap,train,synthetic_lab_ground_truth,26160,IKEv1,ESP,Tunnel,IPv4,AES-256-GCM,AEAD-GCM,RSA-Signature,Diffie-Hellman,DH14,False,True,3600,True,True,True,0x6AECD156,0xBEAFB377,File-Transfer,TCP,IPv4,50,3715,1721,43,1678,1,748,222,0.46,1287308,529740,757568,0.4115,2173.913,Low,69,High,High,Legacy IKE version detected; Older DH group; policy review recommended; Perfect Forward Secrecy disabled,0.838,0.736,IKEv1|Tunnel|AES-256-GCM|DH14|False|IPv4|File-Transfer
IPSEC-082-03,ipsec-082-03.pcap,train,synthetic_lab_ground_truth,26160,IKEv1,ESP,Tunnel,IPv4,AES-256-GCM,AEAD-GCM,RSA-Signature,Diffie-Hellman,DH14,False,True,3600,True,True,True,0xC51E2C02,0x7EDC6157,VoIP,UDP,IPv4,50,4045,285,8,277,0,269,36,0.07,76665,45758,30907,0.5969,10000.0,Medium,69,High,High,Legacy IKE version detected; Older DH group; policy review recommended; Perfect Forward Secrecy disabled,0.816,0.79,IKEv1|Tunnel|AES-256-GCM|DH14|False|IPv4|VoIP
IPSEC-082-04,ipsec-082-04.pcap,train,synthetic_lab_ground_truth,26160,IKEv1,ESP,Tunnel,IPv4,AES-256-GCM,AEAD-GCM,RSA-Signature,Diffie-Hellman,DH14,False,True,14400,True,True,True,0x8870AF63,0x8297AF05,ICMP,ICMP/ICMPv6,IPv4,50,203,92,32,60,1,94,28,0.45,8648,2839,5809,0.3283,2222.222,Low,69,High,High,Legacy IKE version detected; Older DH group; policy review recommended; Perfect Forward Secrecy disabled,0.832,0.973,IKEv1|Tunnel|AES-256-GCM|DH14|False|IPv4|ICMP
IPSEC-082-05,ipsec-082-05.pcap,train,synthetic_lab_ground_truth,26160,IKEv1,ESP,Tunnel,IPv4,AES-256-GCM,AEAD-GCM,RSA-Signature,Diffie-Hellman,DH14,False,True,86400,True,True,True,0xBB9F7070,0x845BA71C,Video,TCP/QUIC,IPv4,50,5222,1070,11,1059,2,446,99,0.2,477220,155858,321362,0.3266,5000.0,Medium,69,High,High,Legacy IKE version detected; Older DH group; policy review recommended; Perfect Forward Secrecy disabled,0.822,0.834,IKEv1|Tunnel|AES-256-GCM|DH14|False|IPv4|Video
IPSEC-082-06,ipsec-082-06.pcap,train,synthetic_lab_ground_truth,26160,IKEv1,ESP,Tunnel,IPv4,AES-256-GCM,AEAD-GCM,RSA-Signature,Diffie-Hellman,DH14,False,True,3600,True,True,True,0xEF294115,0xC6D27F31,Chat,TCP,IPv4,50,1211,420,15,405,0,304,117,0.35,127680,64263,63417,0.5033,2857.143,Low,69,High,High,Legacy IKE version detected; Older DH group; policy review recommended; Perfect Forward Secrecy disabled,0.835,0.711,IKEv1|Tunnel|AES-256-GCM|DH14|False|IPv4|Chat
IPSEC-082-07,ipsec-082-07.pcap,train,synthetic_lab_ground_truth,26160,IKEv1,ESP,Tunnel,IPv4,AES-256-GCM,AEAD-GCM,RSA-Signature,Diffie-Hellman,DH14,False,True,86400,False,True,False,0x6FD9D959,0xB355B0D1,Web,TCP,IPv4,50,2979,1137,16,1121,2,616,179,0.38,700392,184967,515425,0.2641,2631.579,Low,69,High,High,Legacy IKE version detected; Older DH group; policy review recommended; Perfect Forward Secrecy disabled,0.802,0.813,IKEv1|Tunnel|AES-256-GCM|DH14|False|IPv4|Web
IPSEC-082-08,ipsec-082-08.pcap,train,synthetic_lab_ground_truth,26160,IKEv1,ESP,Tunnel,IPv4,AES-256-GCM,AEAD-GCM,RSA-Signature,Diffie-Hellman,DH14,False,True,600,True,True,True,0xD842E10F,0xD1F81E0D,Email,TCP,IPv4,50,688,1034,25,1009,1,453,105,1.5,468402,200785,267617,0.4287,666.667,Low,69,High,High,Legacy IKE version detected; Older DH group; policy review recommended; Perfect Forward Secrecy disabled,0.868,0.713,IKEv1|Tunnel|AES-256-GCM|DH14|False|IPv4|Email
IPSEC-082-09,ipsec-082-09.pcap,train,synthetic_lab_ground_truth,26160,IKEv1,ESP,Tunnel,IPv4,AES-256-GCM,AEAD-GCM,RSA-Signature,Diffie-Hellman,DH14,False,True,28800,False,True,False,0x8D5DC07A,0x2F3BE0A2,File-Transfer,TCP,IPv4,50,3075,1108,39,1069,1,913,175,0.36,1011604,504121,507483,0.4983,2777.778,Low,69,High,High,Legacy IKE version detected; Older DH group; policy review recommended; Perfect Forward Secrecy disabled,0.837,0.827,IKEv1|Tunnel|AES-256-GCM|DH14|False|IPv4|File-Transfer
IPSEC-082-10,ipsec-082-10.pcap,train,synthetic_lab_ground_truth,26160,IKEv1,ESP,Tunnel,IPv4,AES-256-GCM,AEAD-GCM,RSA-Signature,Diffie-Hellman,DH14,False,True,14400,False,True,False,0xD7F667B7,0xA263B9B9,VoIP,UDP,IPv4,50,1992,129,31,98,1,225,31,0.06,29025,15152,13873,0.5221,10000.0,Medium,69,High,High,Legacy IKE version detected; Older DH group; policy review recommended; Perfect Forward Secrecy disabled,0.844,0.818,IKEv1|Tunnel|AES-256-GCM|DH14|False|IPv4|VoIP
IPSEC-082-11,ipsec-082-11.pcap,train,synthetic_lab_ground_truth,26160,IKEv1,ESP,Tunnel,IPv4,AES-256-GCM,AEAD-GCM,RSA-Signature,Diffie-Hellman,DH14,False,True,28800,True,True,True,0x9CF461E7,0xB8D28F71,ICMP,ICMP/ICMPv6,IPv4,50,209,83,26,57,0,90,35,0.4,7470,3680,3790,0.4928,2500.0,Low,69,High,High,Legacy IKE version detected; Older DH group; policy review recommended; Perfect Forward Secrecy disabled,0.802,0.905,IKEv1|Tunnel|AES-256-GCM|DH14|False|IPv4|ICMP
IPSEC-082-12,ipsec-082-12.pcap,train,synthetic_lab_ground_truth,26160,IKEv1,ESP,Tunnel,IPv4,AES-256-GCM,AEAD-GCM,RSA-Signature,Diffie-Hellman,DH14,False,True,7200,True,True,True,0xE5AAE3B1,0xDBEF2875,Video,TCP/QUIC,IPv4,50,5145,1508,33,1475,0,439,102,0.29,662012,168287,493725,0.2542,3448.276,Medium,69,High,High,Legacy IKE version detected; Older DH group; policy review recommended; Perfect Forward Secrecy disabled,0.815,0.831,IKEv1|Tunnel|AES-256-GCM|DH14|False|IPv4|Video
IPSEC-082-13,ipsec-082-13.pcap,train,synthetic_lab_ground_truth,26160,IKEv1,ESP,Tunnel,IPv4,AES-256-GCM,AEAD-GCM,RSA-Signature,Diffie-Hellman,DH14,False,True,300,False,True,False,0x20453071,0xA85EDE36,Chat,TCP,IPv4,50,1165,369,14,355,0,263,65,0.32,97047,45300,51747,0.4668,3125.0,Low,69,High,High,Legacy IKE version detected; Older DH group; policy review recommended; Perfect Forward Secrecy disabled,0.822,0.666,IKEv1|Tunnel|AES-256-GCM|DH14|False|IPv4|Chat
IPSEC-082-14,ipsec-082-14.pcap,train,synthetic_lab_ground_truth,26160,IKEv1,ESP,Tunnel,IPv4,AES-256-GCM,AEAD-GCM,RSA-Signature,Diffie-Hellman,DH14,False,True,1800,False,True,False,0x51631454,0xBB76EB53,Web,TCP,IPv4,50,2221,839,20,819,0,523,100,0.38,438797,138016,300781,0.3145,2631.579,Low,69,High,High,Legacy IKE version detected; Older DH group; policy review recommended; Perfect Forward Secrecy disabled,0.829,0.791,IKEv1|Tunnel|AES-256-GCM|DH14|False|IPv4|Web
IPSEC-082-15,ipsec-082-15.pcap,validation,synthetic_lab_ground_truth,26160,IKEv1,ESP,Tunnel,IPv4,AES-256-GCM,AEAD-GCM,RSA-Signature,Diffie-Hellman,DH14,False,True,86400,False,True,False,0x85BC77E7,0x7256F437,Email,TCP,IPv4,50,622,785,41,744,1,515,208,1.26,404275,196630,207645,0.4864,793.651,Low,69,High,High,Legacy IKE version detected; Older DH group; policy review recommended; Perfect Forward Secrecy disabled,0.795,0.834,IKEv1|Tunnel|AES-256-GCM|DH14|False|IPv4|Email
IPSEC-082-16,ipsec-082-16.pcap,validation,synthetic_lab_ground_truth,26160,IKEv1,ESP,Tunnel,IPv4,AES-256-GCM,AEAD-GCM,RSA-Signature,Diffie-Hellman,DH14,False,True,14400,False,True,False,0x6FE4B1BB,0x55956AF5,File-Transfer,TCP,IPv4,50,3074,1591,21,1570,0,938,305,0.52,1492358,722607,769751,0.4842,1923.077,Low,69,High,High,Legacy IKE version detected; Older DH group; policy review recommended; Perfect Forward Secrecy disabled,0.805,0.827,IKEv1|Tunnel|AES-256-GCM|DH14|False|IPv4|File-Transfer
IPSEC-082-17,ipsec-082-17.pcap,validation,synthetic_lab_ground_truth,26160,IKEv1,ESP,Tunnel,IPv4,AES-256-GCM,AEAD-GCM,RSA-Signature,Diffie-Hellman,DH14,False,True,28800,True,True,True,0x4FDBFD9A,0x61721E82,VoIP,UDP,IPv4,50,2414,187,36,151,3,224,74,0.08,41888,19190,22698,0.4581,10000.0,Medium,69,High,High,Legacy IKE version detected; Older DH group; policy review recommended; Perfect Forward Secrecy disabled,0.82,0.812,IKEv1|Tunnel|AES-256-GCM|DH14|False|IPv4|VoIP
IPSEC-082-18,ipsec-082-18.pcap,test,synthetic_lab_ground_truth,26160,IKEv1,ESP,Tunnel,IPv4,AES-256-GCM,AEAD-GCM,RSA-Signature,Diffie-Hellman,DH14,False,True,7200,True,True,True,0x75E0FB85,0x3C9A908C,ICMP,ICMP/ICMPv6,IPv4,50,209,97,21,76,1,107,22,0.46,10379,6568,3811,0.6328,2173.913,Low,69,High,High,Legacy IKE version detected; Older DH group; policy review recommended; Perfect Forward Secrecy disabled,0.781,0.949,IKEv1|Tunnel|AES-256-GCM|DH14|False|IPv4|ICMP
IPSEC-082-19,ipsec-082-19.pcap,test,synthetic_lab_ground_truth,26160,IKEv1,ESP,Tunnel,IPv4,AES-256-GCM,AEAD-GCM,RSA-Signature,Diffie-Hellman,DH14,False,True,7200,True,True,True,0x27C62DA1,0x3F3D64D8,Video,TCP/QUIC,IPv4,50,4197,1252,8,1244,0,445,110,0.3,557140,155240,401900,0.2786,3333.333,Medium,69,High,High,Legacy IKE version detected; Older DH group; policy review recommended; Perfect Forward Secrecy disabled,0.836,0.838,IKEv1|Tunnel|AES-256-GCM|DH14|False|IPv4|Video
IPSEC-082-20,ipsec-082-20.pcap,test,synthetic_lab_ground_truth,26160,IKEv1,ESP,Tunnel,IPv4,AES-256-GCM,AEAD-GCM,RSA-Signature,Diffie-Hellman,DH14,False,False,7200,False,True,False,0xE0EDDF2D,0xAAB7BA2D,Chat,TCP,IPv4,50,1039,385,29,356,1,278,70,0.37,107030,35086,71944,0.3278,2702.703,Low,44,Critical,Critical,Legacy IKE version detected; Older DH group; policy review recommended; Perfect Forward Secrecy disabled; Replay protection disabled,0.802,0.703,IKEv1|Tunnel|AES-256-GCM|DH14|False|IPv4|Chat
IPSEC-083-01,ipsec-083-01.pcap,train,synthetic_lab_ground_truth,26160,IKEv2,ESP,Transport,IPv4,AES-128-CBC,HMAC-SHA256-128,RSA-Signature,Diffie-Hellman,DH14,True,True,600,False,True,False,0xF3542D00,0xD2BEC009,Email,TCP,IPv4,50,512,742,29,713,0,347,63,1.45,257474,144143,113331,0.5598,689.655,Medium,88,Low,Low,Older DH group; policy review recommended,0.888,0.712,IKEv2|Transport|AES-128-CBC|DH14|True|IPv4|Email
IPSEC-083-02,ipsec-083-02.pcap,train,synthetic_lab_ground_truth,26160,IKEv2,ESP,Transport,IPv4,AES-128-CBC,HMAC-SHA256-128,RSA-Signature,Diffie-Hellman,DH14,True,True,7200,True,True,True,0x56595BBB,0xBC8BB37E,File-Transfer,TCP,IPv4,50,3305,1562,8,1554,0,848,142,0.47,1324576,583106,741470,0.4402,2127.66,Medium,88,Low,Low,Older DH group; policy review recommended,0.933,0.777,IKEv2|Transport|AES-128-CBC|DH14|True|IPv4|File-Transfer
IPSEC-083-03,ipsec-083-03.pcap,train,synthetic_lab_ground_truth,26160,IKEv2,ESP,Transport,IPv4,AES-128-CBC,HMAC-SHA256-128,RSA-Signature,Diffie-Hellman,DH14,True,True,3600,True,True,True,0xB6E83E3C,0x633E34AB,VoIP,UDP,IPv4,50,2088,159,42,117,0,242,68,0.08,38478,18879,19599,0.4907,10000.0,Medium,88,Low,Low,Older DH group; policy review recommended,0.902,0.794,IKEv2|Transport|AES-128-CBC|DH14|True|IPv4|VoIP
IPSEC-083-04,ipsec-083-04.pcap,train,synthetic_lab_ground_truth,26160,IKEv2,ESP,Transport,IPv4,AES-128-CBC,HMAC-SHA256-128,RSA-Signature,Diffie-Hellman,DH14,True,True,28800,False,True,False,0x86CB6397,0x70B2F4E3,ICMP,ICMP/ICMPv6,IPv4,50,254,100,43,57,0,103,27,0.39,10300,4729,5571,0.4592,2564.103,Medium,88,Low,Low,Older DH group; policy review recommended,0.865,0.88,IKEv2|Transport|AES-128-CBC|DH14|True|IPv4|ICMP
IPSEC-083-05,ipsec-083-05.pcap,train,synthetic_lab_ground_truth,26160,IKEv2,ESP,Transport,IPv4,AES-128-CBC,HMAC-SHA256-128,RSA-Signature,Diffie-Hellman,DH14,True,True,3600,False,True,False,0x52DAA1DC,0x983DF901,Video,TCP/QUIC,IPv4,50,4523,983,30,953,1,547,162,0.22,537701,213161,324540,0.3964,4545.455,Medium,88,Low,Low,Older DH group; policy review recommended,0.876,0.826,IKEv2|Transport|AES-128-CBC|DH14|True|IPv4|Video
IPSEC-083-06,ipsec-083-06.pcap,train,synthetic_lab_ground_truth,26160,IKEv2,ESP,Transport,IPv4,AES-128-CBC,HMAC-SHA256-128,RSA-Signature,Diffie-Hellman,DH14,True,True,3600,True,True,True,0x462ACCED,0xDFCDC494,Chat,TCP,IPv4,50,1293,544,20,524,0,292,53,0.42,158848,54107,104741,0.3406,2380.952,Medium,88,Low,Low,Older DH group; policy review recommended,0.868,0.73,IKEv2|Transport|AES-128-CBC|DH14|True|IPv4|Chat
IPSEC-083-07,ipsec-083-07.pcap,train,synthetic_lab_ground_truth,26160,IKEv2,ESP,Transport,IPv4,AES-128-CBC,HMAC-SHA256-128,RSA-Signature,Diffie-Hellman,DH14,True,True,1800,True,True,True,0xA8B45884,0x313D39C1,Web,TCP,IPv4,50,2291,847,19,828,0,568,136,0.37,481096,237817,243279,0.4943,2702.703,Medium,88,Low,Low,Older DH group; policy review recommended,0.906,0.809,IKEv2|Transport|AES-128-CBC|DH14|True|IPv4|Web
IPSEC-083-08,ipsec-083-08.pcap,train,synthetic_lab_ground_truth,26160,IKEv2,ESP,Transport,IPv4,AES-128-CBC,HMAC-SHA256-128,RSA-Signature,Diffie-Hellman,DH14,True,True,28800,True,True,True,0x8EA8AAF0,0x8A53508C,Email,TCP,IPv4,50,521,685,38,647,0,466,138,1.31,319210,147413,171797,0.4618,763.359,Medium,88,Low,Low,Older DH group; policy review recommended,0.871,0.73,IKEv2|Transport|AES-128-CBC|DH14|True|IPv4|Email
IPSEC-083-09,ipsec-083-09.pcap,train,synthetic_lab_ground_truth,26160,IKEv2,ESP,Transport,IPv4,AES-128-CBC,HMAC-SHA256-128,RSA-Signature,Diffie-Hellman,DH14,True,True,14400,False,True,False,0x6184EBE7,0x997B015A,File-Transfer,TCP,IPv4,50,3558,1757,22,1735,1,925,218,0.49,1625225,977684,647541,0.6016,2040.816,Medium,88,Low,Low,Older DH group; policy review recommended,0.926,0.821,IKEv2|Transport|AES-128-CBC|DH14|True|IPv4|File-Transfer
IPSEC-083-10,ipsec-083-10.pcap,train,synthetic_lab_ground_truth,26160,IKEv2,ESP,Transport,IPv4,AES-128-CBC,HMAC-SHA256-128,RSA-Signature,Diffie-Hellman,DH14,True,True,7200,True,True,True,0x9B892F62,0xEE4B62AC,VoIP,UDP,IPv4,50,2227,165,9,156,0,224,68,0.07,36960,23806,13154,0.6441,10000.0,Medium,88,Low,Low,Older DH group; policy review recommended,0.886,0.808,IKEv2|Transport|AES-128-CBC|DH14|True|IPv4|VoIP
IPSEC-083-11,ipsec-083-11.pcap,train,synthetic_lab_ground_truth,26160,IKEv2,ESP,Transport,IPv4,AES-128-CBC,HMAC-SHA256-128,RSA-Signature,Diffie-Hellman,DH14,True,True,7200,False,True,False,0x4AF2A87B,0xF28FCA7C,ICMP,ICMP/ICMPv6,IPv4,50,260,105,31,74,0,101,26,0.4,10605,4665,5940,0.4399,2500.0,Medium,88,Low,Low,Older DH group; policy review recommended,0.902,0.882,IKEv2|Transport|AES-128-CBC|DH14|True|IPv4|ICMP
IPSEC-083-12,ipsec-083-12.pcap,train,synthetic_lab_ground_truth,26160,IKEv2,ESP,Transport,IPv4,AES-128-CBC,HMAC-SHA256-128,RSA-Signature,Diffie-Hellman,DH14,True,True,3600,False,True,False,0xB137B807,0x90E1D748,Video,TCP/QUIC,IPv4,50,5214,1453,41,1412,1,605,217,0.28,879065,185799,693266,0.2114,3571.429,Medium,88,Low,Low,Older DH group; policy review recommended,0.873,0.788,IKEv2|Transport|AES-128-CBC|DH14|True|IPv4|Video
IPSEC-083-13,ipsec-083-13.pcap,train,synthetic_lab_ground_truth,26160,IKEv2,ESP,Transport,IPv4,AES-128-CBC,HMAC-SHA256-128,RSA-Signature,Diffie-Hellman,DH14,True,True,86400,False,True,False,0x2A93871D,0x8FC5F0B8,Chat,TCP,IPv4,50,1305,388,35,353,1,266,48,0.3,103208,57164,46044,0.5539,3333.333,Medium,88,Low,Low,Older DH group; policy review recommended,0.878,0.701,IKEv2|Transport|AES-128-CBC|DH14|True|IPv4|Chat
IPSEC-083-14,ipsec-083-14.pcap,train,synthetic_lab_ground_truth,26160,IKEv2,ESP,Transport,IPv4,AES-128-CBC,HMAC-SHA256-128,RSA-Signature,Diffie-Hellman,DH14,True,False,7200,True,True,True,0x3A40D273,0x52BC56AF,Web,TCP,IPv4,50,2548,1049,11,1038,0,663,192,0.41,695487,261766,433721,0.3764,2439.024,Medium,63,High,Critical,Older DH group; policy review recommended; Replay protection disabled,0.867,0.772,IKEv2|Transport|AES-128-CBC|DH14|True|IPv4|Web
IPSEC-083-15,ipsec-083-15.pcap,validation,synthetic_lab_ground_truth,26160,IKEv2,ESP,Transport,IPv4,AES-128-CBC,HMAC-SHA256-128,RSA-Signature,Diffie-Hellman,DH14,True,False,600,False,True,False,0x9F242B91,0xB184B537,Email,TCP,IPv4,50,599,699,21,678,3,436,136,1.17,304764,122072,182692,0.4005,854.701,Medium,63,High,Critical,Older DH group; policy review recommended; Replay protection disabled,0.885,0.772,IKEv2|Transport|AES-128-CBC|DH14|True|IPv4|Email
IPSEC-083-16,ipsec-083-16.pcap,validation,synthetic_lab_ground_truth,26160,IKEv2,ESP,Transport,IPv4,AES-128-CBC,HMAC-SHA256-128,RSA-Signature,Diffie-Hellman,DH14,True,True,86400,False,True,False,0x7AB2D898,0xBB4A04D3,File-Transfer,TCP,IPv4,50,3140,1286,28,1258,0,963,197,0.41,1238418,587924,650494,0.4747,2439.024,Medium,88,Low,Low,Older DH group; policy review recommended,0.895,0.845,IKEv2|Transport|AES-128-CBC|DH14|True|IPv4|File-Transfer
IPSEC-083-17,ipsec-083-17.pcap,validation,synthetic_lab_ground_truth,26160,IKEv2,ESP,Transport,IPv4,AES-128-CBC,HMAC-SHA256-128,RSA-Signature,Diffie-Hellman,DH14,True,True,86400,False,True,False,0xDC57EBEA,0x3E1B70B6,VoIP,UDP,IPv4,50,2909,215,16,199,2,258,67,0.07,55470,33374,22096,0.6017,10000.0,Medium,88,Low,Low,Older DH group; policy review recommended,0.937,0.759,IKEv2|Transport|AES-128-CBC|DH14|True|IPv4|VoIP
IPSEC-083-18,ipsec-083-18.pcap,test,synthetic_lab_ground_truth,26160,IKEv2,ESP,Transport,IPv4,AES-128-CBC,HMAC-SHA256-128,RSA-Signature,Diffie-Hellman,DH14,True,True,3600,False,True,False,0x670DB898,0xDFE74327,ICMP,ICMP/ICMPv6,IPv4,50,257,103,19,84,0,89,21,0.4,9167,4156,5011,0.4535,2500.0,Medium,88,Low,Low,Older DH group; policy review recommended,0.905,0.971,IKEv2|Transport|AES-128-CBC|DH14|True|IPv4|ICMP
IPSEC-083-19,ipsec-083-19.pcap,test,synthetic_lab_ground_truth,26160,IKEv2,ESP,Transport,IPv4,AES-128-CBC,HMAC-SHA256-128,RSA-Signature,Diffie-Hellman,DH14,True,True,14400,False,True,False,0xE2B84972,0xA44AFD95,Video,TCP/QUIC,IPv4,50,4169,1049,31,1018,0,481,159,0.25,504569,230863,273706,0.4575,4000.0,Medium,88,Low,Low,Older DH group; policy review recommended,0.879,0.85,IKEv2|Transport|AES-128-CBC|DH14|True|IPv4|Video
IPSEC-083-20,ipsec-083-20.pcap,test,synthetic_lab_ground_truth,26160,IKEv2,ESP,Transport,IPv4,AES-128-CBC,HMAC-SHA256-128,RSA-Signature,Diffie-Hellman,DH14,True,True,14400,False,True,False,0xB1C46FA5,0x872629C3,Chat,TCP,IPv4,50,773,173,16,157,0,248,78,0.22,42904,21924,20980,0.511,4545.455,Medium,88,Low,Low,Older DH group; policy review recommended,0.913,0.7,IKEv2|Transport|AES-128-CBC|DH14|True|IPv4|Chat
IPSEC-084-01,ipsec-084-01.pcap,train,synthetic_lab_ground_truth,26160,IKEv2,ESP,Tunnel,IPv6,AES-256-CBC,HMAC-SHA1-96,RSA-Signature,Diffie-Hellman,DH24,True,True,14400,True,True,True,0x88FDE7F2,0x6FB3707E,Email,TCP,IPv6,50,652,706,41,665,1,510,149,1.08,360060,195501,164559,0.543,925.926,Low,70,Medium,High,Legacy integrity algorithm: HMAC-SHA1-96,0.869,0.74,IKEv2|Tunnel|AES-256-CBC|DH24|True|IPv6|Email
IPSEC-084-02,ipsec-084-02.pcap,train,synthetic_lab_ground_truth,26160,IKEv2,ESP,Tunnel,IPv6,AES-256-CBC,HMAC-SHA1-96,RSA-Signature,Diffie-Hellman,DH24,True,True,3600,False,True,False,0xEBF4CD86,0x9E1F03D2,File-Transfer,TCP,IPv6,50,4438,1841,18,1823,3,776,127,0.41,1428616,784687,643929,0.5493,2439.024,Low,70,Medium,High,Legacy integrity algorithm: HMAC-SHA1-96,0.877,0.77,IKEv2|Tunnel|AES-256-CBC|DH24|True|IPv6|File-Transfer
IPSEC-084-03,ipsec-084-03.pcap,train,synthetic_lab_ground_truth,26160,IKEv2,ESP,Tunnel,IPv6,AES-256-CBC,HMAC-SHA1-96,RSA-Signature,Diffie-Hellman,DH24,True,True,3600,False,True,False,0x4A400F08,0x2299EBBD,VoIP,UDP,IPv6,50,3491,283,14,269,0,212,73,0.08,59996,29355,30641,0.4893,10000.0,Medium,70,Medium,High,Legacy integrity algorithm: HMAC-SHA1-96,0.884,0.809,IKEv2|Tunnel|AES-256-CBC|DH24|True|IPv6|VoIP
IPSEC-084-04,ipsec-084-04.pcap,train,synthetic_lab_ground_truth,26160,IKEv2,ESP,Tunnel,IPv6,AES-256-CBC,HMAC-SHA1-96,RSA-Signature,Diffie-Hellman,DH24,True,True,7200,False,True,False,0xA327517C,0xAE8C0825,ICMP,ICMP/ICMPv6,IPv6,50,259,107,19,88,1,99,26,0.41,10593,4507,6086,0.4256,2439.024,Low,70,Medium,High,Legacy integrity algorithm: HMAC-SHA1-96,0.868,0.901,IKEv2|Tunnel|AES-256-CBC|DH24|True|IPv6|ICMP
IPSEC-084-05,ipsec-084-05.pcap,train,synthetic_lab_ground_truth,26160,IKEv2,ESP,Tunnel,IPv6,AES-256-CBC,HMAC-SHA1-96,RSA-Signature,Diffie-Hellman,DH24,True,True,3600,False,True,False,0x9E586A4B,0xAF797631,Video,TCP/QUIC,IPv6,50,4087,1134,42,1092,0,508,142,0.28,576072,166068,410004,0.2883,3571.429,Medium,70,Medium,High,Legacy integrity algorithm: HMAC-SHA1-96,0.901,0.872,IKEv2|Tunnel|AES-256-CBC|DH24|True|IPv6|Video
IPSEC-084-06,ipsec-084-06.pcap,train,synthetic_lab_ground_truth,26160,IKEv2,ESP,Tunnel,IPv6,AES-256-CBC,HMAC-SHA1-96,RSA-Signature,Diffie-Hellman,DH24,True,True,86400,True,True,True,0x86607A75,0x59468F82,Chat,TCP,IPv6,50,926,354,30,324,1,267,73,0.38,94518,39614,54904,0.4191,2631.579,Low,70,Medium,High,Legacy integrity algorithm: HMAC-SHA1-96,0.902,0.751,IKEv2|Tunnel|AES-256-CBC|DH24|True|IPv6|Chat
IPSEC-084-07,ipsec-084-07.pcap,train,synthetic_lab_ground_truth,26160,IKEv2,ESP,Tunnel,IPv6,AES-256-CBC,HMAC-SHA1-96,RSA-Signature,Diffie-Hellman,DH24,True,True,3600,False,True,False,0xF1972B86,0x4A97F25C,Web,TCP,IPv6,50,2172,814,39,775,0,574,180,0.37,467236,209902,257334,0.4492,2702.703,Low,70,Medium,High,Legacy integrity algorithm: HMAC-SHA1-96,0.897,0.852,IKEv2|Tunnel|AES-256-CBC|DH24|True|IPv6|Web
IPSEC-084-08,ipsec-084-08.pcap,train,synthetic_lab_ground_truth,26160,IKEv2,ESP,Tunnel,IPv6,AES-256-CBC,HMAC-SHA1-96,RSA-Signature,Diffie-Hellman,DH24,True,True,86400,False,True,False,0xC3280DAC,0x3D153977,Email,TCP,IPv6,50,828,992,39,953,0,549,203,1.2,544608,310143,234465,0.5695,833.333,Low,70,Medium,High,Legacy integrity algorithm: HMAC-SHA1-96,0.895,0.751,IKEv2|Tunnel|AES-256-CBC|DH24|True|IPv6|Email
IPSEC-084-09,ipsec-084-09.pcap,train,synthetic_lab_ground_truth,26160,IKEv2,ESP,Tunnel,IPv6,AES-256-CBC,HMAC-SHA1-96,RSA-Signature,Diffie-Hellman,DH24,True,True,172800,False,True,False,0xED5ED8E6,0x5B794CC6,File-Transfer,TCP,IPv6,50,3435,1636,23,1613,0,976,236,0.48,1596736,743334,853402,0.4655,2083.333,Low,62,High,High,Legacy integrity algorithm: HMAC-SHA1-96; Long Security Association lifetime,0.88,0.825,IKEv2|Tunnel|AES-256-CBC|DH24|True|IPv6|File-Transfer
IPSEC-084-10,ipsec-084-10.pcap,train,synthetic_lab_ground_truth,26160,IKEv2,ESP,Tunnel,IPv6,AES-256-CBC,HMAC-SHA1-96,RSA-Signature,Diffie-Hellman,DH24,True,True,3600,False,True,False,0x60E180F8,0xA2F96AAA,VoIP,UDP,IPv6,50,2091,163,19,144,0,269,69,0.08,43847,26463,17384,0.6035,10000.0,Medium,70,Medium,High,Legacy integrity algorithm: HMAC-SHA1-96,0.946,0.818,IKEv2|Tunnel|AES-256-CBC|DH24|True|IPv6|VoIP
IPSEC-084-11,ipsec-084-11.pcap,train,synthetic_lab_ground_truth,26160,IKEv2,ESP,Tunnel,IPv6,AES-256-CBC,HMAC-SHA1-96,RSA-Signature,Diffie-Hellman,DH24,True,True,7200,False,True,False,0xBBFD19B8,0xC3A453C6,ICMP,ICMP/ICMPv6,IPv6,50,183,69,34,35,1,96,25,0.38,6624,3726,2898,0.5626,2631.579,Low,70,Medium,High,Legacy integrity algorithm: HMAC-SHA1-96,0.893,0.958,IKEv2|Tunnel|AES-256-CBC|DH24|True|IPv6|ICMP
IPSEC-084-12,ipsec-084-12.pcap,train,synthetic_lab_ground_truth,26160,IKEv2,ESP,Tunnel,IPv6,AES-256-CBC,HMAC-SHA1-96,RSA-Signature,Diffie-Hellman,DH24,True,True,600,False,True,False,0xA392BD12,0x45CC5675,Video,TCP/QUIC,IPv6,50,3099,943,27,916,1,541,106,0.3,510163,166692,343471,0.3267,3333.333,Medium,70,Medium,High,Legacy integrity algorithm: HMAC-SHA1-96,0.919,0.891,IKEv2|Tunnel|AES-256-CBC|DH24|True|IPv6|Video
IPSEC-084-13,ipsec-084-13.pcap,train,synthetic_lab_ground_truth,26160,IKEv2,ESP,Tunnel,IPv6,AES-256-CBC,HMAC-SHA1-96,RSA-Signature,Diffie-Hellman,DH24,True,True,7200,False,True,False,0xE6FE3011,0x1B5A82C7,Chat,TCP,IPv6,50,1184,423,9,414,1,268,53,0.36,113364,39994,73370,0.3528,2777.778,Low,70,Medium,High,Legacy integrity algorithm: HMAC-SHA1-96,0.896,0.721,IKEv2|Tunnel|AES-256-CBC|DH24|True|IPv6|Chat
IPSEC-084-14,ipsec-084-14.pcap,train,synthetic_lab_ground_truth,26160,IKEv2,ESP,Tunnel,IPv6,AES-256-CBC,HMAC-SHA1-96,RSA-Signature,Diffie-Hellman,DH24,True,True,7200,True,True,True,0x55D4F233,0x450DA437,Web,TCP,IPv6,50,2290,947,12,935,0,569,177,0.41,538843,185661,353182,0.3446,2439.024,Low,70,Medium,High,Legacy integrity algorithm: HMAC-SHA1-96,0.914,0.762,IKEv2|Tunnel|AES-256-CBC|DH24|True|IPv6|Web
IPSEC-084-15,ipsec-084-15.pcap,validation,synthetic_lab_ground_truth,26160,IKEv2,ESP,Tunnel,IPv6,AES-256-CBC,HMAC-SHA1-96,RSA-Signature,Diffie-Hellman,DH24,True,True,600,False,True,False,0x3D6CB7B5,0xA18B975D,Email,TCP,IPv6,50,476,690,42,648,1,453,142,1.45,312570,87730,224840,0.2807,689.655,Low,70,Medium,High,Legacy integrity algorithm: HMAC-SHA1-96,0.833,0.712,IKEv2|Tunnel|AES-256-CBC|DH24|True|IPv6|Email
IPSEC-084-16,ipsec-084-16.pcap,validation,synthetic_lab_ground_truth,26160,IKEv2,ESP,Tunnel,IPv6,AES-256-CBC,HMAC-SHA1-96,RSA-Signature,Diffie-Hellman,DH24,True,True,86400,False,True,False,0xDF6FEFCA,0x330296F0,File-Transfer,TCP,IPv6,50,4139,1879,14,1865,0,860,239,0.45,1615940,771869,844071,0.4777,2222.222,Low,70,Medium,High,Legacy integrity algorithm: HMAC-SHA1-96,0.893,0.852,IKEv2|Tunnel|AES-256-CBC|DH24|True|IPv6|File-Transfer
IPSEC-084-17,ipsec-084-17.pcap,validation,synthetic_lab_ground_truth,26160,IKEv2,ESP,Tunnel,IPv6,AES-256-CBC,HMAC-SHA1-96,RSA-Signature,Diffie-Hellman,DH24,True,False,86400,True,True,True,0xDBD7EB23,0x7C6714E6,VoIP,UDP,IPv6,50,2332,202,21,181,0,258,63,0.09,52116,29981,22135,0.5753,10000.0,Medium,45,Critical,Critical,Legacy integrity algorithm: HMAC-SHA1-96; Replay protection disabled,0.879,0.799,IKEv2|Tunnel|AES-256-CBC|DH24|True|IPv6|VoIP
IPSEC-084-18,ipsec-084-18.pcap,test,synthetic_lab_ground_truth,26160,IKEv2,ESP,Tunnel,IPv6,AES-256-CBC,HMAC-SHA1-96,RSA-Signature,Diffie-Hellman,DH24,True,True,14400,False,True,False,0x653C90FD,0x84EC51B7,ICMP,ICMP/ICMPv6,IPv6,50,236,105,24,81,0,93,19,0.44,9765,4465,5300,0.4573,2272.727,Low,70,Medium,High,Legacy integrity algorithm: HMAC-SHA1-96,0.872,0.966,IKEv2|Tunnel|AES-256-CBC|DH24|True|IPv6|ICMP
IPSEC-084-19,ipsec-084-19.pcap,test,synthetic_lab_ground_truth,26160,IKEv2,ESP,Tunnel,IPv6,AES-256-CBC,HMAC-SHA1-96,RSA-Signature,Diffie-Hellman,DH24,True,True,14400,False,True,False,0x648A5CB7,0x23200159,Video,TCP/QUIC,IPv6,50,3144,837,25,812,0,534,114,0.27,446958,180998,265960,0.405,3703.704,Medium,70,Medium,High,Legacy integrity algorithm: HMAC-SHA1-96,0.887,0.761,IKEv2|Tunnel|AES-256-CBC|DH24|True|IPv6|Video
IPSEC-084-20,ipsec-084-20.pcap,test,synthetic_lab_ground_truth,26160,IKEv2,ESP,Tunnel,IPv6,AES-256-CBC,HMAC-SHA1-96,RSA-Signature,Diffie-Hellman,DH24,True,True,3600,True,True,True,0xAE6377E9,0xF9F5DAAF,Chat,TCP,IPv6,50,1363,470,34,436,1,288,75,0.34,135360,74852,60508,0.553,2941.176,Low,70,Medium,High,Legacy integrity algorithm: HMAC-SHA1-96,0.928,0.739,IKEv2|Tunnel|AES-256-CBC|DH24|True|IPv6|Chat
IPSEC-085-01,ipsec-085-01.pcap,train,synthetic_lab_ground_truth,26160,IKEv2,ESP,Transport,IPv4,AES-256-GCM,AEAD-GCM,RSA-Signature,Diffie-Hellman,DH14,True,True,7200,True,True,True,0x185A0010,0xF3C62634,Email,TCP,IPv4,50,555,646,12,634,0,365,119,1.16,235790,110025,125765,0.4666,862.069,Medium,96,Low,Low,Older DH group; policy review recommended,0.942,0.717,IKEv2|Transport|AES-256-GCM|DH14|True|IPv4|Email
IPSEC-085-02,ipsec-085-02.pcap,train,synthetic_lab_ground_truth,26160,IKEv2,ESP,Transport,IPv4,AES-256-GCM,AEAD-GCM,RSA-Signature,Diffie-Hellman,DH14,True,True,7200,False,True,False,0x683C24D8,0x53F371BB,File-Transfer,TCP,IPv4,50,3414,1387,12,1375,1,894,218,0.41,1239978,560138,679840,0.4517,2439.024,Medium,96,Low,Low,Older DH group; policy review recommended,0.929,0.855,IKEv2|Transport|AES-256-GCM|DH14|True|IPv4|File-Transfer
IPSEC-085-03,ipsec-085-03.pcap,train,synthetic_lab_ground_truth,26160,IKEv2,ESP,Transport,IPv4,AES-256-GCM,AEAD-GCM,RSA-Signature,Diffie-Hellman,DH14,True,True,300,False,True,False,0x4E09A778,0x4587FF8E,VoIP,UDP,IPv4,50,2388,197,20,177,0,207,68,0.08,40779,14103,26676,0.3459,10000.0,Medium,96,Low,Low,Older DH group; policy review recommended,0.914,0.779,IKEv2|Transport|AES-256-GCM|DH14|True|IPv4|VoIP
IPSEC-085-04,ipsec-085-04.pcap,train,synthetic_lab_ground_truth,26160,IKEv2,ESP,Transport,IPv4,AES-256-GCM,AEAD-GCM,RSA-Signature,Diffie-Hellman,DH14,True,True,600,True,True,True,0xC5A55117,0xD9340AD8,ICMP,ICMP/ICMPv6,IPv4,50,224,84,33,51,0,101,17,0.38,8484,4037,4447,0.4758,2631.579,Medium,96,Low,Low,Older DH group; policy review recommended,0.966,0.954,IKEv2|Transport|AES-256-GCM|DH14|True|IPv4|ICMP
IPSEC-085-05,ipsec-085-05.pcap,train,synthetic_lab_ground_truth,26160,IKEv2,ESP,Transport,IPv4,AES-256-GCM,AEAD-GCM,RSA-Signature,Diffie-Hellman,DH14,True,True,3600,True,True,True,0x20946A0C,0xAFFC87ED,Video,TCP/QUIC,IPv4,50,6014,1736,13,1723,1,578,215,0.29,1003408,178193,825215,0.1776,3448.276,Medium,96,Low,Low,Older DH group; policy review recommended,0.939,0.832,IKEv2|Transport|AES-256-GCM|DH14|True|IPv4|Video
IPSEC-085-06,ipsec-085-06.pcap,train,synthetic_lab_ground_truth,26160,IKEv2,ESP,Transport,IPv4,AES-256-GCM,AEAD-GCM,RSA-Signature,Diffie-Hellman,DH14,True,True,7200,False,True,False,0xFF8A38E8,0x8FF2EC3C,Chat,TCP,IPv4,50,1430,439,14,425,1,274,57,0.31,120286,63165,57121,0.5251,3225.806,Medium,96,Low,Low,Older DH group; policy review recommended,0.976,0.682,IKEv2|Transport|AES-256-GCM|DH14|True|IPv4|Chat
IPSEC-085-07,ipsec-085-07.pcap,train,synthetic_lab_ground_truth,26160,IKEv2,ESP,Transport,IPv4,AES-256-GCM,AEAD-GCM,RSA-Signature,Diffie-Hellman,DH14,True,True,1800,False,True,False,0xAFA5C920,0x122992F2,Web,TCP,IPv4,50,1986,879,13,866,1,479,115,0.44,421041,133137,287904,0.3162,2272.727,Medium,96,Low,Low,Older DH group; policy review recommended,0.93,0.774,IKEv2|Transport|AES-256-GCM|DH14|True|IPv4|Web
IPSEC-085-08,ipsec-085-08.pcap,train,synthetic_lab_ground_truth,26160,IKEv2,ESP,Transport,IPv4,AES-256-GCM,AEAD-GCM,RSA-Signature,Diffie-Hellman,DH14,True,True,600,False,True,False,0xCE3242F7,0x19A2C11D,Email,TCP,IPv4,50,564,772,15,757,3,355,58,1.37,274060,168521,105539,0.6149,729.927,Medium,96,Low,Low,Older DH group; policy review recommended,0.926,0.717,IKEv2|Transport|AES-256-GCM|DH14|True|IPv4|Email
IPSEC-085-09,ipsec-085-09.pcap,train,synthetic_lab_ground_truth,26160,IKEv2,ESP,Transport,IPv4,AES-256-GCM,AEAD-GCM,RSA-Signature,Diffie-Hellman,DH14,True,True,3600,False,True,False,0x4614F8D5,0xEF7F4F8B,File-Transfer,TCP,IPv4,50,2775,1404,20,1384,0,915,166,0.51,1284660,618489,666171,0.4814,1960.784,Medium,96,Low,Low,Older DH group; policy review recommended,0.966,0.784,IKEv2|Transport|AES-256-GCM|DH14|True|IPv4|File-Transfer
IPSEC-085-10,ipsec-085-10.pcap,train,synthetic_lab_ground_truth,26160,IKEv2,ESP,Transport,IPv4,AES-256-GCM,AEAD-GCM,RSA-Signature,Diffie-Hellman,DH14,True,True,86400,False,True,False,0x16800134,0xF5697329,VoIP,UDP,IPv4,50,2276,248,13,235,0,229,41,0.11,56792,29572,27220,0.5207,9090.909,Medium,96,Low,Low,Older DH group; policy review recommended,0.954,0.763,IKEv2|Transport|AES-256-GCM|DH14|True|IPv4|VoIP
IPSEC-085-11,ipsec-085-11.pcap,train,synthetic_lab_ground_truth,26160,IKEv2,ESP,Transport,IPv4,AES-256-GCM,AEAD-GCM,RSA-Signature,Diffie-Hellman,DH14,True,False,14400,True,True,True,0xF8777E5C,0x7CBC8DB4,ICMP,ICMP/ICMPv6,IPv4,50,224,96,10,86,0,94,18,0.43,9024,5287,3737,0.5859,2325.581,Medium,71,Medium,Critical,Older DH group; policy review recommended; Replay protection disabled,0.931,0.932,IKEv2|Transport|AES-256-GCM|DH14|True|IPv4|ICMP
IPSEC-085-12,ipsec-085-12.pcap,train,synthetic_lab_ground_truth,26160,IKEv2,ESP,Transport,IPv4,AES-256-GCM,AEAD-GCM,RSA-Signature,Diffie-Hellman,DH14,True,True,14400,True,True,True,0xF89E61FA,0xE4FF80F0,Video,TCP/QUIC,IPv4,50,4943,1259,18,1241,0,515,108,0.25,648385,162604,485781,0.2508,4000.0,Medium,96,Low,Low,Older DH group; policy review recommended,0.942,0.85,IKEv2|Transport|AES-256-GCM|DH14|True|IPv4|Video
IPSEC-085-13,ipsec-085-13.pcap,train,synthetic_lab_ground_truth,26160,IKEv2,ESP,Transport,IPv4,AES-256-GCM,AEAD-GCM,RSA-Signature,Diffie-Hellman,DH14,True,True,7200,False,True,False,0x4C23A2B2,0xAD166FF7,Chat,TCP,IPv4,50,968,358,13,345,0,235,62,0.37,84130,44861,39269,0.5332,2702.703,Medium,96,Low,Low,Older DH group; policy review recommended,0.935,0.743,IKEv2|Transport|AES-256-GCM|DH14|True|IPv4|Chat
IPSEC-085-14,ipsec-085-14.pcap,train,synthetic_lab_ground_truth,26160,IKEv2,ESP,Transport,IPv4,AES-256-GCM,AEAD-GCM,RSA-Signature,Diffie-Hellman,DH14,True,True,1800,True,True,True,0xEDCD8ABC,0x92BB60CE,Web,TCP,IPv4,50,2555,1021,10,1011,1,537,205,0.4,548277,182739,365538,0.3333,2500.0,Medium,96,Low,Low,Older DH group; policy review recommended,0.944,0.858,IKEv2|Transport|AES-256-GCM|DH14|True|IPv4|Web
IPSEC-085-15,ipsec-085-15.pcap,validation,synthetic_lab_ground_truth,26160,IKEv2,ESP,Transport,IPv4,AES-256-GCM,AEAD-GCM,RSA-Signature,Diffie-Hellman,DH14,True,True,3600,False,True,False,0xA8BB9F50,0x28C8A441,Email,TCP,IPv4,50,529,686,10,676,0,432,136,1.3,296352,191542,104810,0.6463,769.231,Medium,96,Low,Low,Older DH group; policy review recommended,0.968,0.703,IKEv2|Transport|AES-256-GCM|DH14|True|IPv4|Email
IPSEC-085-16,ipsec-085-16.pcap,validation,synthetic_lab_ground_truth,26160,IKEv2,ESP,Transport,IPv4,AES-256-GCM,AEAD-GCM,RSA-Signature,Diffie-Hellman,DH14,True,True,28800,True,True,True,0xC97322D8,0x7AE8F604,File-Transfer,TCP,IPv4,50,3268,1427,41,1386,1,1031,221,0.44,1471237,607667,863570,0.413,2272.727,Medium,96,Low,Low,Older DH group; policy review recommended,0.931,0.746,IKEv2|Transport|AES-256-GCM|DH14|True|IPv4|File-Transfer
IPSEC-085-17,ipsec-085-17.pcap,validation,synthetic_lab_ground_truth,26160,IKEv2,ESP,Transport,IPv4,AES-256-GCM,AEAD-GCM,RSA-Signature,Diffie-Hellman,DH14,True,True,3600,False,True,False,0x2C9B37C9,0xE1F3348F,VoIP,UDP,IPv4,50,2068,174,25,149,0,228,56,0.08,39672,23352,16320,0.5886,10000.0,Medium,96,Low,Low,Older DH group; policy review recommended,0.969,0.796,IKEv2|Transport|AES-256-GCM|DH14|True|IPv4|VoIP
IPSEC-085-18,ipsec-085-18.pcap,test,synthetic_lab_ground_truth,26160,IKEv2,ESP,Transport,IPv4,AES-256-GCM,AEAD-GCM,RSA-Signature,Diffie-Hellman,DH14,True,True,14400,True,True,True,0x73FB2389,0x37E5EDC7,ICMP,ICMP/ICMPv6,IPv4,50,284,107,27,80,1,78,18,0.38,8346,4438,3908,0.5318,2631.579,Medium,96,Low,Low,Older DH group; policy review recommended,0.969,0.98,IKEv2|Transport|AES-256-GCM|DH14|True|IPv4|ICMP
IPSEC-085-19,ipsec-085-19.pcap,test,synthetic_lab_ground_truth,26160,IKEv2,ESP,Transport,IPv4,AES-256-GCM,AEAD-GCM,RSA-Signature,Diffie-Hellman,DH14,True,True,86400,False,True,False,0x5003C289,0x91036E71,Video,TCP/QUIC,IPv4,50,2502,649,9,640,0,574,116,0.26,372526,126574,245952,0.3398,3846.154,Medium,96,Low,Low,Older DH group; policy review recommended,0.947,0.876,IKEv2|Transport|AES-256-GCM|DH14|True|IPv4|Video
IPSEC-085-20,ipsec-085-20.pcap,test,synthetic_lab_ground_truth,26160,IKEv2,ESP,Transport,IPv4,AES-256-GCM,AEAD-GCM,RSA-Signature,Diffie-Hellman,DH14,True,True,14400,True,True,True,0x4330A8C0,0x7C25CDEF,Chat,TCP,IPv4,50,1284,400,35,365,2,196,41,0.31,78400,45983,32417,0.5865,3225.806,Medium,96,Low,Low,Older DH group; policy review recommended,0.926,0.774,IKEv2|Transport|AES-256-GCM|DH14|True|IPv4|Chat
IPSEC-086-01,ipsec-086-01.pcap,train,synthetic_lab_ground_truth,26160,IKEv1,ESP,Tunnel,IPv6,AES-256-GCM,AEAD-GCM,RSA-Signature,Diffie-Hellman,DH19,False,True,14400,False,True,False,0xF1919CDC,0xFC1FFC90,Email,TCP,IPv6,50,703,719,40,679,0,437,128,1.02,314203,190470,123733,0.6062,980.392,Low,73,Medium,High,Legacy IKE version detected; Perfect Forward Secrecy disabled,0.848,0.749,IKEv1|Tunnel|AES-256-GCM|DH19|False|IPv6|Email
IPSEC-086-02,ipsec-086-02.pcap,train,synthetic_lab_ground_truth,26160,IKEv1,ESP,Tunnel,IPv6,AES-256-GCM,AEAD-GCM,RSA-Signature,Diffie-Hellman,DH19,False,True,1800,False,True,False,0x700D10A3,0x73D4726C,File-Transfer,TCP,IPv6,50,2383,841,12,829,1,767,228,0.35,645047,240189,404858,0.3724,2857.143,Low,73,Medium,High,Legacy IKE version detected; Perfect Forward Secrecy disabled,0.795,0.815,IKEv1|Tunnel|AES-256-GCM|DH19|False|IPv6|File-Transfer
IPSEC-086-03,ipsec-086-03.pcap,train,synthetic_lab_ground_truth,26160,IKEv1,ESP,Tunnel,IPv6,AES-256-GCM,AEAD-GCM,RSA-Signature,Diffie-Hellman,DH19,False,True,3600,False,True,False,0x6C8F18EF,0xF8039EAB,VoIP,UDP,IPv6,50,2843,243,9,234,0,198,31,0.09,48114,21271,26843,0.4421,10000.0,Medium,73,Medium,High,Legacy IKE version detected; Perfect Forward Secrecy disabled,0.86,0.778,IKEv1|Tunnel|AES-256-GCM|DH19|False|IPv6|VoIP
IPSEC-086-04,ipsec-086-04.pcap,train,synthetic_lab_ground_truth,26160,IKEv1,ESP,Tunnel,IPv6,AES-256-GCM,AEAD-GCM,RSA-Signature,Diffie-Hellman,DH19,False,True,3600,False,True,False,0x85956AEF,0x1117BED9,ICMP,ICMP/ICMPv6,IPv6,50,219,78,37,41,0,99,17,0.36,7722,3071,4651,0.3977,2777.778,Low,73,Medium,High,Legacy IKE version detected; Perfect Forward Secrecy disabled,0.875,0.882,IKEv1|Tunnel|AES-256-GCM|DH19|False|IPv6|ICMP
IPSEC-086-05,ipsec-086-05.pcap,train,synthetic_lab_ground_truth,26160,IKEv1,ESP,Tunnel,IPv6,AES-256-GCM,AEAD-GCM,RSA-Signature,Diffie-Hellman,DH19,False,True,3600,False,True,False,0xDCEEDB6B,0xACF7D168,Video,TCP/QUIC,IPv6,50,5845,1506,42,1464,0,556,174,0.26,837336,223276,614060,0.2667,3846.154,Medium,73,Medium,High,Legacy IKE version detected; Perfect Forward Secrecy disabled,0.814,0.922,IKEv1|Tunnel|AES-256-GCM|DH19|False|IPv6|Video
IPSEC-086-06,ipsec-086-06.pcap,train,synthetic_lab_ground_truth,26160,IKEv1,ESP,Tunnel,IPv6,AES-256-GCM,AEAD-GCM,RSA-Signature,Diffie-Hellman,DH19,False,True,86400,True,True,True,0xCD6AC32F,0xFDB9CB93,Chat,TCP,IPv6,50,1160,463,20,443,1,312,99,0.4,144456,68230,76226,0.4723,2500.0,Low,73,Medium,High,Legacy IKE version detected; Perfect Forward Secrecy disabled,0.821,0.734,IKEv1|Tunnel|AES-256-GCM|DH19|False|IPv6|Chat
IPSEC-086-07,ipsec-086-07.pcap,train,synthetic_lab_ground_truth,26160,IKEv1,ESP,Tunnel,IPv6,AES-256-GCM,AEAD-GCM,RSA-Signature,Diffie-Hellman,DH19,False,True,7200,True,True,True,0x6DA0EDCA,0x3CB75C6F,Web,TCP,IPv6,50,2125,979,17,962,0,544,113,0.46,532576,224378,308198,0.4213,2173.913,Low,73,Medium,High,Legacy IKE version detected; Perfect Forward Secrecy disabled,0.842,0.78,IKEv1|Tunnel|AES-256-GCM|DH19|False|IPv6|Web
IPSEC-086-08,ipsec-086-08.pcap,train,synthetic_lab_ground_truth,26160,IKEv1,ESP,Tunnel,IPv6,AES-256-GCM,AEAD-GCM,RSA-Signature,Diffie-Hellman,DH19,False,True,14400,False,True,False,0xD95E8DAF,0xB0EC8EC8,Email,TCP,IPv6,50,760,917,43,874,3,448,134,1.21,410816,255320,155496,0.6215,826.446,Low,73,Medium,High,Legacy IKE version detected; Perfect Forward Secrecy disabled,0.859,0.789,IKEv1|Tunnel|AES-256-GCM|DH19|False|IPv6|Email
IPSEC-086-09,ipsec-086-09.pcap,train,synthetic_lab_ground_truth,26160,IKEv1,ESP,Tunnel,IPv6,AES-256-GCM,AEAD-GCM,RSA-Signature,Diffie-Hellman,DH19,False,True,14400,True,True,True,0x2724ADC5,0x5F863F61,File-Transfer,TCP,IPv6,50,2893,1278,38,1240,1,999,199,0.44,1276722,652918,623804,0.5114,2272.727,Low,73,Medium,High,Legacy IKE version detected; Perfect Forward Secrecy disabled,0.777,0.77,IKEv1|Tunnel|AES-256-GCM|DH19|False|IPv6|File-Transfer
IPSEC-086-10,ipsec-086-10.pcap,train,synthetic_lab_ground_truth,26160,IKEv1,ESP,Tunnel,IPv6,AES-256-GCM,AEAD-GCM,RSA-Signature,Diffie-Hellman,DH19,False,True,7200,True,True,True,0xA6D957FC,0x31378BA5,VoIP,UDP,IPv6,50,3119,271,9,262,1,233,69,0.09,63143,35197,27946,0.5574,10000.0,Medium,73,Medium,High,Legacy IKE version detected; Perfect Forward Secrecy disabled,0.81,0.8,IKEv1|Tunnel|AES-256-GCM|DH19|False|IPv6|VoIP
IPSEC-086-11,ipsec-086-11.pcap,train,synthetic_lab_ground_truth,26160,IKEv1,ESP,Tunnel,IPv6,AES-256-GCM,AEAD-GCM,RSA-Signature,Diffie-Hellman,DH19,False,True,3600,False,True,False,0x96FF6F49,0x56F3C6BF,ICMP,ICMP/ICMPv6,IPv6,50,224,68,13,55,0,88,16,0.3,5984,3393,2591,0.5672,3333.333,Low,73,Medium,High,Legacy IKE version detected; Perfect Forward Secrecy disabled,0.777,0.94,IKEv1|Tunnel|AES-256-GCM|DH19|False|IPv6|ICMP
IPSEC-086-12,ipsec-086-12.pcap,train,synthetic_lab_ground_truth,26160,IKEv1,ESP,Tunnel,IPv6,AES-256-GCM,AEAD-GCM,RSA-Signature,Diffie-Hellman,DH19,False,False,14400,False,True,False,0x76E4BFF3,0xDD53F5EE,Video,TCP/QUIC,IPv6,50,5241,1365,37,1328,0,484,97,0.26,660660,231981,428679,0.3511,3846.154,Medium,48,Critical,Critical,Legacy IKE version detected; Perfect Forward Secrecy disabled; Replay protection disabled,0.803,0.861,IKEv1|Tunnel|AES-256-GCM|DH19|False|IPv6|Video
IPSEC-086-13,ipsec-086-13.pcap,train,synthetic_lab_ground_truth,26160,IKEv1,ESP,Tunnel,IPv6,AES-256-GCM,AEAD-GCM,RSA-Signature,Diffie-Hellman,DH19,False,True,28800,False,True,False,0x9A8CFB5C,0x299A7A88,Chat,TCP,IPv6,50,1507,506,10,496,1,231,40,0.34,116886,67383,49503,0.5765,2941.176,Low,73,Medium,High,Legacy IKE version detected; Perfect Forward Secrecy disabled,0.849,0.714,IKEv1|Tunnel|AES-256-GCM|DH19|False|IPv6|Chat
IPSEC-086-14,ipsec-086-14.pcap,train,synthetic_lab_ground_truth,26160,IKEv1,ESP,Tunnel,IPv6,AES-256-GCM,AEAD-GCM,RSA-Signature,Diffie-Hellman,DH19,False,True,7200,False,True,False,0x3072286F,0x95431810,Web,TCP,IPv6,50,2188,907,37,870,0,649,140,0.41,588643,240634,348009,0.4088,2439.024,Low,73,Medium,High,Legacy IKE version detected; Perfect Forward Secrecy disabled,0.861,0.851,IKEv1|Tunnel|AES-256-GCM|DH19|False|IPv6|Web
IPSEC-086-15,ipsec-086-15.pcap,validation,synthetic_lab_ground_truth,26160,IKEv1,ESP,Tunnel,IPv6,AES-256-GCM,AEAD-GCM,RSA-Signature,Diffie-Hellman,DH19,False,True,3600,True,True,True,0xED5C3336,0xD17CCB6E,Email,TCP,IPv6,50,482,674,40,634,1,412,93,1.4,277688,118664,159024,0.4273,714.286,Low,73,Medium,High,Legacy IKE version detected; Perfect Forward Secrecy disabled,0.819,0.746,IKEv1|Tunnel|AES-256-GCM|DH19|False|IPv6|Email
IPSEC-086-16,ipsec-086-16.pcap,validation,synthetic_lab_ground_truth,26160,IKEv1,ESP,Tunnel,IPv6,AES-256-GCM,AEAD-GCM,RSA-Signature,Diffie-Hellman,DH19,False,True,28800,False,True,False,0x4FC2BB3E,0x299D1C5B,File-Transfer,TCP,IPv6,50,2641,1183,23,1160,1,761,225,0.45,900263,322853,577410,0.3586,2222.222,Low,73,Medium,High,Legacy IKE version detected; Perfect Forward Secrecy disabled,0.817,0.847,IKEv1|Tunnel|AES-256-GCM|DH19|False|IPv6|File-Transfer
IPSEC-086-17,ipsec-086-17.pcap,validation,synthetic_lab_ground_truth,26160,IKEv1,ESP,Tunnel,IPv6,AES-256-GCM,AEAD-GCM,RSA-Signature,Diffie-Hellman,DH19,False,True,3600,False,True,False,0x79181A3C,0x46E899B3,VoIP,UDP,IPv6,50,1502,117,12,105,1,254,67,0.08,29718,18230,11488,0.6135,10000.0,Medium,73,Medium,High,Legacy IKE version detected; Perfect Forward Secrecy disabled,0.802,0.798,IKEv1|Tunnel|AES-256-GCM|DH19|False|IPv6|VoIP
IPSEC-086-18,ipsec-086-18.pcap,test,synthetic_lab_ground_truth,26160,IKEv1,ESP,Tunnel,IPv6,AES-256-GCM,AEAD-GCM,RSA-Signature,Diffie-Hellman,DH19,False,True,86400,False,True,False,0x5A84D3BD,0xBBFE0B29,ICMP,ICMP/ICMPv6,IPv6,50,241,106,41,65,1,106,34,0.44,11236,5951,5285,0.5297,2272.727,Low,73,Medium,High,Legacy IKE version detected; Perfect Forward Secrecy disabled,0.845,0.872,IKEv1|Tunnel|AES-256-GCM|DH19|False|IPv6|ICMP
IPSEC-086-19,ipsec-086-19.pcap,test,synthetic_lab_ground_truth,26160,IKEv1,ESP,Tunnel,IPv6,AES-256-GCM,AEAD-GCM,RSA-Signature,Diffie-Hellman,DH19,False,True,14400,True,True,True,0xA9B22DB3,0x824B2794,Video,TCP/QUIC,IPv6,50,3223,957,10,947,1,561,133,0.3,536877,231594,305283,0.4314,3333.333,Medium,73,Medium,High,Legacy IKE version detected; Perfect Forward Secrecy disabled,0.797,0.858,IKEv1|Tunnel|AES-256-GCM|DH19|False|IPv6|Video
IPSEC-086-20,ipsec-086-20.pcap,test,synthetic_lab_ground_truth,26160,IKEv1,ESP,Tunnel,IPv6,AES-256-GCM,AEAD-GCM,RSA-Signature,Diffie-Hellman,DH19,False,True,1800,False,True,False,0xDB8AB845,0x76ED5A12,Chat,TCP,IPv6,50,1277,353,31,322,0,284,46,0.28,100252,45741,54511,0.4563,3571.429,Low,73,Medium,High,Legacy IKE version detected; Perfect Forward Secrecy disabled,0.811,0.714,IKEv1|Tunnel|AES-256-GCM|DH19|False|IPv6|Chat
IPSEC-087-01,ipsec-087-01.pcap,train,synthetic_lab_ground_truth,26160,IKEv1,ESP,Tunnel,IPv4,AES-128-GCM,AEAD-GCM,PSK,Diffie-Hellman,DH24,False,True,1800,True,True,True,0x5A0B9408,0x1F19DC67,Email,TCP,IPv4,50,517,568,34,534,1,509,160,1.1,289112,142070,147042,0.4914,909.091,Low,63,High,High,Legacy IKE version detected; Perfect Forward Secrecy disabled,0.857,0.825,IKEv1|Tunnel|AES-128-GCM|DH24|False|IPv4|Email
IPSEC-087-02,ipsec-087-02.pcap,train,synthetic_lab_ground_truth,26160,IKEv1,ESP,Tunnel,IPv4,AES-128-GCM,AEAD-GCM,PSK,Diffie-Hellman,DH24,False,True,1800,True,True,True,0xCAF8DEDC,0xC5645808,File-Transfer,TCP,IPv4,50,3029,1401,38,1363,0,991,260,0.46,1388391,729987,658404,0.5258,2173.913,Low,63,High,High,Legacy IKE version detected; Perfect Forward Secrecy disabled,0.812,0.88,IKEv1|Tunnel|AES-128-GCM|DH24|False|IPv4|File-Transfer
IPSEC-087-03,ipsec-087-03.pcap,train,synthetic_lab_ground_truth,26160,IKEv1,ESP,Tunnel,IPv4,AES-128-GCM,AEAD-GCM,PSK,Diffie-Hellman,DH24,False,True,3600,True,True,True,0xA0EDEBA2,0x3C727133,VoIP,UDP,IPv4,50,2923,222,34,188,1,198,43,0.08,43956,20579,23377,0.4682,10000.0,Medium,63,High,High,Legacy IKE version detected; Perfect Forward Secrecy disabled,0.828,0.785,IKEv1|Tunnel|AES-128-GCM|DH24|False|IPv4|VoIP
IPSEC-087-04,ipsec-087-04.pcap,train,synthetic_lab_ground_truth,26160,IKEv1,ESP,Tunnel,IPv4,AES-128-GCM,AEAD-GCM,PSK,Diffie-Hellman,DH24,False,True,28800,False,True,False,0x25B0E340,0xB6685CE9,ICMP,ICMP/ICMPv6,IPv4,50,232,91,40,51,0,87,16,0.39,7917,4851,3066,0.6128,2564.103,Low,63,High,High,Legacy IKE version detected; Perfect Forward Secrecy disabled,0.776,0.899,IKEv1|Tunnel|AES-128-GCM|DH24|False|IPv4|ICMP
IPSEC-087-05,ipsec-087-05.pcap,train,synthetic_lab_ground_truth,26160,IKEv1,ESP,Tunnel,IPv4,AES-128-GCM,AEAD-GCM,PSK,Diffie-Hellman,DH24,False,True,14400,True,True,True,0x36B1E5EB,0xCB96D0CA,Video,TCP/QUIC,IPv4,50,5322,1415,27,1388,0,579,184,0.27,819285,231052,588233,0.282,3703.704,Medium,63,High,High,Legacy IKE version detected; Perfect Forward Secrecy disabled,0.821,0.843,IKEv1|Tunnel|AES-128-GCM|DH24|False|IPv4|Video
IPSEC-087-06,ipsec-087-06.pcap,train,synthetic_lab_ground_truth,26160,IKEv1,ESP,Tunnel,IPv4,AES-128-GCM,AEAD-GCM,PSK,Diffie-Hellman,DH24,False,True,7200,False,True,False,0x6DF3606E,0xDAA55290,Chat,TCP,IPv4,50,1156,379,26,353,2,223,62,0.33,84517,47090,37427,0.5572,3030.303,Low,63,High,High,Legacy IKE version detected; Perfect Forward Secrecy disabled,0.854,0.718,IKEv1|Tunnel|AES-128-GCM|DH24|False|IPv4|Chat
IPSEC-087-07,ipsec-087-07.pcap,train,synthetic_lab_ground_truth,26160,IKEv1,ESP,Tunnel,IPv4,AES-128-GCM,AEAD-GCM,PSK,Diffie-Hellman,DH24,False,True,86400,False,True,False,0x4A40F8DE,0x74749516,Web,TCP,IPv4,50,2695,1105,33,1072,0,583,164,0.41,644215,273124,371091,0.424,2439.024,Low,63,High,High,Legacy IKE version detected; Perfect Forward Secrecy disabled,0.819,0.787,IKEv1|Tunnel|AES-128-GCM|DH24|False|IPv4|Web
IPSEC-087-08,ipsec-087-08.pcap,train,synthetic_lab_ground_truth,26160,IKEv1,ESP,Tunnel,IPv4,AES-128-GCM,AEAD-GCM,PSK,Diffie-Hellman,DH24,False,True,7200,True,True,True,0x35BA0189,0x662568F9,Email,TCP,IPv4,50,523,666,10,656,1,426,107,1.27,283716,142557,141159,0.5025,787.402,Low,63,High,High,Legacy IKE version detected; Perfect Forward Secrecy disabled,0.814,0.749,IKEv1|Tunnel|AES-128-GCM|DH24|False|IPv4|Email
IPSEC-087-09,ipsec-087-09.pcap,train,synthetic_lab_ground_truth,26160,IKEv1,ESP,Tunnel,IPv4,AES-128-GCM,AEAD-GCM,PSK,Diffie-Hellman,DH24,False,True,14400,False,True,False,0x1E5D5390,0xEE4CE784,File-Transfer,TCP,IPv4,50,2355,1201,19,1182,1,741,144,0.51,889941,433497,456444,0.4871,1960.784,Low,63,High,High,Legacy IKE version detected; Perfect Forward Secrecy disabled,0.809,0.813,IKEv1|Tunnel|AES-128-GCM|DH24|False|IPv4|File-Transfer
IPSEC-087-10,ipsec-087-10.pcap,train,synthetic_lab_ground_truth,26160,IKEv1,ESP,Tunnel,IPv4,AES-128-GCM,AEAD-GCM,PSK,Diffie-Hellman,DH24,False,True,7200,False,True,False,0xE95F25A0,0x3419602E,VoIP,UDP,IPv4,50,2517,225,36,189,1,219,53,0.09,49275,26703,22572,0.5419,10000.0,Medium,63,High,High,Legacy IKE version detected; Perfect Forward Secrecy disabled,0.84,0.771,IKEv1|Tunnel|AES-128-GCM|DH24|False|IPv4|VoIP
IPSEC-087-11,ipsec-087-11.pcap,train,synthetic_lab_ground_truth,26160,IKEv1,ESP,Tunnel,IPv4,AES-128-GCM,AEAD-GCM,PSK,Diffie-Hellman,DH24,False,True,14400,False,True,False,0xA218BD81,0x847B417A,ICMP,ICMP/ICMPv6,IPv4,50,277,114,43,71,0,82,26,0.41,9348,4566,4782,0.4885,2439.024,Low,63,High,High,Legacy IKE version detected; Perfect Forward Secrecy disabled,0.824,0.938,IKEv1|Tunnel|AES-128-GCM|DH24|False|IPv4|ICMP
IPSEC-087-12,ipsec-087-12.pcap,train,synthetic_lab_ground_truth,26160,IKEv1,ESP,Tunnel,IPv4,AES-128-GCM,AEAD-GCM,PSK,Diffie-Hellman,DH24,False,True,14400,True,True,True,0x6CAEA990,0x7A1B47A2,Video,TCP/QUIC,IPv4,50,4717,1231,30,1201,0,442,135,0.26,544102,189391,354711,0.3481,3846.154,Medium,63,High,High,Legacy IKE version detected; Perfect Forward Secrecy disabled,0.8,0.825,IKEv1|Tunnel|AES-128-GCM|DH24|False|IPv4|Video
IPSEC-087-13,ipsec-087-13.pcap,train,synthetic_lab_ground_truth,26160,IKEv1,ESP,Tunnel,IPv4,AES-128-GCM,AEAD-GCM,PSK,Diffie-Hellman,DH24,False,True,28800,False,True,False,0x2575BC8A,0xDF5EC358,Chat,TCP,IPv4,50,1053,409,31,378,0,228,76,0.39,93252,44750,48502,0.4799,2564.103,Low,63,High,High,Legacy IKE version detected; Perfect Forward Secrecy disabled,0.822,0.671,IKEv1|Tunnel|AES-128-GCM|DH24|False|IPv4|Chat
IPSEC-087-14,ipsec-087-14.pcap,train,synthetic_lab_ground_truth,26160,IKEv1,ESP,Tunnel,IPv4,AES-128-GCM,AEAD-GCM,PSK,Diffie-Hellman,DH24,False,True,3600,False,True,False,0xF50B0CEB,0xCACB0DDB,Web,TCP,IPv4,50,2176,973,27,946,1,439,99,0.45,427147,191653,235494,0.4487,2222.222,Low,63,High,High,Legacy IKE version detected; Perfect Forward Secrecy disabled,0.786,0.803,IKEv1|Tunnel|AES-128-GCM|DH24|False|IPv4|Web
IPSEC-087-15,ipsec-087-15.pcap,validation,synthetic_lab_ground_truth,26160,IKEv1,ESP,Tunnel,IPv4,AES-128-GCM,AEAD-GCM,PSK,Diffie-Hellman,DH24,False,True,7200,False,True,False,0x752B6EB8,0x83498B72,Email,TCP,IPv4,50,616,761,31,730,1,486,54,1.24,369846,169285,200561,0.4577,806.452,Low,63,High,High,Legacy IKE version detected; Perfect Forward Secrecy disabled,0.852,0.732,IKEv1|Tunnel|AES-128-GCM|DH24|False|IPv4|Email
IPSEC-087-16,ipsec-087-16.pcap,validation,synthetic_lab_ground_truth,26160,IKEv1,ESP,Tunnel,IPv4,AES-128-GCM,AEAD-GCM,PSK,Diffie-Hellman,DH24,False,True,7200,True,True,True,0x103D0C15,0x39B551CD,File-Transfer,TCP,IPv4,50,3548,1626,23,1603,0,795,144,0.46,1292670,773852,518818,0.5986,2173.913,Low,63,High,High,Legacy IKE version detected; Perfect Forward Secrecy disabled,0.833,0.821,IKEv1|Tunnel|AES-128-GCM|DH24|False|IPv4|File-Transfer
IPSEC-087-17,ipsec-087-17.pcap,validation,synthetic_lab_ground_truth,26160,IKEv1,ESP,Tunnel,IPv4,AES-128-GCM,AEAD-GCM,PSK,Diffie-Hellman,DH24,False,True,28800,False,True,False,0x3AD213BA,0x3E0DE18A,VoIP,UDP,IPv4,50,2092,142,31,111,1,219,53,0.07,31098,17258,13840,0.555,10000.0,Medium,63,High,High,Legacy IKE version detected; Perfect Forward Secrecy disabled,0.831,0.778,IKEv1|Tunnel|AES-128-GCM|DH24|False|IPv4|VoIP
IPSEC-087-18,ipsec-087-18.pcap,test,synthetic_lab_ground_truth,26160,IKEv1,ESP,Tunnel,IPv4,AES-128-GCM,AEAD-GCM,PSK,Diffie-Hellman,DH24,False,True,7200,True,True,True,0x90630A6B,0xACD7C47B,ICMP,ICMP/ICMPv6,IPv4,50,288,128,12,116,0,102,22,0.44,13056,7343,5713,0.5624,2272.727,Low,63,High,High,Legacy IKE version detected; Perfect Forward Secrecy disabled,0.798,0.858,IKEv1|Tunnel|AES-128-GCM|DH24|False|IPv4|ICMP
IPSEC-087-19,ipsec-087-19.pcap,test,synthetic_lab_ground_truth,26160,IKEv1,ESP,Tunnel,IPv4,AES-128-GCM,AEAD-GCM,PSK,Diffie-Hellman,DH24,False,True,3600,False,True,False,0xE48E95F4,0x6140F0F1,Video,TCP/QUIC,IPv4,50,4680,1146,41,1105,0,587,167,0.24,672702,194577,478125,0.2892,4166.667,Medium,63,High,High,Legacy IKE version detected; Perfect Forward Secrecy disabled,0.796,0.873,IKEv1|Tunnel|AES-128-GCM|DH24|False|IPv4|Video
IPSEC-087-20,ipsec-087-20.pcap,test,synthetic_lab_ground_truth,26160,IKEv1,ESP,Tunnel,IPv4,AES-128-GCM,AEAD-GCM,PSK,Diffie-Hellman,DH24,False,True,1800,False,True,False,0xEE9409C1,0x3B2D0BA4,Chat,TCP,IPv4,50,1406,485,34,451,0,236,83,0.34,114460,71430,43030,0.6241,2941.176,Low,63,High,High,Legacy IKE version detected; Perfect Forward Secrecy disabled,0.814,0.758,IKEv1|Tunnel|AES-128-GCM|DH24|False|IPv4|Chat
IPSEC-088-01,ipsec-088-01.pcap,train,synthetic_lab_ground_truth,26160,IKEv2,ESP,Transport,IPv6,AES-256-GCM,AEAD-GCM,PSK,Diffie-Hellman,DH24,True,True,7200,True,True,True,0x4E2F842C,0xEDDC9F1F,Email,TCP,IPv6,50,470,562,31,531,2,374,93,1.2,210188,110321,99867,0.5249,833.333,Medium,90,Low,Informational,No major policy violations detected,0.898,0.739,IKEv2|Transport|AES-256-GCM|DH24|True|IPv6|Email
IPSEC-088-02,ipsec-088-02.pcap,train,synthetic_lab_ground_truth,26160,IKEv2,ESP,Transport,IPv6,AES-256-GCM,AEAD-GCM,PSK,Diffie-Hellman,DH24,True,True,3600,True,True,True,0x5380CBB2,0xE447659F,File-Transfer,TCP,IPv6,50,3924,1988,30,1958,0,824,113,0.51,1638112,581138,1056974,0.3548,1960.784,Medium,90,Low,Informational,No major policy violations detected,0.93,0.818,IKEv2|Transport|AES-256-GCM|DH24|True|IPv6|File-Transfer
IPSEC-088-03,ipsec-088-03.pcap,train,synthetic_lab_ground_truth,26160,IKEv2,ESP,Transport,IPv6,AES-256-GCM,AEAD-GCM,PSK,Diffie-Hellman,DH24,True,True,172800,False,True,False,0x64843237,0xFACD9002,VoIP,UDP,IPv6,50,1904,172,26,146,0,214,58,0.09,36808,19309,17499,0.5246,10000.0,Medium,82,Medium,Medium,Long Security Association lifetime,0.932,0.829,IKEv2|Transport|AES-256-GCM|DH24|True|IPv6|VoIP
IPSEC-088-04,ipsec-088-04.pcap,train,synthetic_lab_ground_truth,26160,IKEv2,ESP,Transport,IPv6,AES-256-GCM,AEAD-GCM,PSK,Diffie-Hellman,DH24,True,True,14400,False,True,False,0x71AAED6D,0x2415E432,ICMP,ICMP/ICMPv6,IPv6,50,205,94,26,68,1,73,23,0.46,6862,4331,2531,0.6312,2173.913,Medium,90,Low,Informational,No major policy violations detected,0.94,0.868,IKEv2|Transport|AES-256-GCM|DH24|True|IPv6|ICMP
IPSEC-088-05,ipsec-088-05.pcap,train,synthetic_lab_ground_truth,26160,IKEv2,ESP,Transport,IPv6,AES-256-GCM,AEAD-GCM,PSK,Diffie-Hellman,DH24,True,True,172800,True,True,True,0x1CC7AC8C,0x74321E34,Video,TCP/QUIC,IPv6,50,2640,709,44,665,0,453,95,0.27,321177,117171,204006,0.3648,3703.704,Medium,82,Medium,Medium,Long Security Association lifetime,0.881,0.83,IKEv2|Transport|AES-256-GCM|DH24|True|IPv6|Video
IPSEC-088-06,ipsec-088-06.pcap,train,synthetic_lab_ground_truth,26160,IKEv2,ESP,Transport,IPv6,AES-256-GCM,AEAD-GCM,PSK,Diffie-Hellman,DH24,True,True,600,False,True,False,0x8E1F095E,0xE937B0D4,Chat,TCP,IPv6,50,1493,583,12,571,0,209,67,0.39,121847,66468,55379,0.5455,2564.103,Medium,90,Low,Informational,No major policy violations detected,0.944,0.712,IKEv2|Transport|AES-256-GCM|DH24|True|IPv6|Chat
IPSEC-088-07,ipsec-088-07.pcap,train,synthetic_lab_ground_truth,26160,IKEv2,ESP,Transport,IPv6,AES-256-GCM,AEAD-GCM,PSK,Diffie-Hellman,DH24,True,True,3600,False,True,False,0x48FEAF53,0x2BB8A13C,Web,TCP,IPv6,50,2565,1018,13,1005,0,585,155,0.4,595530,184121,411409,0.3092,2500.0,Medium,90,Low,Informational,No major policy violations detected,0.904,0.803,IKEv2|Transport|AES-256-GCM|DH24|True|IPv6|Web
IPSEC-088-08,ipsec-088-08.pcap,train,synthetic_lab_ground_truth,26160,IKEv2,ESP,Transport,IPv6,AES-256-GCM,AEAD-GCM,PSK,Diffie-Hellman,DH24,True,True,172800,False,True,False,0x3770C227,0x9CBA3EE9,Email,TCP,IPv6,50,488,617,33,584,2,508,151,1.26,313436,117901,195535,0.3762,793.651,Medium,82,Medium,Medium,Long Security Association lifetime,0.931,0.688,IKEv2|Transport|AES-256-GCM|DH24|True|IPv6|Email
IPSEC-088-09,ipsec-088-09.pcap,train,synthetic_lab_ground_truth,26160,IKEv2,ESP,Transport,IPv6,AES-256-GCM,AEAD-GCM,PSK,Diffie-Hellman,DH24,True,True,14400,True,True,True,0x1E700C60,0xAAAB45E6,File-Transfer,TCP,IPv6,50,3076,1196,24,1172,1,1078,147,0.39,1289288,889190,400098,0.6897,2564.103,Medium,90,Low,Informational,No major policy violations detected,0.918,0.846,IKEv2|Transport|AES-256-GCM|DH24|True|IPv6|File-Transfer
IPSEC-088-10,ipsec-088-10.pcap,train,synthetic_lab_ground_truth,26160,IKEv2,ESP,Transport,IPv6,AES-256-GCM,AEAD-GCM,PSK,Diffie-Hellman,DH24,True,False,1800,True,True,True,0x9354FC4D,0x2656F787,VoIP,UDP,IPv6,50,2136,200,21,179,3,210,22,0.09,42000,27470,14530,0.6541,10000.0,Medium,65,High,Critical,Replay protection disabled,0.886,0.757,IKEv2|Transport|AES-256-GCM|DH24|True|IPv6|VoIP
IPSEC-088-11,ipsec-088-11.pcap,train,synthetic_lab_ground_truth,26160,IKEv2,ESP,Transport,IPv6,AES-256-GCM,AEAD-GCM,PSK,Diffie-Hellman,DH24,True,True,1800,False,True,False,0x8AA7CBAF,0x9F880A01,ICMP,ICMP/ICMPv6,IPv6,50,232,96,19,77,1,95,31,0.41,9120,4060,5060,0.4453,2439.024,Medium,90,Low,Informational,No major policy violations detected,0.935,0.881,IKEv2|Transport|AES-256-GCM|DH24|True|IPv6|ICMP
IPSEC-088-12,ipsec-088-12.pcap,train,synthetic_lab_ground_truth,26160,IKEv2,ESP,Transport,IPv6,AES-256-GCM,AEAD-GCM,PSK,Diffie-Hellman,DH24,True,True,3600,False,True,False,0xAEAC9749,0x1C7ADAD1,Video,TCP/QUIC,IPv6,50,5808,1442,40,1402,0,480,126,0.25,692160,283891,408269,0.4102,4000.0,Medium,90,Low,Informational,No major policy violations detected,0.95,0.867,IKEv2|Transport|AES-256-GCM|DH24|True|IPv6|Video
IPSEC-088-13,ipsec-088-13.pcap,train,synthetic_lab_ground_truth,26160,IKEv2,ESP,Transport,IPv6,AES-256-GCM,AEAD-GCM,PSK,Diffie-Hellman,DH24,True,True,14400,True,True,True,0x4631ADC2,0x545C176B,Chat,TCP,IPv6,50,1153,396,10,386,2,222,49,0.34,87912,56828,31084,0.6464,2941.176,Medium,90,Low,Informational,No major policy violations detected,0.945,0.74,IKEv2|Transport|AES-256-GCM|DH24|True|IPv6|Chat
IPSEC-088-14,ipsec-088-14.pcap,train,synthetic_lab_ground_truth,26160,IKEv2,ESP,Transport,IPv6,AES-256-GCM,AEAD-GCM,PSK,Diffie-Hellman,DH24,True,True,600,False,True,False,0x103A83EB,0x12004624,Web,TCP,IPv6,50,1548,596,11,585,1,528,140,0.39,314688,94982,219706,0.3018,2564.103,Medium,90,Low,Informational,No major policy violations detected,0.979,0.811,IKEv2|Transport|AES-256-GCM|DH24|True|IPv6|Web
IPSEC-088-15,ipsec-088-15.pcap,validation,synthetic_lab_ground_truth,26160,IKEv2,ESP,Transport,IPv6,AES-256-GCM,AEAD-GCM,PSK,Diffie-Hellman,DH24,True,True,3600,False,True,False,0xF1DDDE66,0xEF471040,Email,TCP,IPv6,50,675,848,34,814,0,502,168,1.26,425696,255464,170232,0.6001,793.651,Medium,90,Low,Informational,No major policy violations detected,0.92,0.854,IKEv2|Transport|AES-256-GCM|DH24|True|IPv6|Email
IPSEC-088-16,ipsec-088-16.pcap,validation,synthetic_lab_ground_truth,26160,IKEv2,ESP,Transport,IPv6,AES-256-GCM,AEAD-GCM,PSK,Diffie-Hellman,DH24,True,True,86400,False,True,False,0xDC79795D,0xEF04AEB5,File-Transfer,TCP,IPv6,50,2848,1151,39,1112,1,991,261,0.4,1140641,641339,499302,0.5623,2500.0,Medium,90,Low,Informational,No major policy violations detected,0.924,0.808,IKEv2|Transport|AES-256-GCM|DH24|True|IPv6|File-Transfer
IPSEC-088-17,ipsec-088-17.pcap,validation,synthetic_lab_ground_truth,26160,IKEv2,ESP,Transport,IPv6,AES-256-GCM,AEAD-GCM,PSK,Diffie-Hellman,DH24,True,True,86400,True,True,True,0x608A3E64,0x3C472FD0,VoIP,UDP,IPv6,50,3430,275,29,246,1,193,45,0.08,53075,31977,21098,0.6025,10000.0,Medium,90,Low,Informational,No major policy violations detected,0.987,0.816,IKEv2|Transport|AES-256-GCM|DH24|True|IPv6|VoIP
IPSEC-088-18,ipsec-088-18.pcap,test,synthetic_lab_ground_truth,26160,IKEv2,ESP,Transport,IPv6,AES-256-GCM,AEAD-GCM,PSK,Diffie-Hellman,DH24,True,True,86400,True,True,True,0x96E205E7,0x4649A745,ICMP,ICMP/ICMPv6,IPv6,50,237,105,11,94,0,91,28,0.44,9555,5413,4142,0.5665,2272.727,Medium,90,Low,Informational,No major policy violations detected,0.929,0.86,IKEv2|Transport|AES-256-GCM|DH24|True|IPv6|ICMP
IPSEC-088-19,ipsec-088-19.pcap,test,synthetic_lab_ground_truth,26160,IKEv2,ESP,Transport,IPv6,AES-256-GCM,AEAD-GCM,PSK,Diffie-Hellman,DH24,True,True,1800,False,True,False,0xBD3E664A,0xE02B44A3,Video,TCP/QUIC,IPv6,50,5090,1349,19,1330,2,423,125,0.27,570627,229165,341462,0.4016,3703.704,Medium,90,Low,Informational,No major policy violations detected,0.968,0.888,IKEv2|Transport|AES-256-GCM|DH24|True|IPv6|Video
IPSEC-088-20,ipsec-088-20.pcap,test,synthetic_lab_ground_truth,26160,IKEv2,ESP,Transport,IPv6,AES-256-GCM,AEAD-GCM,PSK,Diffie-Hellman,DH24,True,True,14400,False,True,False,0xDC09F714,0xA7DEB1A7,Chat,TCP,IPv6,50,1334,356,10,346,0,292,98,0.27,103952,47887,56065,0.4607,3703.704,Medium,90,Low,Informational,No major policy violations detected,0.939,0.683,IKEv2|Transport|AES-256-GCM|DH24|True|IPv6|Chat
IPSEC-089-01,ipsec-089-01.pcap,train,synthetic_lab_ground_truth,26160,IKEv1,ESP,Transport,IPv6,AES-256-GCM,AEAD-GCM,PSK,Diffie-Hellman,DH24,True,True,7200,True,True,True,0x10512C28,0xDFC2725D,Email,TCP,IPv6,50,672,843,27,816,1,411,45,1.25,346473,155088,191385,0.4476,800.0,Medium,75,Medium,High,Legacy IKE version detected,0.787,0.716,IKEv1|Transport|AES-256-GCM|DH24|True|IPv6|Email
IPSEC-089-02,ipsec-089-02.pcap,train,synthetic_lab_ground_truth,26160,IKEv1,ESP,Transport,IPv6,AES-256-GCM,AEAD-GCM,PSK,Diffie-Hellman,DH24,True,True,300,True,True,True,0xFFD16EA5,0xBEB80826,File-Transfer,TCP,IPv6,50,2641,1050,20,1030,0,823,139,0.4,864150,377316,486834,0.4366,2500.0,Medium,75,Medium,High,Legacy IKE version detected,0.856,0.794,IKEv1|Transport|AES-256-GCM|DH24|True|IPv6|File-Transfer
IPSEC-089-03,ipsec-089-03.pcap,train,synthetic_lab_ground_truth,26160,IKEv1,ESP,Transport,IPv6,AES-256-GCM,AEAD-GCM,PSK,Diffie-Hellman,DH24,True,True,600,True,True,True,0xE561F935,0x9E0FD111,VoIP,UDP,IPv6,50,3192,253,41,212,1,202,66,0.08,51106,22960,28146,0.4493,10000.0,Medium,75,Medium,High,Legacy IKE version detected,0.815,0.78,IKEv1|Transport|AES-256-GCM|DH24|True|IPv6|VoIP
IPSEC-089-04,ipsec-089-04.pcap,train,synthetic_lab_ground_truth,26160,IKEv1,ESP,Transport,IPv6,AES-256-GCM,AEAD-GCM,PSK,Diffie-Hellman,DH24,True,True,14400,True,True,True,0xE32B1D34,0x1281BB50,ICMP,ICMP/ICMPv6,IPv6,50,214,86,21,65,0,91,29,0.4,7826,4939,2887,0.6312,2500.0,Medium,75,Medium,High,Legacy IKE version detected,0.82,0.954,IKEv1|Transport|AES-256-GCM|DH24|True|IPv6|ICMP
IPSEC-089-05,ipsec-089-05.pcap,train,synthetic_lab_ground_truth,26160,IKEv1,ESP,Transport,IPv6,AES-256-GCM,AEAD-GCM,PSK,Diffie-Hellman,DH24,True,True,28800,True,True,True,0x4CAE3B0E,0x311BCAB8,Video,TCP/QUIC,IPv6,50,4660,1268,22,1246,1,602,123,0.27,763336,264889,498447,0.347,3703.704,Medium,75,Medium,High,Legacy IKE version detected,0.781,0.862,IKEv1|Transport|AES-256-GCM|DH24|True|IPv6|Video
IPSEC-089-06,ipsec-089-06.pcap,train,synthetic_lab_ground_truth,26160,IKEv1,ESP,Transport,IPv6,AES-256-GCM,AEAD-GCM,PSK,Diffie-Hellman,DH24,True,True,28800,True,True,True,0x9BF1500C,0xCE546B24,Chat,TCP,IPv6,50,1276,408,22,386,0,265,86,0.32,108120,61047,47073,0.5646,3125.0,Medium,75,Medium,High,Legacy IKE version detected,0.822,0.719,IKEv1|Transport|AES-256-GCM|DH24|True|IPv6|Chat
IPSEC-089-07,ipsec-089-07.pcap,train,synthetic_lab_ground_truth,26160,IKEv1,ESP,Transport,IPv6,AES-256-GCM,AEAD-GCM,PSK,Diffie-Hellman,DH24,True,False,7200,False,True,False,0xBBA332C7,0x6C111CA4,Web,TCP,IPv6,50,1441,576,24,552,3,495,102,0.4,285120,67797,217323,0.2378,2500.0,Medium,50,High,Critical,Legacy IKE version detected; Replay protection disabled,0.76,0.804,IKEv1|Transport|AES-256-GCM|DH24|True|IPv6|Web
IPSEC-089-08,ipsec-089-08.pcap,train,synthetic_lab_ground_truth,26160,IKEv1,ESP,Transport,IPv6,AES-256-GCM,AEAD-GCM,PSK,Diffie-Hellman,DH24,True,True,86400,False,True,False,0x2DF5C68F,0xCBB4571A,Email,TCP,IPv6,50,488,697,44,653,0,541,91,1.43,377077,167325,209752,0.4437,699.301,Medium,75,Medium,High,Legacy IKE version detected,0.81,0.713,IKEv1|Transport|AES-256-GCM|DH24|True|IPv6|Email
IPSEC-089-09,ipsec-089-09.pcap,train,synthetic_lab_ground_truth,26160,IKEv1,ESP,Transport,IPv6,AES-256-GCM,AEAD-GCM,PSK,Diffie-Hellman,DH24,True,True,86400,True,True,True,0xCFD246F4,0x7366472B,File-Transfer,TCP,IPv6,50,3021,1317,17,1300,0,939,220,0.44,1236663,835121,401542,0.6753,2272.727,Medium,75,Medium,High,Legacy IKE version detected,0.812,0.848,IKEv1|Transport|AES-256-GCM|DH24|True|IPv6|File-Transfer
IPSEC-089-10,ipsec-089-10.pcap,train,synthetic_lab_ground_truth,26160,IKEv1,ESP,Transport,IPv6,AES-256-GCM,AEAD-GCM,PSK,Diffie-Hellman,DH24,True,True,3600,False,True,False,0x9C35E4F9,0x1E479DD0,VoIP,UDP,IPv6,50,3167,257,42,215,1,191,49,0.08,49087,24492,24595,0.499,10000.0,Medium,75,Medium,High,Legacy IKE version detected,0.811,0.812,IKEv1|Transport|AES-256-GCM|DH24|True|IPv6|VoIP
IPSEC-089-11,ipsec-089-11.pcap,train,synthetic_lab_ground_truth,26160,IKEv1,ESP,Transport,IPv6,AES-256-GCM,AEAD-GCM,PSK,Diffie-Hellman,DH24,True,True,3600,True,True,True,0x38FE9498,0xE3FC2BF1,ICMP,ICMP/ICMPv6,IPv6,50,214,95,27,68,1,88,24,0.44,8360,3928,4432,0.4699,2272.727,Medium,75,Medium,High,Legacy IKE version detected,0.823,0.961,IKEv1|Transport|AES-256-GCM|DH24|True|IPv6|ICMP
IPSEC-089-12,ipsec-089-12.pcap,train,synthetic_lab_ground_truth,26160,IKEv1,ESP,Transport,IPv6,AES-256-GCM,AEAD-GCM,PSK,Diffie-Hellman,DH24,True,True,14400,False,True,False,0xE9A8892D,0x85AB372F,Video,TCP/QUIC,IPv6,50,3521,1036,27,1009,0,524,100,0.29,542864,162274,380590,0.2989,3448.276,Medium,75,Medium,High,Legacy IKE version detected,0.815,0.845,IKEv1|Transport|AES-256-GCM|DH24|True|IPv6|Video
IPSEC-089-13,ipsec-089-13.pcap,train,synthetic_lab_ground_truth,26160,IKEv1,ESP,Transport,IPv6,AES-256-GCM,AEAD-GCM,PSK,Diffie-Hellman,DH24,True,False,7200,False,True,False,0x88A43040,0x9EA7B42D,Chat,TCP,IPv6,50,752,288,16,272,3,204,34,0.38,58752,24179,34573,0.4115,2631.579,Medium,50,High,Critical,Legacy IKE version detected; Replay protection disabled,0.763,0.705,IKEv1|Transport|AES-256-GCM|DH24|True|IPv6|Chat
IPSEC-089-14,ipsec-089-14.pcap,train,synthetic_lab_ground_truth,26160,IKEv1,ESP,Transport,IPv6,AES-256-GCM,AEAD-GCM,PSK,Diffie-Hellman,DH24,True,True,14400,False,True,False,0x508C451E,0xD086F2CA,Web,TCP,IPv6,50,2449,952,28,924,0,434,109,0.39,413168,175771,237397,0.4254,2564.103,Medium,75,Medium,High,Legacy IKE version detected,0.81,0.829,IKEv1|Transport|AES-256-GCM|DH24|True|IPv6|Web
IPSEC-089-15,ipsec-089-15.pcap,validation,synthetic_lab_ground_truth,26160,IKEv1,ESP,Transport,IPv6,AES-256-GCM,AEAD-GCM,PSK,Diffie-Hellman,DH24,True,True,3600,False,True,False,0x1525251A,0x97989A33,Email,TCP,IPv6,50,470,612,24,588,0,433,135,1.3,264996,133955,131041,0.5055,769.231,Medium,75,Medium,High,Legacy IKE version detected,0.847,0.712,IKEv1|Transport|AES-256-GCM|DH24|True|IPv6|Email
IPSEC-089-16,ipsec-089-16.pcap,validation,synthetic_lab_ground_truth,26160,IKEv1,ESP,Transport,IPv6,AES-256-GCM,AEAD-GCM,PSK,Diffie-Hellman,DH24,True,False,1800,False,True,False,0x1B4ACDA4,0xBD3FF307,File-Transfer,TCP,IPv6,50,2457,833,16,817,1,913,212,0.34,760529,421299,339230,0.554,2941.176,Medium,50,High,Critical,Legacy IKE version detected; Replay protection disabled,0.865,0.747,IKEv1|Transport|AES-256-GCM|DH24|True|IPv6|File-Transfer
IPSEC-089-17,ipsec-089-17.pcap,validation,synthetic_lab_ground_truth,26160,IKEv1,ESP,Transport,IPv6,AES-256-GCM,AEAD-GCM,PSK,Diffie-Hellman,DH24,True,True,600,False,True,False,0x166F0BD1,0x2DCD9322,VoIP,UDP,IPv6,50,2272,179,34,145,1,220,51,0.08,39380,13943,25437,0.3541,10000.0,Medium,75,Medium,High,Legacy IKE version detected,0.806,0.827,IKEv1|Transport|AES-256-GCM|DH24|True|IPv6|VoIP
IPSEC-089-18,ipsec-089-18.pcap,test,synthetic_lab_ground_truth,26160,IKEv1,ESP,Transport,IPv6,AES-256-GCM,AEAD-GCM,PSK,Diffie-Hellman,DH24,True,True,3600,True,True,True,0x469F6021,0xF365A697,ICMP,ICMP/ICMPv6,IPv6,50,259,114,16,98,0,98,22,0.44,11172,6561,4611,0.5873,2272.727,Medium,75,Medium,High,Legacy IKE version detected,0.856,0.886,IKEv1|Transport|AES-256-GCM|DH24|True|IPv6|ICMP
IPSEC-089-19,ipsec-089-19.pcap,test,synthetic_lab_ground_truth,26160,IKEv1,ESP,Transport,IPv6,AES-256-GCM,AEAD-GCM,PSK,Diffie-Hellman,DH24,True,True,1800,False,True,False,0x4A3164C7,0xE40D5907,Video,TCP/QUIC,IPv6,50,4117,984,35,949,0,620,157,0.24,610080,270220,339860,0.4429,4166.667,Medium,75,Medium,High,Legacy IKE version detected,0.841,0.819,IKEv1|Transport|AES-256-GCM|DH24|True|IPv6|Video
IPSEC-089-20,ipsec-089-20.pcap,test,synthetic_lab_ground_truth,26160,IKEv1,ESP,Transport,IPv6,AES-256-GCM,AEAD-GCM,PSK,Diffie-Hellman,DH24,True,True,14400,False,True,False,0xD3B44DEB,0x3ED24EE2,Chat,TCP,IPv6,50,1350,497,41,456,0,288,83,0.37,143136,57179,85957,0.3995,2702.703,Medium,75,Medium,High,Legacy IKE version detected,0.771,0.731,IKEv1|Transport|AES-256-GCM|DH24|True|IPv6|Chat
IPSEC-090-01,ipsec-090-01.pcap,train,synthetic_lab_ground_truth,26160,IKEv1,ESP,Transport,IPv4,AES-128-GCM,AEAD-GCM,RSA-Signature,Diffie-Hellman,DH24,True,True,600,False,True,False,0xFDAC293B,0xA8C0CBEA,Email,TCP,IPv4,50,579,668,29,639,0,461,101,1.15,307948,181841,126107,0.5905,869.565,Medium,77,Medium,High,Legacy IKE version detected,0.839,0.723,IKEv1|Transport|AES-128-GCM|DH24|True|IPv4|Email
IPSEC-090-02,ipsec-090-02.pcap,train,synthetic_lab_ground_truth,26160,IKEv1,ESP,Transport,IPv4,AES-128-GCM,AEAD-GCM,RSA-Signature,Diffie-Hellman,DH24,True,True,7200,True,True,True,0xCCA14A97,0x6A5F8682,File-Transfer,TCP,IPv4,50,3719,1731,34,1697,1,879,244,0.47,1521549,695077,826472,0.4568,2127.66,Medium,77,Medium,High,Legacy IKE version detected,0.81,0.771,IKEv1|Transport|AES-128-GCM|DH24|True|IPv4|File-Transfer
IPSEC-090-03,ipsec-090-03.pcap,train,synthetic_lab_ground_truth,26160,IKEv1,ESP,Transport,IPv4,AES-128-GCM,AEAD-GCM,RSA-Signature,Diffie-Hellman,DH24,True,True,3600,False,True,False,0x5743F325,0xA9CF677D,VoIP,UDP,IPv4,50,2657,233,27,206,0,177,42,0.09,41241,17973,23268,0.4358,10000.0,Medium,77,Medium,High,Legacy IKE version detected,0.837,0.815,IKEv1|Transport|AES-128-GCM|DH24|True|IPv4|VoIP
IPSEC-090-04,ipsec-090-04.pcap,train,synthetic_lab_ground_truth,26160,IKEv1,ESP,Transport,IPv4,AES-128-GCM,AEAD-GCM,RSA-Signature,Diffie-Hellman,DH24,True,True,600,False,True,False,0x200BF3BB,0xA9379622,ICMP,ICMP/ICMPv6,IPv4,50,227,104,10,94,1,114,32,0.46,11856,7109,4747,0.5997,2173.913,Medium,77,Medium,High,Legacy IKE version detected,0.837,0.887,IKEv1|Transport|AES-128-GCM|DH24|True|IPv4|ICMP
IPSEC-090-05,ipsec-090-05.pcap,train,synthetic_lab_ground_truth,26160,IKEv1,ESP,Transport,IPv4,AES-128-GCM,AEAD-GCM,RSA-Signature,Diffie-Hellman,DH24,True,True,7200,False,True,False,0x1504B084,0xD7430A98,Video,TCP/QUIC,IPv4,50,3528,799,20,779,1,539,180,0.23,430661,183383,247278,0.4258,4347.826,Medium,77,Medium,High,Legacy IKE version detected,0.811,0.801,IKEv1|Transport|AES-128-GCM|DH24|True|IPv4|Video
IPSEC-090-06,ipsec-090-06.pcap,train,synthetic_lab_ground_truth,26160,IKEv1,ESP,Transport,IPv4,AES-128-GCM,AEAD-GCM,RSA-Signature,Diffie-Hellman,DH24,True,True,28800,True,True,True,0x6DEBC235,0x9E2F6FE4,Chat,TCP,IPv4,50,1122,395,28,367,0,157,29,0.35,62015,35298,26717,0.5692,2857.143,Medium,77,Medium,High,Legacy IKE version detected,0.837,0.677,IKEv1|Transport|AES-128-GCM|DH24|True|IPv4|Chat
IPSEC-090-07,ipsec-090-07.pcap,train,synthetic_lab_ground_truth,26160,IKEv1,ESP,Transport,IPv4,AES-128-GCM,AEAD-GCM,RSA-Signature,Diffie-Hellman,DH24,True,True,600,False,True,False,0x8EA75066,0xCFE7688F,Web,TCP,IPv4,50,1925,887,37,850,2,617,158,0.46,547279,183335,363944,0.335,2173.913,Medium,77,Medium,High,Legacy IKE version detected,0.802,0.81,IKEv1|Transport|AES-128-GCM|DH24|True|IPv4|Web
IPSEC-090-08,ipsec-090-08.pcap,train,synthetic_lab_ground_truth,26160,IKEv1,ESP,Transport,IPv4,AES-128-GCM,AEAD-GCM,RSA-Signature,Diffie-Hellman,DH24,True,True,28800,False,True,False,0x8758D841,0xA3893E1D,Email,TCP,IPv4,50,540,708,40,668,0,415,136,1.31,293820,207101,86719,0.7049,763.359,Medium,77,Medium,High,Legacy IKE version detected,0.815,0.75,IKEv1|Transport|AES-128-GCM|DH24|True|IPv4|Email
IPSEC-090-09,ipsec-090-09.pcap,train,synthetic_lab_ground_truth,26160,IKEv1,ESP,Transport,IPv4,AES-128-GCM,AEAD-GCM,RSA-Signature,Diffie-Hellman,DH24,True,True,7200,False,True,False,0x4CAC90DC,0x31003021,File-Transfer,TCP,IPv4,50,3817,1728,22,1706,0,834,311,0.45,1441152,764159,676993,0.5302,2222.222,Medium,77,Medium,High,Legacy IKE version detected,0.835,0.868,IKEv1|Transport|AES-128-GCM|DH24|True|IPv4|File-Transfer
IPSEC-090-10,ipsec-090-10.pcap,train,synthetic_lab_ground_truth,26160,IKEv1,ESP,Transport,IPv4,AES-128-GCM,AEAD-GCM,RSA-Signature,Diffie-Hellman,DH24,True,True,3600,False,True,False,0xA0F7D985,0x882ACA43,VoIP,UDP,IPv4,50,3501,285,26,259,0,241,73,0.08,68685,33544,35141,0.4884,10000.0,Medium,77,Medium,High,Legacy IKE version detected,0.774,0.754,IKEv1|Transport|AES-128-GCM|DH24|True|IPv4|VoIP
IPSEC-090-11,ipsec-090-11.pcap,train,synthetic_lab_ground_truth,26160,IKEv1,ESP,Transport,IPv4,AES-128-GCM,AEAD-GCM,RSA-Signature,Diffie-Hellman,DH24,True,True,28800,True,True,True,0x485C4F41,0x26342FEE,ICMP,ICMP/ICMPv6,IPv4,50,260,98,21,77,1,95,23,0.38,9310,4655,4655,0.5001,2631.579,Medium,77,Medium,High,Legacy IKE version detected,0.798,0.889,IKEv1|Transport|AES-128-GCM|DH24|True|IPv4|ICMP
IPSEC-090-12,ipsec-090-12.pcap,train,synthetic_lab_ground_truth,26160,IKEv1,ESP,Transport,IPv4,AES-128-GCM,AEAD-GCM,RSA-Signature,Diffie-Hellman,DH24,True,True,14400,False,True,False,0x33A9194F,0x48CF9CDE,Video,TCP/QUIC,IPv4,50,5832,1644,15,1629,1,474,139,0.28,779256,272995,506261,0.3503,3571.429,Medium,77,Medium,High,Legacy IKE version detected,0.826,0.865,IKEv1|Transport|AES-128-GCM|DH24|True|IPv4|Video
IPSEC-090-13,ipsec-090-13.pcap,train,synthetic_lab_ground_truth,26160,IKEv1,ESP,Transport,IPv4,AES-128-GCM,AEAD-GCM,RSA-Signature,Diffie-Hellman,DH24,True,True,3600,False,True,False,0xB90E7304,0x13B4DC89,Chat,TCP,IPv4,50,1281,433,12,421,2,287,74,0.34,124271,86465,37806,0.6958,2941.176,Medium,77,Medium,High,Legacy IKE version detected,0.761,0.662,IKEv1|Transport|AES-128-GCM|DH24|True|IPv4|Chat
IPSEC-090-14,ipsec-090-14.pcap,train,synthetic_lab_ground_truth,26160,IKEv1,ESP,Transport,IPv4,AES-128-GCM,AEAD-GCM,RSA-Signature,Diffie-Hellman,DH24,True,False,28800,True,True,True,0xA2EA7C51,0xD4937DA7,Web,TCP,IPv4,50,1968,699,17,682,2,597,155,0.36,417303,152853,264450,0.3663,2777.778,Medium,52,High,Critical,Legacy IKE version detected; Replay protection disabled,0.822,0.866,IKEv1|Transport|AES-128-GCM|DH24|True|IPv4|Web
IPSEC-090-15,ipsec-090-15.pcap,validation,synthetic_lab_ground_truth,26160,IKEv1,ESP,Transport,IPv4,AES-128-GCM,AEAD-GCM,RSA-Signature,Diffie-Hellman,DH24,True,True,3600,True,True,True,0x785F7038,0xB36D06C3,Email,TCP,IPv4,50,753,996,38,958,1,502,153,1.32,499992,249894,250098,0.4998,757.576,Medium,77,Medium,High,Legacy IKE version detected,0.827,0.659,IKEv1|Transport|AES-128-GCM|DH24|True|IPv4|Email
IPSEC-090-16,ipsec-090-16.pcap,validation,synthetic_lab_ground_truth,26160,IKEv1,ESP,Transport,IPv4,AES-128-GCM,AEAD-GCM,RSA-Signature,Diffie-Hellman,DH24,True,True,7200,False,True,False,0x4C0DCE0D,0xFBF63721,File-Transfer,TCP,IPv4,50,3085,1298,41,1257,1,909,287,0.42,1179882,539184,640698,0.457,2380.952,Medium,77,Medium,High,Legacy IKE version detected,0.808,0.784,IKEv1|Transport|AES-128-GCM|DH24|True|IPv4|File-Transfer
IPSEC-090-17,ipsec-090-17.pcap,validation,synthetic_lab_ground_truth,26160,IKEv1,ESP,Transport,IPv4,AES-128-GCM,AEAD-GCM,RSA-Signature,Diffie-Hellman,DH24,True,True,14400,False,True,False,0x6019BCFC,0xA8B1F449,VoIP,UDP,IPv4,50,2999,216,43,173,0,234,52,0.07,50544,31005,19539,0.6134,10000.0,Medium,77,Medium,High,Legacy IKE version detected,0.8,0.784,IKEv1|Transport|AES-128-GCM|DH24|True|IPv4|VoIP
IPSEC-090-18,ipsec-090-18.pcap,test,synthetic_lab_ground_truth,26160,IKEv1,ESP,Transport,IPv4,AES-128-GCM,AEAD-GCM,RSA-Signature,Diffie-Hellman,DH24,True,True,14400,False,True,False,0x65A71E13,0xE17EC272,ICMP,ICMP/ICMPv6,IPv4,50,296,120,10,110,0,114,29,0.41,13680,7088,6592,0.5182,2439.024,Medium,77,Medium,High,Legacy IKE version detected,0.788,0.839,IKEv1|Transport|AES-128-GCM|DH24|True|IPv4|ICMP
IPSEC-090-19,ipsec-090-19.pcap,test,synthetic_lab_ground_truth,26160,IKEv1,ESP,Transport,IPv4,AES-128-GCM,AEAD-GCM,RSA-Signature,Diffie-Hellman,DH24,True,False,86400,False,True,False,0xDACD5D91,0xB11844E8,Video,TCP/QUIC,IPv4,50,3860,1151,42,1109,0,462,107,0.3,531762,178743,353019,0.3361,3333.333,Medium,52,High,Critical,Legacy IKE version detected; Replay protection disabled,0.807,0.873,IKEv1|Transport|AES-128-GCM|DH24|True|IPv4|Video
IPSEC-090-20,ipsec-090-20.pcap,test,synthetic_lab_ground_truth,26160,IKEv1,ESP,Transport,IPv4,AES-128-GCM,AEAD-GCM,RSA-Signature,Diffie-Hellman,DH24,True,True,600,False,True,False,0x16D3EAB1,0x8624573B,Chat,TCP,IPv4,50,1425,523,18,505,0,236,37,0.37,123428,66364,57064,0.5377,2702.703,Medium,77,Medium,High,Legacy IKE version detected,0.842,0.745,IKEv1|Transport|AES-128-GCM|DH24|True|IPv4|Chat
IPSEC-091-01,ipsec-091-01.pcap,train,synthetic_lab_ground_truth,26160,IKEv2,ESP,Transport,IPv4,AES-256-GCM,AEAD-GCM,PSK,Diffie-Hellman,DH19,False,True,14400,False,True,False,0x6F450D1B,0xC0214DFC,Email,TCP,IPv4,50,639,801,26,775,0,512,166,1.25,410112,169176,240936,0.4125,800.0,Medium,86,Low,Medium,Perfect Forward Secrecy disabled,0.963,0.737,IKEv2|Transport|AES-256-GCM|DH19|False|IPv4|Email
IPSEC-091-02,ipsec-091-02.pcap,train,synthetic_lab_ground_truth,26160,IKEv2,ESP,Transport,IPv4,AES-256-GCM,AEAD-GCM,PSK,Diffie-Hellman,DH19,False,True,86400,False,True,False,0x1DFADB08,0xFB2F8A9A,File-Transfer,TCP,IPv4,50,4571,2048,29,2019,0,1070,227,0.45,2191360,909791,1281569,0.4152,2222.222,Medium,86,Low,Medium,Perfect Forward Secrecy disabled,0.905,0.767,IKEv2|Transport|AES-256-GCM|DH19|False|IPv4|File-Transfer
IPSEC-091-03,ipsec-091-03.pcap,train,synthetic_lab_ground_truth,26160,IKEv2,ESP,Transport,IPv4,AES-256-GCM,AEAD-GCM,PSK,Diffie-Hellman,DH19,False,True,7200,False,True,False,0xD7DA9B1D,0x6681E4C9,VoIP,UDP,IPv4,50,2488,208,19,189,0,215,59,0.08,44720,18832,25888,0.4211,10000.0,Medium,86,Low,Medium,Perfect Forward Secrecy disabled,0.916,0.755,IKEv2|Transport|AES-256-GCM|DH19|False|IPv4|VoIP
IPSEC-091-04,ipsec-091-04.pcap,train,synthetic_lab_ground_truth,26160,IKEv2,ESP,Transport,IPv4,AES-256-GCM,AEAD-GCM,PSK,Diffie-Hellman,DH19,False,True,14400,False,True,False,0x25160A7B,0x9B649D41,ICMP,ICMP/ICMPv6,IPv4,50,197,87,31,56,1,100,23,0.44,8700,3131,5569,0.3599,2272.727,Medium,86,Low,Medium,Perfect Forward Secrecy disabled,0.957,0.88,IKEv2|Transport|AES-256-GCM|DH19|False|IPv4|ICMP
IPSEC-091-05,ipsec-091-05.pcap,train,synthetic_lab_ground_truth,26160,IKEv2,ESP,Transport,IPv4,AES-256-GCM,AEAD-GCM,PSK,Diffie-Hellman,DH19,False,True,7200,False,True,False,0x11F24D2C,0x3232BCCE,Video,TCP/QUIC,IPv4,50,4621,1152,9,1143,0,386,96,0.25,444672,152439,292233,0.3428,4000.0,Medium,86,Low,Medium,Perfect Forward Secrecy disabled,0.925,0.793,IKEv2|Transport|AES-256-GCM|DH19|False|IPv4|Video
IPSEC-091-06,ipsec-091-06.pcap,train,synthetic_lab_ground_truth,26160,IKEv2,ESP,Transport,IPv4,AES-256-GCM,AEAD-GCM,PSK,Diffie-Hellman,DH19,False,True,3600,True,True,True,0x33C9EE62,0xB773243E,Chat,TCP,IPv4,50,1655,530,43,487,0,254,34,0.32,134620,66244,68376,0.4921,3125.0,Medium,86,Low,Medium,Perfect Forward Secrecy disabled,0.939,0.684,IKEv2|Transport|AES-256-GCM|DH19|False|IPv4|Chat
IPSEC-091-07,ipsec-091-07.pcap,train,synthetic_lab_ground_truth,26160,IKEv2,ESP,Transport,IPv4,AES-256-GCM,AEAD-GCM,PSK,Diffie-Hellman,DH19,False,True,86400,False,True,False,0xD9BEEAAD,0x7C053551,Web,TCP,IPv4,50,1850,748,31,717,1,645,90,0.4,482460,198550,283910,0.4115,2500.0,Medium,86,Low,Medium,Perfect Forward Secrecy disabled,0.941,0.851,IKEv2|Transport|AES-256-GCM|DH19|False|IPv4|Web
IPSEC-091-08,ipsec-091-08.pcap,train,synthetic_lab_ground_truth,26160,IKEv2,ESP,Transport,IPv4,AES-256-GCM,AEAD-GCM,PSK,Diffie-Hellman,DH19,False,True,28800,True,True,True,0x8CA32EBA,0x5DD2A607,Email,TCP,IPv4,50,531,533,36,497,0,441,124,1.0,235053,94341,140712,0.4014,1000.0,Medium,86,Low,Medium,Perfect Forward Secrecy disabled,0.899,0.778,IKEv2|Transport|AES-256-GCM|DH19|False|IPv4|Email
IPSEC-091-09,ipsec-091-09.pcap,train,synthetic_lab_ground_truth,26160,IKEv2,ESP,Transport,IPv4,AES-256-GCM,AEAD-GCM,PSK,Diffie-Hellman,DH19,False,True,1800,False,True,False,0x7B034E5D,0xA5EFAB90,File-Transfer,TCP,IPv4,50,3246,1317,40,1277,0,862,202,0.41,1135254,553868,581386,0.4879,2439.024,Medium,86,Low,Medium,Perfect Forward Secrecy disabled,0.901,0.793,IKEv2|Transport|AES-256-GCM|DH19|False|IPv4|File-Transfer
IPSEC-091-10,ipsec-091-10.pcap,train,synthetic_lab_ground_truth,26160,IKEv2,ESP,Transport,IPv4,AES-256-GCM,AEAD-GCM,PSK,Diffie-Hellman,DH19,False,True,7200,False,True,False,0x4D052C84,0xE6468798,VoIP,UDP,IPv4,50,1553,123,24,99,0,189,48,0.08,23247,9784,13463,0.4209,10000.0,Medium,86,Low,Medium,Perfect Forward Secrecy disabled,0.99,0.8,IKEv2|Transport|AES-256-GCM|DH19|False|IPv4|VoIP
IPSEC-091-11,ipsec-091-11.pcap,train,synthetic_lab_ground_truth,26160,IKEv2,ESP,Transport,IPv4,AES-256-GCM,AEAD-GCM,PSK,Diffie-Hellman,DH19,False,True,14400,True,True,True,0x5DE0D7E8,0x5821FA66,ICMP,ICMP/ICMPv6,IPv4,50,236,88,12,76,2,84,25,0.37,7392,3931,3461,0.5319,2702.703,Medium,86,Low,Medium,Perfect Forward Secrecy disabled,0.926,0.881,IKEv2|Transport|AES-256-GCM|DH19|False|IPv4|ICMP
IPSEC-091-12,ipsec-091-12.pcap,train,synthetic_lab_ground_truth,26160,IKEv2,ESP,Transport,IPv4,AES-256-GCM,AEAD-GCM,PSK,Diffie-Hellman,DH19,False,True,600,False,True,False,0xA698FBA7,0x2CD25A9F,Video,TCP/QUIC,IPv4,50,6510,1426,21,1405,0,494,108,0.22,704444,342366,362078,0.486,4545.455,Medium,86,Low,Medium,Perfect Forward Secrecy disabled,0.99,0.865,IKEv2|Transport|AES-256-GCM|DH19|False|IPv4|Video
IPSEC-091-13,ipsec-091-13.pcap,train,synthetic_lab_ground_truth,26160,IKEv2,ESP,Transport,IPv4,AES-256-GCM,AEAD-GCM,PSK,Diffie-Hellman,DH19,False,True,7200,False,True,False,0x39032A72,0x95F5CB50,Chat,TCP,IPv4,50,1159,356,19,337,0,265,74,0.31,94340,52068,42272,0.5519,3225.806,Medium,86,Low,Medium,Perfect Forward Secrecy disabled,0.966,0.784,IKEv2|Transport|AES-256-GCM|DH19|False|IPv4|Chat
IPSEC-091-14,ipsec-091-14.pcap,train,synthetic_lab_ground_truth,26160,IKEv2,ESP,Transport,IPv4,AES-256-GCM,AEAD-GCM,PSK,Diffie-Hellman,DH19,False,True,172800,False,True,False,0x955E722B,0xCECBFA5D,Web,TCP,IPv4,50,2004,917,37,880,0,601,188,0.46,551117,225432,325685,0.409,2173.913,Medium,78,Medium,Medium,Perfect Forward Secrecy disabled; Long Security Association lifetime,0.972,0.794,IKEv2|Transport|AES-256-GCM|DH19|False|IPv4|Web
IPSEC-091-15,ipsec-091-15.pcap,validation,synthetic_lab_ground_truth,26160,IKEv2,ESP,Transport,IPv4,AES-256-GCM,AEAD-GCM,PSK,Diffie-Hellman,DH19,False,True,7200,True,True,True,0x2F3B5A0F,0xFEC4FBE6,Email,TCP,IPv4,50,628,746,22,724,1,533,132,1.19,397618,185591,212027,0.4668,840.336,Medium,86,Low,Medium,Perfect Forward Secrecy disabled,0.937,0.734,IKEv2|Transport|AES-256-GCM|DH19|False|IPv4|Email
IPSEC-091-16,ipsec-091-16.pcap,validation,synthetic_lab_ground_truth,26160,IKEv2,ESP,Transport,IPv4,AES-256-GCM,AEAD-GCM,PSK,Diffie-Hellman,DH19,False,False,14400,False,True,False,0x3FE603F3,0x68F98D6E,File-Transfer,TCP,IPv4,50,3906,1763,25,1738,1,957,271,0.45,1687191,844837,842354,0.5007,2222.222,Medium,61,High,Critical,Perfect Forward Secrecy disabled; Replay protection disabled,0.929,0.831,IKEv2|Transport|AES-256-GCM|DH19|False|IPv4|File-Transfer
IPSEC-091-17,ipsec-091-17.pcap,validation,synthetic_lab_ground_truth,26160,IKEv2,ESP,Transport,IPv4,AES-256-GCM,AEAD-GCM,PSK,Diffie-Hellman,DH19,False,False,7200,False,True,False,0x939EC060,0x374FB2C9,VoIP,UDP,IPv4,50,1820,136,29,107,0,261,63,0.07,35496,15422,20074,0.4345,10000.0,Medium,61,High,Critical,Perfect Forward Secrecy disabled; Replay protection disabled,0.937,0.783,IKEv2|Transport|AES-256-GCM|DH19|False|IPv4|VoIP
IPSEC-091-18,ipsec-091-18.pcap,test,synthetic_lab_ground_truth,26160,IKEv2,ESP,Transport,IPv4,AES-256-GCM,AEAD-GCM,PSK,Diffie-Hellman,DH19,False,True,28800,False,True,False,0x4ED39B9F,0x6A957EA1,ICMP,ICMP/ICMPv6,IPv4,50,238,92,37,55,0,94,28,0.39,8648,5423,3225,0.6271,2564.103,Medium,86,Low,Medium,Perfect Forward Secrecy disabled,0.875,0.913,IKEv2|Transport|AES-256-GCM|DH19|False|IPv4|ICMP
IPSEC-091-19,ipsec-091-19.pcap,test,synthetic_lab_ground_truth,26160,IKEv2,ESP,Transport,IPv4,AES-256-GCM,AEAD-GCM,PSK,Diffie-Hellman,DH19,False,True,28800,False,True,False,0xD970DD6F,0x2F7A7E2D,Video,TCP/QUIC,IPv4,50,5651,1307,21,1286,1,414,68,0.23,541098,201730,339368,0.3728,4347.826,Medium,86,Low,Medium,Perfect Forward Secrecy disabled,0.926,0.836,IKEv2|Transport|AES-256-GCM|DH19|False|IPv4|Video
IPSEC-091-20,ipsec-091-20.pcap,test,synthetic_lab_ground_truth,26160,IKEv2,ESP,Transport,IPv4,AES-256-GCM,AEAD-GCM,PSK,Diffie-Hellman,DH19,False,True,28800,False,True,False,0xA0541BF3,0x93D3681A,Chat,TCP,IPv4,50,1295,486,28,458,1,267,62,0.38,129762,65830,63932,0.5073,2631.579,Medium,86,Low,Medium,Perfect Forward Secrecy disabled,0.93,0.73,IKEv2|Transport|AES-256-GCM|DH19|False|IPv4|Chat
IPSEC-092-01,ipsec-092-01.pcap,train,synthetic_lab_ground_truth,26160,IKEv1,ESP,Tunnel,IPv6,AES-128-CBC,HMAC-SHA1-96,RSA-Signature,Diffie-Hellman,DH24,False,True,1800,False,True,False,0x8D9BDE17,0x3B5A0F2B,Email,TCP,IPv6,50,577,703,15,688,0,445,136,1.22,312835,174148,138687,0.5567,819.672,Low,39,Critical,High,Legacy integrity algorithm: HMAC-SHA1-96; Legacy IKE version detected; Perfect Forward Secrecy disabled,0.81,0.761,IKEv1|Tunnel|AES-128-CBC|DH24|False|IPv6|Email
IPSEC-092-02,ipsec-092-02.pcap,train,synthetic_lab_ground_truth,26160,IKEv1,ESP,Tunnel,IPv6,AES-128-CBC,HMAC-SHA1-96,RSA-Signature,Diffie-Hellman,DH24,False,True,7200,False,True,False,0x53556353,0x9BA08C64,File-Transfer,TCP,IPv6,50,3267,1237,34,1203,1,760,189,0.38,940120,583103,357017,0.6202,2631.579,Low,39,Critical,High,Legacy integrity algorithm: HMAC-SHA1-96; Legacy IKE version detected; Perfect Forward Secrecy disabled,0.771,0.815,IKEv1|Tunnel|AES-128-CBC|DH24|False|IPv6|File-Transfer
IPSEC-092-03,ipsec-092-03.pcap,train,synthetic_lab_ground_truth,26160,IKEv1,ESP,Tunnel,IPv6,AES-128-CBC,HMAC-SHA1-96,RSA-Signature,Diffie-Hellman,DH24,False,True,7200,False,True,False,0xD0F2A6E1,0x40E72AA4,VoIP,UDP,IPv6,50,3291,221,25,196,0,208,60,0.07,45968,21846,24122,0.4753,10000.0,Medium,39,Critical,High,Legacy integrity algorithm: HMAC-SHA1-96; Legacy IKE version detected; Perfect Forward Secrecy disabled,0.781,0.824,IKEv1|Tunnel|AES-128-CBC|DH24|False|IPv6|VoIP
IPSEC-092-04,ipsec-092-04.pcap,train,synthetic_lab_ground_truth,26160,IKEv1,ESP,Tunnel,IPv6,AES-128-CBC,HMAC-SHA1-96,RSA-Signature,Diffie-Hellman,DH24,False,True,1800,True,True,True,0x103370D9,0xD5B9DB97,ICMP,ICMP/ICMPv6,IPv6,50,292,128,30,98,0,105,23,0.44,13440,4669,8771,0.3474,2272.727,Low,39,Critical,High,Legacy integrity algorithm: HMAC-SHA1-96; Legacy IKE version detected; Perfect Forward Secrecy disabled,0.797,0.873,IKEv1|Tunnel|AES-128-CBC|DH24|False|IPv6|ICMP
IPSEC-092-05,ipsec-092-05.pcap,train,synthetic_lab_ground_truth,26160,IKEv1,ESP,Tunnel,IPv6,AES-128-CBC,HMAC-SHA1-96,RSA-Signature,Diffie-Hellman,DH24,False,True,14400,False,True,False,0xBADD0A39,0xAF000E68,Video,TCP/QUIC,IPv6,50,3469,1050,16,1034,0,467,97,0.3,490350,137863,352487,0.2812,3333.333,Medium,39,Critical,High,Legacy integrity algorithm: HMAC-SHA1-96; Legacy IKE version detected; Perfect Forward Secrecy disabled,0.766,0.84,IKEv1|Tunnel|AES-128-CBC|DH24|False|IPv6|Video
IPSEC-092-06,ipsec-092-06.pcap,train,synthetic_lab_ground_truth,26160,IKEv1,ESP,Tunnel,IPv6,AES-128-CBC,HMAC-SHA1-96,RSA-Signature,Diffie-Hellman,DH24,False,True,1800,False,True,False,0x88B48308,0xD40C90A3,Chat,TCP,IPv6,50,1274,458,20,438,0,231,57,0.36,105798,47022,58776,0.4445,2777.778,Low,39,Critical,High,Legacy integrity algorithm: HMAC-SHA1-96; Legacy IKE version detected; Perfect Forward Secrecy disabled,0.779,0.692,IKEv1|Tunnel|AES-128-CBC|DH24|False|IPv6|Chat
IPSEC-092-07,ipsec-092-07.pcap,train,synthetic_lab_ground_truth,26160,IKEv1,ESP,Tunnel,IPv6,AES-128-CBC,HMAC-SHA1-96,RSA-Signature,Diffie-Hellman,DH24,False,True,28800,False,True,False,0x254268D5,0xD617366E,Web,TCP,IPv6,50,2733,1283,12,1271,2,579,125,0.47,742857,288721,454136,0.3887,2127.66,Low,39,Critical,High,Legacy integrity algorithm: HMAC-SHA1-96; Legacy IKE version detected; Perfect Forward Secrecy disabled,0.737,0.878,IKEv1|Tunnel|AES-128-CBC|DH24|False|IPv6|Web
IPSEC-092-08,ipsec-092-08.pcap,train,synthetic_lab_ground_truth,26160,IKEv1,ESP,Tunnel,IPv6,AES-128-CBC,HMAC-SHA1-96,RSA-Signature,Diffie-Hellman,DH24,False,True,28800,False,True,False,0x175FD381,0xF4F0DF78,Email,TCP,IPv6,50,642,731,37,694,1,516,163,1.14,377196,198922,178274,0.5274,877.193,Low,39,Critical,High,Legacy integrity algorithm: HMAC-SHA1-96; Legacy IKE version detected; Perfect Forward Secrecy disabled,0.8,0.78,IKEv1|Tunnel|AES-128-CBC|DH24|False|IPv6|Email
IPSEC-092-09,ipsec-092-09.pcap,train,synthetic_lab_ground_truth,26160,IKEv1,ESP,Tunnel,IPv6,AES-128-CBC,HMAC-SHA1-96,RSA-Signature,Diffie-Hellman,DH24,False,True,300,False,True,False,0xD57D4933,0x1BECDAC2,File-Transfer,TCP,IPv6,50,2959,1302,38,1264,0,757,251,0.44,985614,416466,569148,0.4225,2272.727,Low,39,Critical,High,Legacy integrity algorithm: HMAC-SHA1-96; Legacy IKE version detected; Perfect Forward Secrecy disabled,0.807,0.786,IKEv1|Tunnel|AES-128-CBC|DH24|False|IPv6|File-Transfer
IPSEC-092-10,ipsec-092-10.pcap,train,synthetic_lab_ground_truth,26160,IKEv1,ESP,Tunnel,IPv6,AES-128-CBC,HMAC-SHA1-96,RSA-Signature,Diffie-Hellman,DH24,False,True,3600,False,True,False,0x6B6BB4B3,0x9D6B9400,VoIP,UDP,IPv6,50,2688,234,32,202,0,202,55,0.09,47268,29369,17899,0.6213,10000.0,Medium,39,Critical,High,Legacy integrity algorithm: HMAC-SHA1-96; Legacy IKE version detected; Perfect Forward Secrecy disabled,0.771,0.736,IKEv1|Tunnel|AES-128-CBC|DH24|False|IPv6|VoIP
IPSEC-092-11,ipsec-092-11.pcap,train,synthetic_lab_ground_truth,26160,IKEv1,ESP,Tunnel,IPv6,AES-128-CBC,HMAC-SHA1-96,RSA-Signature,Diffie-Hellman,DH24,False,True,172800,True,True,True,0x8406443A,0xEC1FAE3E,ICMP,ICMP/ICMPv6,IPv6,50,186,84,8,76,1,101,26,0.45,8484,5056,3428,0.596,2222.222,Low,31,Critical,High,Legacy integrity algorithm: HMAC-SHA1-96; Legacy IKE version detected; Perfect Forward Secrecy disabled; Long Security Association lifetime,0.792,0.935,IKEv1|Tunnel|AES-128-CBC|DH24|False|IPv6|ICMP
IPSEC-092-12,ipsec-092-12.pcap,train,synthetic_lab_ground_truth,26160,IKEv1,ESP,Tunnel,IPv6,AES-128-CBC,HMAC-SHA1-96,RSA-Signature,Diffie-Hellman,DH24,False,True,86400,False,True,False,0x20022627,0x2C90FEE3,Video,TCP/QUIC,IPv6,50,5353,1480,8,1472,1,505,190,0.28,747400,230799,516601,0.3088,3571.429,Medium,39,Critical,High,Legacy integrity algorithm: HMAC-SHA1-96; Legacy IKE version detected; Perfect Forward Secrecy disabled,0.724,0.769,IKEv1|Tunnel|AES-128-CBC|DH24|False|IPv6|Video
IPSEC-092-13,ipsec-092-13.pcap,train,synthetic_lab_ground_truth,26160,IKEv1,ESP,Tunnel,IPv6,AES-128-CBC,HMAC-SHA1-96,RSA-Signature,Diffie-Hellman,DH24,False,True,7200,False,True,False,0xCC228611,0x3BC21F9C,Chat,TCP,IPv6,50,1100,466,14,452,1,272,72,0.42,126752,88261,38491,0.6963,2380.952,Low,39,Critical,High,Legacy integrity algorithm: HMAC-SHA1-96; Legacy IKE version detected; Perfect Forward Secrecy disabled,0.729,0.706,IKEv1|Tunnel|AES-128-CBC|DH24|False|IPv6|Chat
IPSEC-092-14,ipsec-092-14.pcap,train,synthetic_lab_ground_truth,26160,IKEv1,ESP,Tunnel,IPv6,AES-128-CBC,HMAC-SHA1-96,RSA-Signature,Diffie-Hellman,DH24,False,True,3600,False,True,False,0xBC39C65B,0x90B313C4,Web,TCP,IPv6,50,2232,948,12,936,2,460,92,0.42,436080,158588,277492,0.3637,2380.952,Low,39,Critical,High,Legacy integrity algorithm: HMAC-SHA1-96; Legacy IKE version detected; Perfect Forward Secrecy disabled,0.78,0.793,IKEv1|Tunnel|AES-128-CBC|DH24|False|IPv6|Web
IPSEC-092-15,ipsec-092-15.pcap,validation,synthetic_lab_ground_truth,26160,IKEv1,ESP,Tunnel,IPv6,AES-128-CBC,HMAC-SHA1-96,RSA-Signature,Diffie-Hellman,DH24,False,True,3600,False,True,False,0x417672EE,0xE25FA9CA,Email,TCP,IPv6,50,614,777,33,744,1,426,106,1.27,331002,159562,171440,0.4821,787.402,Low,39,Critical,High,Legacy integrity algorithm: HMAC-SHA1-96; Legacy IKE version detected; Perfect Forward Secrecy disabled,0.754,0.685,IKEv1|Tunnel|AES-128-CBC|DH24|False|IPv6|Email
IPSEC-092-16,ipsec-092-16.pcap,validation,synthetic_lab_ground_truth,26160,IKEv1,ESP,Tunnel,IPv6,AES-128-CBC,HMAC-SHA1-96,RSA-Signature,Diffie-Hellman,DH24,False,True,86400,True,True,True,0x681A7FED,0xB11DD013,File-Transfer,TCP,IPv6,50,2850,1208,18,1190,0,1005,278,0.42,1214040,618486,595554,0.5094,2380.952,Low,39,Critical,High,Legacy integrity algorithm: HMAC-SHA1-96; Legacy IKE version detected; Perfect Forward Secrecy disabled,0.734,0.816,IKEv1|Tunnel|AES-128-CBC|DH24|False|IPv6|File-Transfer
IPSEC-092-17,ipsec-092-17.pcap,validation,synthetic_lab_ground_truth,26160,IKEv1,ESP,Tunnel,IPv6,AES-128-CBC,HMAC-SHA1-96,RSA-Signature,Diffie-Hellman,DH24,False,True,600,True,True,True,0xEC71B58D,0xE146A708,VoIP,UDP,IPv6,50,2292,196,13,183,1,232,80,0.09,45472,20047,25425,0.4409,10000.0,Medium,39,Critical,High,Legacy integrity algorithm: HMAC-SHA1-96; Legacy IKE version detected; Perfect Forward Secrecy disabled,0.811,0.824,IKEv1|Tunnel|AES-128-CBC|DH24|False|IPv6|VoIP
IPSEC-092-18,ipsec-092-18.pcap,test,synthetic_lab_ground_truth,26160,IKEv1,ESP,Tunnel,IPv6,AES-128-CBC,HMAC-SHA1-96,RSA-Signature,Diffie-Hellman,DH24,False,True,86400,False,True,False,0x13CE527B,0xCD023DBD,ICMP,ICMP/ICMPv6,IPv6,50,203,83,17,66,1,95,14,0.41,7885,4246,3639,0.5385,2439.024,Low,39,Critical,High,Legacy integrity algorithm: HMAC-SHA1-96; Legacy IKE version detected; Perfect Forward Secrecy disabled,0.787,0.913,IKEv1|Tunnel|AES-128-CBC|DH24|False|IPv6|ICMP
IPSEC-092-19,ipsec-092-19.pcap,test,synthetic_lab_ground_truth,26160,IKEv1,ESP,Tunnel,IPv6,AES-128-CBC,HMAC-SHA1-96,RSA-Signature,Diffie-Hellman,DH24,False,True,1800,True,True,True,0x5BA68E6E,0x8BC784D6,Video,TCP/QUIC,IPv6,50,4062,1206,23,1183,1,633,167,0.3,763398,317646,445752,0.4161,3333.333,Medium,39,Critical,High,Legacy integrity algorithm: HMAC-SHA1-96; Legacy IKE version detected; Perfect Forward Secrecy disabled,0.833,0.833,IKEv1|Tunnel|AES-128-CBC|DH24|False|IPv6|Video
IPSEC-092-20,ipsec-092-20.pcap,test,synthetic_lab_ground_truth,26160,IKEv1,ESP,Tunnel,IPv6,AES-128-CBC,HMAC-SHA1-96,RSA-Signature,Diffie-Hellman,DH24,False,True,172800,True,True,True,0x23D61C66,0x76982B04,Chat,TCP,IPv6,50,1640,542,11,531,0,260,111,0.33,140920,57682,83238,0.4093,3030.303,Low,31,Critical,High,Legacy integrity algorithm: HMAC-SHA1-96; Legacy IKE version detected; Perfect Forward Secrecy disabled; Long Security Association lifetime,0.752,0.702,IKEv1|Tunnel|AES-128-CBC|DH24|False|IPv6|Chat
IPSEC-093-01,ipsec-093-01.pcap,train,synthetic_lab_ground_truth,26160,IKEv1,ESP,Tunnel,IPv6,AES-256-GCM,AEAD-GCM,RSA-Signature,Diffie-Hellman,DH24,False,True,14400,False,True,False,0xE8C82B9C,0xC082BE5D,Email,TCP,IPv6,50,549,701,29,672,0,456,141,1.28,319656,131498,188158,0.4114,781.25,Low,65,High,High,Legacy IKE version detected; Perfect Forward Secrecy disabled,0.851,0.693,IKEv1|Tunnel|AES-256-GCM|DH24|False|IPv6|Email
IPSEC-093-02,ipsec-093-02.pcap,train,synthetic_lab_ground_truth,26160,IKEv1,ESP,Tunnel,IPv6,AES-256-GCM,AEAD-GCM,RSA-Signature,Diffie-Hellman,DH24,False,True,86400,True,True,True,0xA6A01F47,0x487BB986,File-Transfer,TCP,IPv6,50,3996,1516,19,1497,1,1087,353,0.38,1647892,676035,971857,0.4102,2631.579,Low,65,High,High,Legacy IKE version detected; Perfect Forward Secrecy disabled,0.785,0.765,IKEv1|Tunnel|AES-256-GCM|DH24|False|IPv6|File-Transfer
IPSEC-093-03,ipsec-093-03.pcap,train,synthetic_lab_ground_truth,26160,IKEv1,ESP,Tunnel,IPv6,AES-256-GCM,AEAD-GCM,RSA-Signature,Diffie-Hellman,DH24,False,True,3600,False,True,False,0xBC3A174B,0x4D0EF2AD,VoIP,UDP,IPv6,50,2876,219,27,192,1,214,59,0.08,46866,21728,25138,0.4636,10000.0,Medium,65,High,High,Legacy IKE version detected; Perfect Forward Secrecy disabled,0.843,0.791,IKEv1|Tunnel|AES-256-GCM|DH24|False|IPv6|VoIP
IPSEC-093-04,ipsec-093-04.pcap,train,synthetic_lab_ground_truth,26160,IKEv1,ESP,Tunnel,IPv6,AES-256-GCM,AEAD-GCM,RSA-Signature,Diffie-Hellman,DH24,False,True,7200,False,True,False,0x76B8838E,0xF646DD90,ICMP,ICMP/ICMPv6,IPv6,50,206,89,22,67,1,108,25,0.43,9612,5149,4463,0.5357,2325.581,Low,65,High,High,Legacy IKE version detected; Perfect Forward Secrecy disabled,0.833,0.92,IKEv1|Tunnel|AES-256-GCM|DH24|False|IPv6|ICMP
IPSEC-093-05,ipsec-093-05.pcap,train,synthetic_lab_ground_truth,26160,IKEv1,ESP,Tunnel,IPv6,AES-256-GCM,AEAD-GCM,RSA-Signature,Diffie-Hellman,DH24,False,True,86400,False,True,False,0x4101E294,0x3BF4F16C,Video,TCP/QUIC,IPv6,50,6931,1730,12,1718,0,463,80,0.25,800990,276570,524420,0.3453,4000.0,Medium,65,High,High,Legacy IKE version detected; Perfect Forward Secrecy disabled,0.823,0.83,IKEv1|Tunnel|AES-256-GCM|DH24|False|IPv6|Video
IPSEC-093-06,ipsec-093-06.pcap,train,synthetic_lab_ground_truth,26160,IKEv1,ESP,Tunnel,IPv6,AES-256-GCM,AEAD-GCM,RSA-Signature,Diffie-Hellman,DH24,False,True,3600,False,True,False,0xE5F0B4EA,0xCC94DEAC,Chat,TCP,IPv6,50,877,282,44,238,1,295,60,0.32,83190,42036,41154,0.5053,3125.0,Low,65,High,High,Legacy IKE version detected; Perfect Forward Secrecy disabled,0.817,0.707,IKEv1|Tunnel|AES-256-GCM|DH24|False|IPv6|Chat
IPSEC-093-07,ipsec-093-07.pcap,train,synthetic_lab_ground_truth,26160,IKEv1,ESP,Tunnel,IPv6,AES-256-GCM,AEAD-GCM,RSA-Signature,Diffie-Hellman,DH24,False,True,28800,True,True,True,0x204A40CD,0x1CF3284C,Web,TCP,IPv6,50,2544,1052,24,1028,1,481,149,0.41,506012,147981,358031,0.2924,2439.024,Low,65,High,High,Legacy IKE version detected; Perfect Forward Secrecy disabled,0.86,0.848,IKEv1|Tunnel|AES-256-GCM|DH24|False|IPv6|Web
IPSEC-093-08,ipsec-093-08.pcap,train,synthetic_lab_ground_truth,26160,IKEv1,ESP,Tunnel,IPv6,AES-256-GCM,AEAD-GCM,RSA-Signature,Diffie-Hellman,DH24,False,True,3600,True,True,True,0xBDE17453,0xC3133C32,Email,TCP,IPv6,50,650,871,36,835,0,492,106,1.34,428532,176744,251788,0.4124,746.269,Low,65,High,High,Legacy IKE version detected; Perfect Forward Secrecy disabled,0.854,0.683,IKEv1|Tunnel|AES-256-GCM|DH24|False|IPv6|Email
IPSEC-093-09,ipsec-093-09.pcap,train,synthetic_lab_ground_truth,26160,IKEv1,ESP,Tunnel,IPv6,AES-256-GCM,AEAD-GCM,RSA-Signature,Diffie-Hellman,DH24,False,True,3600,False,True,False,0x4BA8EF26,0x49D1C541,File-Transfer,TCP,IPv6,50,3397,1338,19,1319,0,959,232,0.39,1283142,652919,630223,0.5088,2564.103,Low,65,High,High,Legacy IKE version detected; Perfect Forward Secrecy disabled,0.838,0.845,IKEv1|Tunnel|AES-256-GCM|DH24|False|IPv6|File-Transfer
IPSEC-093-10,ipsec-093-10.pcap,train,synthetic_lab_ground_truth,26160,IKEv1,ESP,Tunnel,IPv6,AES-256-GCM,AEAD-GCM,RSA-Signature,Diffie-Hellman,DH24,False,True,28800,True,True,True,0xCF5BDF19,0x1953B65B,VoIP,UDP,IPv6,50,3121,230,30,200,1,234,74,0.07,53820,27255,26565,0.5064,10000.0,Medium,65,High,High,Legacy IKE version detected; Perfect Forward Secrecy disabled,0.8,0.796,IKEv1|Tunnel|AES-256-GCM|DH24|False|IPv6|VoIP
IPSEC-093-11,ipsec-093-11.pcap,train,synthetic_lab_ground_truth,26160,IKEv1,ESP,Tunnel,IPv6,AES-256-GCM,AEAD-GCM,RSA-Signature,Diffie-Hellman,DH24,False,True,7200,True,True,True,0x206D20E2,0x195D1691,ICMP,ICMP/ICMPv6,IPv6,50,321,115,13,102,0,111,19,0.36,12765,5189,7576,0.4066,2777.778,Low,65,High,High,Legacy IKE version detected; Perfect Forward Secrecy disabled,0.825,0.901,IKEv1|Tunnel|AES-256-GCM|DH24|False|IPv6|ICMP
IPSEC-093-12,ipsec-093-12.pcap,train,synthetic_lab_ground_truth,26160,IKEv1,ESP,Tunnel,IPv6,AES-256-GCM,AEAD-GCM,RSA-Signature,Diffie-Hellman,DH24,False,True,172800,False,True,False,0x4D79BD51,0xB28EFAFB,Video,TCP/QUIC,IPv6,50,6144,1649,37,1612,0,447,97,0.27,737103,246924,490179,0.335,3703.704,Medium,57,High,High,Legacy IKE version detected; Perfect Forward Secrecy disabled; Long Security Association lifetime,0.832,0.842,IKEv1|Tunnel|AES-256-GCM|DH24|False|IPv6|Video
IPSEC-093-13,ipsec-093-13.pcap,train,synthetic_lab_ground_truth,26160,IKEv1,ESP,Tunnel,IPv6,AES-256-GCM,AEAD-GCM,RSA-Signature,Diffie-Hellman,DH24,False,False,28800,False,True,False,0x7F9FBBA0,0xE70428EA,Chat,TCP,IPv6,50,1296,435,44,391,4,291,62,0.34,126585,59032,67553,0.4663,2941.176,Low,40,Critical,Critical,Legacy IKE version detected; Perfect Forward Secrecy disabled; Replay protection disabled,0.816,0.748,IKEv1|Tunnel|AES-256-GCM|DH24|False|IPv6|Chat
IPSEC-093-14,ipsec-093-14.pcap,train,synthetic_lab_ground_truth,26160,IKEv1,ESP,Tunnel,IPv6,AES-256-GCM,AEAD-GCM,RSA-Signature,Diffie-Hellman,DH24,False,True,28800,False,True,False,0x41BF978D,0x1F9BC438,Web,TCP,IPv6,50,2067,872,28,844,2,594,185,0.42,517968,115555,402413,0.2231,2380.952,Low,65,High,High,Legacy IKE version detected; Perfect Forward Secrecy disabled,0.795,0.802,IKEv1|Tunnel|AES-256-GCM|DH24|False|IPv6|Web
IPSEC-093-15,ipsec-093-15.pcap,validation,synthetic_lab_ground_truth,26160,IKEv1,ESP,Tunnel,IPv6,AES-256-GCM,AEAD-GCM,RSA-Signature,Diffie-Hellman,DH24,False,True,3600,False,True,False,0x3DC09A14,0xF7B2321A,Email,TCP,IPv6,50,491,570,11,559,3,452,90,1.16,257640,121788,135852,0.4727,862.069,Low,65,High,High,Legacy IKE version detected; Perfect Forward Secrecy disabled,0.847,0.802,IKEv1|Tunnel|AES-256-GCM|DH24|False|IPv6|Email
IPSEC-093-16,ipsec-093-16.pcap,validation,synthetic_lab_ground_truth,26160,IKEv1,ESP,Tunnel,IPv6,AES-256-GCM,AEAD-GCM,RSA-Signature,Diffie-Hellman,DH24,False,True,7200,False,True,False,0xB424B651,0x15C234B1,File-Transfer,TCP,IPv6,50,2761,1089,39,1050,0,919,356,0.39,1000791,438511,562280,0.4382,2564.103,Low,65,High,High,Legacy IKE version detected; Perfect Forward Secrecy disabled,0.817,0.806,IKEv1|Tunnel|AES-256-GCM|DH24|False|IPv6|File-Transfer
IPSEC-093-17,ipsec-093-17.pcap,validation,synthetic_lab_ground_truth,26160,IKEv1,ESP,Tunnel,IPv6,AES-256-GCM,AEAD-GCM,RSA-Signature,Diffie-Hellman,DH24,False,True,172800,False,True,False,0x169F2D8D,0xB8534AD0,VoIP,UDP,IPv6,50,2994,236,9,227,3,218,56,0.08,51448,29587,21861,0.5751,10000.0,Medium,57,High,High,Legacy IKE version detected; Perfect Forward Secrecy disabled; Long Security Association lifetime,0.781,0.817,IKEv1|Tunnel|AES-256-GCM|DH24|False|IPv6|VoIP
IPSEC-093-18,ipsec-093-18.pcap,test,synthetic_lab_ground_truth,26160,IKEv1,ESP,Tunnel,IPv6,AES-256-GCM,AEAD-GCM,RSA-Signature,Diffie-Hellman,DH24,False,True,14400,False,True,False,0xA49AEBAA,0x70FBDFA3,ICMP,ICMP/ICMPv6,IPv6,50,133,70,31,39,1,102,22,0.53,7140,3832,3308,0.5368,1886.792,Low,65,High,High,Legacy IKE version detected; Perfect Forward Secrecy disabled,0.827,0.962,IKEv1|Tunnel|AES-256-GCM|DH24|False|IPv6|ICMP
IPSEC-093-19,ipsec-093-19.pcap,test,synthetic_lab_ground_truth,26160,IKEv1,ESP,Tunnel,IPv6,AES-256-GCM,AEAD-GCM,RSA-Signature,Diffie-Hellman,DH24,False,True,1800,False,True,False,0x61924840,0x3FBF83DF,Video,TCP/QUIC,IPv6,50,5557,1472,40,1432,1,449,113,0.26,660928,215731,445197,0.3264,3846.154,Medium,65,High,High,Legacy IKE version detected; Perfect Forward Secrecy disabled,0.799,0.841,IKEv1|Tunnel|AES-256-GCM|DH24|False|IPv6|Video
IPSEC-093-20,ipsec-093-20.pcap,test,synthetic_lab_ground_truth,26160,IKEv1,ESP,Tunnel,IPv6,AES-256-GCM,AEAD-GCM,RSA-Signature,Diffie-Hellman,DH24,False,True,600,False,True,False,0x5A06834D,0x50A3C23A,Chat,TCP,IPv6,50,938,376,17,359,1,236,54,0.4,88736,46496,42240,0.524,2500.0,Low,65,High,High,Legacy IKE version detected; Perfect Forward Secrecy disabled,0.793,0.712,IKEv1|Tunnel|AES-256-GCM|DH24|False|IPv6|Chat
IPSEC-094-01,ipsec-094-01.pcap,train,synthetic_lab_ground_truth,26160,IKEv2,ESP,Tunnel,IPv6,AES-256-GCM,AEAD-GCM,ECDSA-Signature,Diffie-Hellman,DH24,False,True,14400,True,True,True,0x84214966,0x43060E91,Email,TCP,IPv6,50,457,615,20,595,0,393,143,1.35,241695,116122,125573,0.4805,740.741,Low,80,Medium,Medium,Perfect Forward Secrecy disabled,0.938,0.75,IKEv2|Tunnel|AES-256-GCM|DH24|False|IPv6|Email
IPSEC-094-02,ipsec-094-02.pcap,train,synthetic_lab_ground_truth,26160,IKEv2,ESP,Tunnel,IPv6,AES-256-GCM,AEAD-GCM,ECDSA-Signature,Diffie-Hellman,DH24,False,True,28800,False,True,False,0x45C84849,0xF0050FD5,File-Transfer,TCP,IPv6,50,2894,1156,15,1141,0,840,169,0.4,971040,491733,479307,0.5064,2500.0,Low,80,Medium,Medium,Perfect Forward Secrecy disabled,0.952,0.746,IKEv2|Tunnel|AES-256-GCM|DH24|False|IPv6|File-Transfer
IPSEC-094-03,ipsec-094-03.pcap,train,synthetic_lab_ground_truth,26160,IKEv2,ESP,Tunnel,IPv6,AES-256-GCM,AEAD-GCM,ECDSA-Signature,Diffie-Hellman,DH24,False,True,28800,True,True,True,0xBBE1ACF4,0xCD577D2F,VoIP,UDP,IPv6,50,1193,68,34,34,0,261,42,0.06,17748,10798,6950,0.6084,10000.0,Medium,80,Medium,Medium,Perfect Forward Secrecy disabled,0.941,0.769,IKEv2|Tunnel|AES-256-GCM|DH24|False|IPv6|VoIP
IPSEC-094-04,ipsec-094-04.pcap,train,synthetic_lab_ground_truth,26160,IKEv2,ESP,Tunnel,IPv6,AES-256-GCM,AEAD-GCM,ECDSA-Signature,Diffie-Hellman,DH24,False,True,14400,False,True,False,0x6350F35A,0x6B5BC75C,ICMP,ICMP/ICMPv6,IPv6,50,247,93,29,64,0,107,8,0.38,9951,5233,4718,0.5259,2631.579,Low,80,Medium,Medium,Perfect Forward Secrecy disabled,0.923,0.907,IKEv2|Tunnel|AES-256-GCM|DH24|False|IPv6|ICMP
IPSEC-094-05,ipsec-094-05.pcap,train,synthetic_lab_ground_truth,26160,IKEv2,ESP,Tunnel,IPv6,AES-256-GCM,AEAD-GCM,ECDSA-Signature,Diffie-Hellman,DH24,False,True,28800,False,True,False,0xD98672D3,0xDB1A29A5,Video,TCP/QUIC,IPv6,50,4059,943,39,904,0,417,136,0.23,393231,178549,214682,0.4541,4347.826,Medium,80,Medium,Medium,Perfect Forward Secrecy disabled,0.912,0.836,IKEv2|Tunnel|AES-256-GCM|DH24|False|IPv6|Video
IPSEC-094-06,ipsec-094-06.pcap,train,synthetic_lab_ground_truth,26160,IKEv2,ESP,Tunnel,IPv6,AES-256-GCM,AEAD-GCM,ECDSA-Signature,Diffie-Hellman,DH24,False,False,86400,True,True,True,0x6530360E,0x23BB91B5,Chat,TCP,IPv6,50,1078,400,34,366,0,301,106,0.37,120400,64280,56120,0.5339,2702.703,Low,55,High,Critical,Perfect Forward Secrecy disabled; Replay protection disabled,0.94,0.748,IKEv2|Tunnel|AES-256-GCM|DH24|False|IPv6|Chat
IPSEC-094-07,ipsec-094-07.pcap,train,synthetic_lab_ground_truth,26160,IKEv2,ESP,Tunnel,IPv6,AES-256-GCM,AEAD-GCM,ECDSA-Signature,Diffie-Hellman,DH24,False,True,86400,False,True,False,0x1FCA9BFD,0x9EF2CFE8,Web,TCP,IPv6,50,1586,581,20,561,1,458,156,0.37,266098,110937,155161,0.4169,2702.703,Low,80,Medium,Medium,Perfect Forward Secrecy disabled,0.948,0.828,IKEv2|Tunnel|AES-256-GCM|DH24|False|IPv6|Web
IPSEC-094-08,ipsec-094-08.pcap,train,synthetic_lab_ground_truth,26160,IKEv2,ESP,Tunnel,IPv6,AES-256-GCM,AEAD-GCM,ECDSA-Signature,Diffie-Hellman,DH24,False,True,14400,True,True,True,0x17652F0C,0xB0A4EE34,Email,TCP,IPv6,50,577,786,20,766,0,357,110,1.36,280602,210167,70435,0.749,735.294,Low,80,Medium,Medium,Perfect Forward Secrecy disabled,0.947,0.752,IKEv2|Tunnel|AES-256-GCM|DH24|False|IPv6|Email
IPSEC-094-09,ipsec-094-09.pcap,train,synthetic_lab_ground_truth,26160,IKEv2,ESP,Tunnel,IPv6,AES-256-GCM,AEAD-GCM,ECDSA-Signature,Diffie-Hellman,DH24,False,True,14400,False,True,False,0x30B04C76,0xECFB296A,File-Transfer,TCP,IPv6,50,2940,1281,13,1268,0,919,194,0.44,1177239,557076,620163,0.4732,2272.727,Low,80,Medium,Medium,Perfect Forward Secrecy disabled,0.971,0.849,IKEv2|Tunnel|AES-256-GCM|DH24|False|IPv6|File-Transfer
IPSEC-094-10,ipsec-094-10.pcap,train,synthetic_lab_ground_truth,26160,IKEv2,ESP,Tunnel,IPv6,AES-256-GCM,AEAD-GCM,ECDSA-Signature,Diffie-Hellman,DH24,False,True,7200,True,True,True,0x6C0B0B89,0x3F06744D,VoIP,UDP,IPv6,50,1992,136,41,95,2,216,61,0.07,29376,13336,16040,0.454,10000.0,Medium,80,Medium,Medium,Perfect Forward Secrecy disabled,0.922,0.824,IKEv2|Tunnel|AES-256-GCM|DH24|False|IPv6|VoIP
IPSEC-094-11,ipsec-094-11.pcap,train,synthetic_lab_ground_truth,26160,IKEv2,ESP,Tunnel,IPv6,AES-256-GCM,AEAD-GCM,ECDSA-Signature,Diffie-Hellman,DH24,False,True,3600,False,True,False,0x2557DDD4,0xD3817555,ICMP,ICMP/ICMPv6,IPv6,50,239,103,39,64,0,99,29,0.43,10197,5487,4710,0.5381,2325.581,Low,80,Medium,Medium,Perfect Forward Secrecy disabled,0.963,0.887,IKEv2|Tunnel|AES-256-GCM|DH24|False|IPv6|ICMP
IPSEC-094-12,ipsec-094-12.pcap,train,synthetic_lab_ground_truth,26160,IKEv2,ESP,Tunnel,IPv6,AES-256-GCM,AEAD-GCM,ECDSA-Signature,Diffie-Hellman,DH24,False,True,28800,False,True,False,0x29CDBE1C,0x3F48086B,Video,TCP/QUIC,IPv6,50,4043,1110,37,1073,0,513,85,0.27,569430,109406,460024,0.1921,3703.704,Medium,80,Medium,Medium,Perfect Forward Secrecy disabled,0.95,0.833,IKEv2|Tunnel|AES-256-GCM|DH24|False|IPv6|Video
IPSEC-094-13,ipsec-094-13.pcap,train,synthetic_lab_ground_truth,26160,IKEv2,ESP,Tunnel,IPv6,AES-256-GCM,AEAD-GCM,ECDSA-Signature,Diffie-Hellman,DH24,False,True,14400,False,True,False,0x17EA82FB,0x5393D85D,Chat,TCP,IPv6,50,1339,489,11,478,1,200,42,0.37,97800,46092,51708,0.4713,2702.703,Low,80,Medium,Medium,Perfect Forward Secrecy disabled,0.945,0.742,IKEv2|Tunnel|AES-256-GCM|DH24|False|IPv6|Chat
IPSEC-094-14,ipsec-094-14.pcap,train,synthetic_lab_ground_truth,26160,IKEv2,ESP,Tunnel,IPv6,AES-256-GCM,AEAD-GCM,ECDSA-Signature,Diffie-Hellman,DH24,False,False,86400,False,True,False,0xBC015B13,0xFD47DF5F,Web,TCP,IPv6,50,1568,754,39,715,0,559,154,0.48,421486,176550,244936,0.4189,2083.333,Low,55,High,Critical,Perfect Forward Secrecy disabled; Replay protection disabled,0.933,0.764,IKEv2|Tunnel|AES-256-GCM|DH24|False|IPv6|Web
IPSEC-094-15,ipsec-094-15.pcap,validation,synthetic_lab_ground_truth,26160,IKEv2,ESP,Tunnel,IPv6,AES-256-GCM,AEAD-GCM,ECDSA-Signature,Diffie-Hellman,DH24,False,True,14400,True,True,True,0x83FA34AC,0x35FE894A,Email,TCP,IPv6,50,450,479,40,439,0,430,133,1.06,205970,123949,82021,0.6018,943.396,Low,80,Medium,Medium,Perfect Forward Secrecy disabled,0.95,0.73,IKEv2|Tunnel|AES-256-GCM|DH24|False|IPv6|Email
IPSEC-094-16,ipsec-094-16.pcap,validation,synthetic_lab_ground_truth,26160,IKEv2,ESP,Tunnel,IPv6,AES-256-GCM,AEAD-GCM,ECDSA-Signature,Diffie-Hellman,DH24,False,True,300,False,True,False,0x443C2A66,0x481589B4,File-Transfer,TCP,IPv6,50,3664,1355,16,1339,0,763,252,0.37,1033865,453509,580356,0.4387,2702.703,Low,80,Medium,Medium,Perfect Forward Secrecy disabled,0.983,0.831,IKEv2|Tunnel|AES-256-GCM|DH24|False|IPv6|File-Transfer
IPSEC-094-17,ipsec-094-17.pcap,validation,synthetic_lab_ground_truth,26160,IKEv2,ESP,Tunnel,IPv6,AES-256-GCM,AEAD-GCM,ECDSA-Signature,Diffie-Hellman,DH24,False,True,14400,True,True,True,0xE16DFB9A,0x31207E43,VoIP,UDP,IPv6,50,2716,196,29,167,0,228,46,0.07,44688,18505,26183,0.4141,10000.0,Medium,80,Medium,Medium,Perfect Forward Secrecy disabled,0.942,0.754,IKEv2|Tunnel|AES-256-GCM|DH24|False|IPv6|VoIP
IPSEC-094-18,ipsec-094-18.pcap,test,synthetic_lab_ground_truth,26160,IKEv2,ESP,Tunnel,IPv6,AES-256-GCM,AEAD-GCM,ECDSA-Signature,Diffie-Hellman,DH24,False,True,3600,True,True,True,0x6AEB1366,0xBA5F2991,ICMP,ICMP/ICMPv6,IPv6,50,308,122,31,91,0,85,18,0.4,10370,2786,7584,0.2687,2500.0,Low,80,Medium,Medium,Perfect Forward Secrecy disabled,0.982,0.949,IKEv2|Tunnel|AES-256-GCM|DH24|False|IPv6|ICMP
IPSEC-094-19,ipsec-094-19.pcap,test,synthetic_lab_ground_truth,26160,IKEv2,ESP,Tunnel,IPv6,AES-256-GCM,AEAD-GCM,ECDSA-Signature,Diffie-Hellman,DH24,False,False,86400,False,True,False,0xA49560A1,0x15F51962,Video,TCP/QUIC,IPv6,50,6577,1843,22,1821,1,501,96,0.28,923343,390536,532807,0.423,3571.429,Medium,55,High,Critical,Perfect Forward Secrecy disabled; Replay protection disabled,0.929,0.811,IKEv2|Tunnel|AES-256-GCM|DH24|False|IPv6|Video
IPSEC-094-20,ipsec-094-20.pcap,test,synthetic_lab_ground_truth,26160,IKEv2,ESP,Tunnel,IPv6,AES-256-GCM,AEAD-GCM,ECDSA-Signature,Diffie-Hellman,DH24,False,True,300,False,True,False,0x36BD1BC4,0xDD1603F2,Chat,TCP,IPv6,50,995,374,26,348,0,215,44,0.38,80410,36310,44100,0.4516,2631.579,Low,80,Medium,Medium,Perfect Forward Secrecy disabled,0.99,0.766,IKEv2|Tunnel|AES-256-GCM|DH24|False|IPv6|Chat
IPSEC-095-01,ipsec-095-01.pcap,train,synthetic_lab_ground_truth,26160,IKEv1,ESP,Transport,IPv6,AES-256-CBC,HMAC-SHA256-128,PSK,Diffie-Hellman,DH20,True,True,3600,False,True,False,0xAB52067F,0x42C47CC0,Email,TCP,IPv6,50,414,624,14,610,2,432,104,1.51,269568,140404,129164,0.5208,662.252,Medium,79,Medium,High,Legacy IKE version detected,0.762,0.729,IKEv1|Transport|AES-256-CBC|DH20|True|IPv6|Email
IPSEC-095-02,ipsec-095-02.pcap,train,synthetic_lab_ground_truth,26160,IKEv1,ESP,Transport,IPv6,AES-256-CBC,HMAC-SHA256-128,PSK,Diffie-Hellman,DH20,True,True,3600,True,True,True,0xFF9CB401,0xE61A05E7,File-Transfer,TCP,IPv6,50,3460,1402,28,1374,0,776,139,0.41,1087952,509006,578946,0.4679,2439.024,Medium,79,Medium,High,Legacy IKE version detected,0.724,0.747,IKEv1|Transport|AES-256-CBC|DH20|True|IPv6|File-Transfer
IPSEC-095-03,ipsec-095-03.pcap,train,synthetic_lab_ground_truth,26160,IKEv1,ESP,Transport,IPv6,AES-256-CBC,HMAC-SHA256-128,PSK,Diffie-Hellman,DH20,True,True,7200,False,True,False,0xC3C99D54,0x894BCC87,VoIP,UDP,IPv6,50,2264,145,37,108,0,175,45,0.06,25375,14164,11211,0.5582,10000.0,Medium,79,Medium,High,Legacy IKE version detected,0.761,0.845,IKEv1|Transport|AES-256-CBC|DH20|True|IPv6|VoIP
IPSEC-095-04,ipsec-095-04.pcap,train,synthetic_lab_ground_truth,26160,IKEv1,ESP,Transport,IPv6,AES-256-CBC,HMAC-SHA256-128,PSK,Diffie-Hellman,DH20,True,True,86400,True,True,True,0x757621C0,0x8933B4B3,ICMP,ICMP/ICMPv6,IPv6,50,246,105,42,63,0,99,31,0.43,10395,4347,6048,0.4182,2325.581,Medium,79,Medium,High,Legacy IKE version detected,0.766,0.976,IKEv1|Transport|AES-256-CBC|DH20|True|IPv6|ICMP
IPSEC-095-05,ipsec-095-05.pcap,train,synthetic_lab_ground_truth,26160,IKEv1,ESP,Transport,IPv6,AES-256-CBC,HMAC-SHA256-128,PSK,Diffie-Hellman,DH20,True,True,14400,False,True,False,0xCE0CAF1C,0xA2A8632D,Video,TCP/QUIC,IPv6,50,3965,918,10,908,0,569,138,0.23,522342,231673,290669,0.4435,4347.826,Medium,79,Medium,High,Legacy IKE version detected,0.778,0.894,IKEv1|Transport|AES-256-CBC|DH20|True|IPv6|Video
IPSEC-095-06,ipsec-095-06.pcap,train,synthetic_lab_ground_truth,26160,IKEv1,ESP,Transport,IPv6,AES-256-CBC,HMAC-SHA256-128,PSK,Diffie-Hellman,DH20,True,False,28800,False,True,False,0x30611520,0x60A818C8,Chat,TCP,IPv6,50,731,269,42,227,3,261,45,0.37,70209,46381,23828,0.6606,2702.703,Medium,54,High,Critical,Legacy IKE version detected; Replay protection disabled,0.817,0.718,IKEv1|Transport|AES-256-CBC|DH20|True|IPv6|Chat
IPSEC-095-07,ipsec-095-07.pcap,train,synthetic_lab_ground_truth,26160,IKEv1,ESP,Transport,IPv6,AES-256-CBC,HMAC-SHA256-128,PSK,Diffie-Hellman,DH20,True,True,3600,False,True,False,0xBE61E53B,0xA605F809,Web,TCP,IPv6,50,2129,947,29,918,0,542,168,0.44,513274,136636,376638,0.2662,2272.727,Medium,79,Medium,High,Legacy IKE version detected,0.755,0.874,IKEv1|Transport|AES-256-CBC|DH20|True|IPv6|Web
IPSEC-095-08,ipsec-095-08.pcap,train,synthetic_lab_ground_truth,26160,IKEv1,ESP,Transport,IPv6,AES-256-CBC,HMAC-SHA256-128,PSK,Diffie-Hellman,DH20,True,True,86400,False,True,False,0x10DCAC76,0x7B489F3A,Email,TCP,IPv6,50,995,1179,11,1168,0,449,76,1.18,529371,356135,173236,0.6728,847.458,Medium,79,Medium,High,Legacy IKE version detected,0.74,0.702,IKEv1|Transport|AES-256-CBC|DH20|True|IPv6|Email
IPSEC-095-09,ipsec-095-09.pcap,train,synthetic_lab_ground_truth,26160,IKEv1,ESP,Transport,IPv6,AES-256-CBC,HMAC-SHA256-128,PSK,Diffie-Hellman,DH20,True,True,1800,False,True,False,0xBBEADFD6,0x9A1B8C5C,File-Transfer,TCP,IPv6,50,1743,883,12,871,0,865,192,0.51,763795,466378,297417,0.6106,1960.784,Medium,79,Medium,High,Legacy IKE version detected,0.812,0.786,IKEv1|Transport|AES-256-CBC|DH20|True|IPv6|File-Transfer
IPSEC-095-10,ipsec-095-10.pcap,train,synthetic_lab_ground_truth,26160,IKEv1,ESP,Transport,IPv6,AES-256-CBC,HMAC-SHA256-128,PSK,Diffie-Hellman,DH20,True,True,28800,False,True,False,0xB6B2BFE7,0xEC557F3F,VoIP,UDP,IPv6,50,2433,156,43,113,0,236,43,0.06,36816,20573,16243,0.5588,10000.0,Medium,79,Medium,High,Legacy IKE version detected,0.782,0.793,IKEv1|Transport|AES-256-CBC|DH20|True|IPv6|VoIP
IPSEC-095-11,ipsec-095-11.pcap,train,synthetic_lab_ground_truth,26160,IKEv1,ESP,Transport,IPv6,AES-256-CBC,HMAC-SHA256-128,PSK,Diffie-Hellman,DH20,True,True,7200,False,True,False,0x9E4FED9D,0x5679522F,ICMP,ICMP/ICMPv6,IPv6,50,284,116,42,74,0,94,23,0.41,10904,4336,6568,0.3977,2439.024,Medium,79,Medium,High,Legacy IKE version detected,0.816,0.955,IKEv1|Transport|AES-256-CBC|DH20|True|IPv6|ICMP
IPSEC-095-12,ipsec-095-12.pcap,train,synthetic_lab_ground_truth,26160,IKEv1,ESP,Transport,IPv6,AES-256-CBC,HMAC-SHA256-128,PSK,Diffie-Hellman,DH20,True,True,28800,False,True,False,0xDF7F3AEB,0x21F12D62,Video,TCP/QUIC,IPv6,50,4123,1068,20,1048,0,472,115,0.26,504096,201246,302850,0.3992,3846.154,Medium,79,Medium,High,Legacy IKE version detected,0.785,0.88,IKEv1|Transport|AES-256-CBC|DH20|True|IPv6|Video
IPSEC-095-13,ipsec-095-13.pcap,train,synthetic_lab_ground_truth,26160,IKEv1,ESP,Transport,IPv6,AES-256-CBC,HMAC-SHA256-128,PSK,Diffie-Hellman,DH20,True,True,172800,False,True,False,0x72E5B902,0xFBBD1C2A,Chat,TCP,IPv6,50,1063,398,32,366,2,294,96,0.37,117012,52536,64476,0.449,2702.703,Medium,71,Medium,High,Legacy IKE version detected; Long Security Association lifetime,0.843,0.682,IKEv1|Transport|AES-256-CBC|DH20|True|IPv6|Chat
IPSEC-095-14,ipsec-095-14.pcap,train,synthetic_lab_ground_truth,26160,IKEv1,ESP,Transport,IPv6,AES-256-CBC,HMAC-SHA256-128,PSK,Diffie-Hellman,DH20,True,True,3600,True,True,True,0x232F4E5D,0xC48C2E1B,Web,TCP,IPv6,50,2145,977,12,965,0,451,75,0.46,440627,208572,232055,0.4734,2173.913,Medium,79,Medium,High,Legacy IKE version detected,0.794,0.818,IKEv1|Transport|AES-256-CBC|DH20|True|IPv6|Web
IPSEC-095-15,ipsec-095-15.pcap,validation,synthetic_lab_ground_truth,26160,IKEv1,ESP,Transport,IPv6,AES-256-CBC,HMAC-SHA256-128,PSK,Diffie-Hellman,DH20,True,True,14400,True,True,True,0x9937F675,0x97CFBA92,Email,TCP,IPv6,50,601,786,33,753,0,512,110,1.31,402432,186512,215920,0.4635,763.359,Medium,79,Medium,High,Legacy IKE version detected,0.791,0.777,IKEv1|Transport|AES-256-CBC|DH20|True|IPv6|Email
IPSEC-095-16,ipsec-095-16.pcap,validation,synthetic_lab_ground_truth,26160,IKEv1,ESP,Transport,IPv6,AES-256-CBC,HMAC-SHA256-128,PSK,Diffie-Hellman,DH20,True,True,3600,False,True,False,0x465F48E5,0x95D7AAA9,File-Transfer,TCP,IPv6,50,2068,773,23,750,2,1096,195,0.37,847208,418011,429197,0.4934,2702.703,Medium,79,Medium,High,Legacy IKE version detected,0.769,0.815,IKEv1|Transport|AES-256-CBC|DH20|True|IPv6|File-Transfer
IPSEC-095-17,ipsec-095-17.pcap,validation,synthetic_lab_ground_truth,26160,IKEv1,ESP,Transport,IPv6,AES-256-CBC,HMAC-SHA256-128,PSK,Diffie-Hellman,DH20,True,True,86400,False,True,False,0x26011277,0xCAE376C1,VoIP,UDP,IPv6,50,2673,240,27,213,1,159,48,0.09,38160,17762,20398,0.4655,10000.0,Medium,79,Medium,High,Legacy IKE version detected,0.803,0.819,IKEv1|Transport|AES-256-CBC|DH20|True|IPv6|VoIP
IPSEC-095-18,ipsec-095-18.pcap,test,synthetic_lab_ground_truth,26160,IKEv1,ESP,Transport,IPv6,AES-256-CBC,HMAC-SHA256-128,PSK,Diffie-Hellman,DH20,True,True,28800,True,True,True,0x6397C00B,0x7D97DDE5,ICMP,ICMP/ICMPv6,IPv6,50,179,77,20,57,0,95,31,0.43,7315,3337,3978,0.4562,2325.581,Medium,79,Medium,High,Legacy IKE version detected,0.785,0.922,IKEv1|Transport|AES-256-CBC|DH20|True|IPv6|ICMP
IPSEC-095-19,ipsec-095-19.pcap,test,synthetic_lab_ground_truth,26160,IKEv1,ESP,Transport,IPv6,AES-256-CBC,HMAC-SHA256-128,PSK,Diffie-Hellman,DH20,True,True,1800,True,True,True,0xD1681B58,0xB71613F1,Video,TCP/QUIC,IPv6,50,4438,1358,8,1350,2,509,113,0.31,691222,283860,407362,0.4107,3225.806,Medium,79,Medium,High,Legacy IKE version detected,0.752,0.863,IKEv1|Transport|AES-256-CBC|DH20|True|IPv6|Video
IPSEC-095-20,ipsec-095-20.pcap,test,synthetic_lab_ground_truth,26160,IKEv1,ESP,Transport,IPv6,AES-256-CBC,HMAC-SHA256-128,PSK,Diffie-Hellman,DH20,True,True,86400,False,True,False,0x5D9F71A0,0xE26F71C9,Chat,TCP,IPv6,50,991,301,21,280,1,270,89,0.3,81270,52984,28286,0.652,3333.333,Medium,79,Medium,High,Legacy IKE version detected,0.816,0.668,IKEv1|Transport|AES-256-CBC|DH20|True|IPv6|Chat
IPSEC-096-01,ipsec-096-01.pcap,train,synthetic_lab_ground_truth,26160,IKEv2,ESP,Transport,IPv6,AES-256-GCM,AEAD-GCM,PSK,Diffie-Hellman,DH19,True,True,14400,False,True,False,0x4B962BDB,0xA6C0A4D9,Email,TCP,IPv6,50,386,391,42,349,0,569,171,1.01,222479,121997,100482,0.5484,990.099,Medium,98,Low,Informational,No major policy violations detected,0.886,0.763,IKEv2|Transport|AES-256-GCM|DH19|True|IPv6|Email
IPSEC-096-02,ipsec-096-02.pcap,train,synthetic_lab_ground_truth,26160,IKEv2,ESP,Transport,IPv6,AES-256-GCM,AEAD-GCM,PSK,Diffie-Hellman,DH19,True,True,28800,False,True,False,0x73BAC763,0x7C3C7081,File-Transfer,TCP,IPv6,50,3425,1654,26,1628,1,1034,262,0.48,1710236,742226,968010,0.434,2083.333,Medium,98,Low,Informational,No major policy violations detected,0.927,0.816,IKEv2|Transport|AES-256-GCM|DH19|True|IPv6|File-Transfer
IPSEC-096-03,ipsec-096-03.pcap,train,synthetic_lab_ground_truth,26160,IKEv2,ESP,Transport,IPv6,AES-256-GCM,AEAD-GCM,PSK,Diffie-Hellman,DH19,True,True,172800,True,True,True,0x788E2723,0x258B5591,VoIP,UDP,IPv6,50,3054,274,39,235,2,229,64,0.09,62746,29024,33722,0.4626,10000.0,Medium,90,Low,Medium,Long Security Association lifetime,0.963,0.826,IKEv2|Transport|AES-256-GCM|DH19|True|IPv6|VoIP
IPSEC-096-04,ipsec-096-04.pcap,train,synthetic_lab_ground_truth,26160,IKEv2,ESP,Transport,IPv6,AES-256-GCM,AEAD-GCM,PSK,Diffie-Hellman,DH19,True,True,3600,True,True,True,0x28DD3AA6,0x9410FE25,ICMP,ICMP/ICMPv6,IPv6,50,159,68,42,26,1,73,18,0.43,4964,2251,2713,0.4536,2325.581,Medium,98,Low,Informational,No major policy violations detected,0.939,0.901,IKEv2|Transport|AES-256-GCM|DH19|True|IPv6|ICMP
IPSEC-096-05,ipsec-096-05.pcap,train,synthetic_lab_ground_truth,26160,IKEv2,ESP,Transport,IPv6,AES-256-GCM,AEAD-GCM,PSK,Diffie-Hellman,DH19,True,True,86400,True,True,True,0x87ADCC7B,0xC0C00AC4,Video,TCP/QUIC,IPv6,50,5171,1517,40,1477,0,515,133,0.29,781255,206728,574527,0.2646,3448.276,Medium,98,Low,Informational,No major policy violations detected,0.929,0.8,IKEv2|Transport|AES-256-GCM|DH19|True|IPv6|Video
IPSEC-096-06,ipsec-096-06.pcap,train,synthetic_lab_ground_truth,26160,IKEv2,ESP,Transport,IPv6,AES-256-GCM,AEAD-GCM,PSK,Diffie-Hellman,DH19,True,True,14400,False,True,False,0xB87C8076,0xB4626DD7,Chat,TCP,IPv6,50,1332,536,44,492,0,311,71,0.4,166696,95398,71298,0.5723,2500.0,Medium,98,Low,Informational,No major policy violations detected,0.912,0.796,IKEv2|Transport|AES-256-GCM|DH19|True|IPv6|Chat
IPSEC-096-07,ipsec-096-07.pcap,train,synthetic_lab_ground_truth,26160,IKEv2,ESP,Transport,IPv6,AES-256-GCM,AEAD-GCM,PSK,Diffie-Hellman,DH19,True,True,14400,False,True,False,0xCE92A714,0x570C3F2F,Web,TCP,IPv6,50,1421,771,19,752,2,469,151,0.54,361599,99908,261691,0.2763,1851.852,Medium,98,Low,Informational,No major policy violations detected,0.936,0.768,IKEv2|Transport|AES-256-GCM|DH19|True|IPv6|Web
IPSEC-096-08,ipsec-096-08.pcap,train,synthetic_lab_ground_truth,26160,IKEv2,ESP,Transport,IPv6,AES-256-GCM,AEAD-GCM,PSK,Diffie-Hellman,DH19,True,True,3600,False,True,False,0xB7E57C6D,0x27CAC696,Email,TCP,IPv6,50,587,656,40,616,2,515,121,1.12,337840,192027,145813,0.5684,892.857,Medium,98,Low,Informational,No major policy violations detected,0.99,0.786,IKEv2|Transport|AES-256-GCM|DH19|True|IPv6|Email
IPSEC-096-09,ipsec-096-09.pcap,train,synthetic_lab_ground_truth,26160,IKEv2,ESP,Transport,IPv6,AES-256-GCM,AEAD-GCM,PSK,Diffie-Hellman,DH19,True,True,7200,False,True,False,0xC2F7AD44,0x219DC7DF,File-Transfer,TCP,IPv6,50,3214,1367,30,1337,1,800,249,0.43,1093600,717287,376313,0.6559,2325.581,Medium,98,Low,Informational,No major policy violations detected,0.907,0.82,IKEv2|Transport|AES-256-GCM|DH19|True|IPv6|File-Transfer
IPSEC-096-10,ipsec-096-10.pcap,train,synthetic_lab_ground_truth,26160,IKEv2,ESP,Transport,IPv6,AES-256-GCM,AEAD-GCM,PSK,Diffie-Hellman,DH19,True,False,1800,False,True,False,0x156F4FE7,0xEB64A7C6,VoIP,UDP,IPv6,50,2322,196,9,187,0,223,51,0.08,43708,22891,20817,0.5237,10000.0,Medium,73,Medium,Critical,Replay protection disabled,0.99,0.855,IKEv2|Transport|AES-256-GCM|DH19|True|IPv6|VoIP
IPSEC-096-11,ipsec-096-11.pcap,train,synthetic_lab_ground_truth,26160,IKEv2,ESP,Transport,IPv6,AES-256-GCM,AEAD-GCM,PSK,Diffie-Hellman,DH19,True,True,7200,False,True,False,0x97D1706D,0xB002CD24,ICMP,ICMP/ICMPv6,IPv6,50,246,89,12,77,1,90,17,0.36,8010,2918,5092,0.3644,2777.778,Medium,98,Low,Informational,No major policy violations detected,0.94,0.879,IKEv2|Transport|AES-256-GCM|DH19|True|IPv6|ICMP
IPSEC-096-12,ipsec-096-12.pcap,train,synthetic_lab_ground_truth,26160,IKEv2,ESP,Transport,IPv6,AES-256-GCM,AEAD-GCM,PSK,Diffie-Hellman,DH19,True,True,600,True,True,True,0x1CF6C47A,0xDC7F8D89,Video,TCP/QUIC,IPv6,50,3762,994,29,965,1,521,125,0.26,517874,255718,262156,0.4938,3846.154,Medium,98,Low,Informational,No major policy violations detected,0.956,0.86,IKEv2|Transport|AES-256-GCM|DH19|True|IPv6|Video
IPSEC-096-13,ipsec-096-13.pcap,train,synthetic_lab_ground_truth,26160,IKEv2,ESP,Transport,IPv6,AES-256-GCM,AEAD-GCM,PSK,Diffie-Hellman,DH19,True,True,7200,False,True,False,0xA7D3FE6F,0xACB8E589,Chat,TCP,IPv6,50,1328,413,36,377,1,261,49,0.31,107793,51944,55849,0.4819,3225.806,Medium,98,Low,Informational,No major policy violations detected,0.937,0.747,IKEv2|Transport|AES-256-GCM|DH19|True|IPv6|Chat
IPSEC-096-14,ipsec-096-14.pcap,train,synthetic_lab_ground_truth,26160,IKEv2,ESP,Transport,IPv6,AES-256-GCM,AEAD-GCM,PSK,Diffie-Hellman,DH19,True,True,3600,True,True,True,0x21032C0B,0x65D1A0CD,Web,TCP,IPv6,50,2205,889,25,864,0,494,87,0.4,439166,176090,263076,0.401,2500.0,Medium,98,Low,Informational,No major policy violations detected,0.942,0.816,IKEv2|Transport|AES-256-GCM|DH19|True|IPv6|Web
IPSEC-096-15,ipsec-096-15.pcap,validation,synthetic_lab_ground_truth,26160,IKEv2,ESP,Transport,IPv6,AES-256-GCM,AEAD-GCM,PSK,Diffie-Hellman,DH19,True,True,7200,True,True,True,0x46B7C777,0x57DFD77C,Email,TCP,IPv6,50,579,613,15,598,2,474,131,1.06,290562,167831,122731,0.5776,943.396,Medium,98,Low,Informational,No major policy violations detected,0.97,0.775,IKEv2|Transport|AES-256-GCM|DH19|True|IPv6|Email
IPSEC-096-16,ipsec-096-16.pcap,validation,synthetic_lab_ground_truth,26160,IKEv2,ESP,Transport,IPv6,AES-256-GCM,AEAD-GCM,PSK,Diffie-Hellman,DH19,True,True,1800,False,True,False,0x403B41B3,0xE5507656,File-Transfer,TCP,IPv6,50,3577,1942,15,1927,1,1064,325,0.54,2066288,771549,1294739,0.3734,1851.852,Medium,98,Low,Informational,No major policy violations detected,0.931,0.812,IKEv2|Transport|AES-256-GCM|DH19|True|IPv6|File-Transfer
IPSEC-096-17,ipsec-096-17.pcap,validation,synthetic_lab_ground_truth,26160,IKEv2,ESP,Transport,IPv6,AES-256-GCM,AEAD-GCM,PSK,Diffie-Hellman,DH19,True,True,28800,False,True,False,0xBE0DEF10,0xAE26E161,VoIP,UDP,IPv6,50,3212,279,44,235,2,206,47,0.09,57474,32317,25157,0.5623,10000.0,Medium,98,Low,Informational,No major policy violations detected,0.88,0.801,IKEv2|Transport|AES-256-GCM|DH19|True|IPv6|VoIP
IPSEC-096-18,ipsec-096-18.pcap,test,synthetic_lab_ground_truth,26160,IKEv2,ESP,Transport,IPv6,AES-256-GCM,AEAD-GCM,PSK,Diffie-Hellman,DH19,True,True,7200,True,True,True,0x9FD5F029,0xDD0E931B,ICMP,ICMP/ICMPv6,IPv6,50,265,86,16,70,0,117,27,0.32,10062,4813,5249,0.4784,3125.0,Medium,98,Low,Informational,No major policy violations detected,0.953,0.962,IKEv2|Transport|AES-256-GCM|DH19|True|IPv6|ICMP
IPSEC-096-19,ipsec-096-19.pcap,test,synthetic_lab_ground_truth,26160,IKEv2,ESP,Transport,IPv6,AES-256-GCM,AEAD-GCM,PSK,Diffie-Hellman,DH19,True,True,300,False,True,False,0xCE64B29B,0xB0C341AA,Video,TCP/QUIC,IPv6,50,5206,1218,33,1185,0,421,100,0.23,512778,144641,368137,0.2821,4347.826,Medium,98,Low,Informational,No major policy violations detected,0.99,0.793,IKEv2|Transport|AES-256-GCM|DH19|True|IPv6|Video
IPSEC-096-20,ipsec-096-20.pcap,test,synthetic_lab_ground_truth,26160,IKEv2,ESP,Transport,IPv6,AES-256-GCM,AEAD-GCM,PSK,Diffie-Hellman,DH19,True,True,7200,True,True,True,0x65887CD5,0xBD07D81B,Chat,TCP,IPv6,50,1125,448,15,433,0,248,60,0.4,111104,41406,69698,0.3727,2500.0,Medium,98,Low,Informational,No major policy violations detected,0.922,0.683,IKEv2|Transport|AES-256-GCM|DH19|True|IPv6|Chat
IPSEC-097-01,ipsec-097-01.pcap,train,synthetic_lab_ground_truth,26160,IKEv2,ESP,Tunnel,IPv4,AES-128-CBC,HMAC-SHA256-128,RSA-Signature,Diffie-Hellman,DH19,True,True,86400,True,True,True,0x812577A9,0x6997D9A5,Email,TCP,IPv4,50,810,975,11,964,0,443,143,1.2,431925,266547,165378,0.6171,833.333,Low,92,Low,Informational,No major policy violations detected,0.957,0.772,IKEv2|Tunnel|AES-128-CBC|DH19|True|IPv4|Email
IPSEC-097-02,ipsec-097-02.pcap,train,synthetic_lab_ground_truth,26160,IKEv2,ESP,Tunnel,IPv4,AES-128-CBC,HMAC-SHA256-128,RSA-Signature,Diffie-Hellman,DH19,True,True,7200,False,True,False,0x4E600899,0x5E438913,File-Transfer,TCP,IPv4,50,2828,1205,14,1191,1,1116,342,0.43,1344780,465811,878969,0.3464,2325.581,Low,92,Low,Informational,No major policy violations detected,0.889,0.817,IKEv2|Tunnel|AES-128-CBC|DH19|True|IPv4|File-Transfer
IPSEC-097-03,ipsec-097-03.pcap,train,synthetic_lab_ground_truth,26160,IKEv2,ESP,Tunnel,IPv4,AES-128-CBC,HMAC-SHA256-128,RSA-Signature,Diffie-Hellman,DH19,True,True,3600,False,True,False,0x17582F57,0x37CCF96A,VoIP,UDP,IPv4,50,2583,256,26,230,0,197,35,0.1,50432,26382,24050,0.5231,10000.0,Medium,92,Low,Informational,No major policy violations detected,0.881,0.786,IKEv2|Tunnel|AES-128-CBC|DH19|True|IPv4|VoIP
IPSEC-097-04,ipsec-097-04.pcap,train,synthetic_lab_ground_truth,26160,IKEv2,ESP,Tunnel,IPv4,AES-128-CBC,HMAC-SHA256-128,RSA-Signature,Diffie-Hellman,DH19,True,True,3600,False,True,False,0x9A0E15A7,0x974CDE95,ICMP,ICMP/ICMPv6,IPv4,50,277,126,11,115,2,89,30,0.45,11214,5411,5803,0.4825,2222.222,Low,92,Low,Informational,No major policy violations detected,0.878,0.947,IKEv2|Tunnel|AES-128-CBC|DH19|True|IPv4|ICMP
IPSEC-097-05,ipsec-097-05.pcap,train,synthetic_lab_ground_truth,26160,IKEv2,ESP,Tunnel,IPv4,AES-128-CBC,HMAC-SHA256-128,RSA-Signature,Diffie-Hellman,DH19,True,True,300,False,True,False,0x2647B4C7,0xE1B1E970,Video,TCP/QUIC,IPv4,50,5964,1485,28,1457,1,403,102,0.25,598455,205148,393307,0.3428,4000.0,Medium,92,Low,Informational,No major policy violations detected,0.898,0.852,IKEv2|Tunnel|AES-128-CBC|DH19|True|IPv4|Video
IPSEC-097-06,ipsec-097-06.pcap,train,synthetic_lab_ground_truth,26160,IKEv2,ESP,Tunnel,IPv4,AES-128-CBC,HMAC-SHA256-128,RSA-Signature,Diffie-Hellman,DH19,True,True,3600,False,True,False,0xB03E9145,0xBE0C80EB,Chat,TCP,IPv4,50,1504,562,32,530,1,213,50,0.37,119706,72299,47407,0.604,2702.703,Low,92,Low,Informational,No major policy violations detected,0.905,0.709,IKEv2|Tunnel|AES-128-CBC|DH19|True|IPv4|Chat
IPSEC-097-07,ipsec-097-07.pcap,train,synthetic_lab_ground_truth,26160,IKEv2,ESP,Tunnel,IPv4,AES-128-CBC,HMAC-SHA256-128,RSA-Signature,Diffie-Hellman,DH19,True,True,1800,False,True,False,0x23A76515,0xEBDF7A77,Web,TCP,IPv4,50,1282,654,34,620,1,548,111,0.51,358392,110192,248200,0.3075,1960.784,Low,92,Low,Informational,No major policy violations detected,0.902,0.775,IKEv2|Tunnel|AES-128-CBC|DH19|True|IPv4|Web
IPSEC-097-08,ipsec-097-08.pcap,train,synthetic_lab_ground_truth,26160,IKEv2,ESP,Tunnel,IPv4,AES-128-CBC,HMAC-SHA256-128,RSA-Signature,Diffie-Hellman,DH19,True,False,1800,False,True,False,0x67D7D0DF,0x43315BDE,Email,TCP,IPv4,50,683,889,17,872,2,396,115,1.3,352044,149359,202685,0.4243,769.231,Low,67,High,Critical,Replay protection disabled,0.911,0.81,IKEv2|Tunnel|AES-128-CBC|DH19|True|IPv4|Email
IPSEC-097-09,ipsec-097-09.pcap,train,synthetic_lab_ground_truth,26160,IKEv2,ESP,Tunnel,IPv4,AES-128-CBC,HMAC-SHA256-128,RSA-Signature,Diffie-Hellman,DH19,True,True,28800,True,True,True,0x6D66EEF9,0x77D17292,File-Transfer,TCP,IPv4,50,3335,1589,41,1548,0,921,124,0.48,1463469,657809,805660,0.4495,2083.333,Low,92,Low,Informational,No major policy violations detected,0.895,0.87,IKEv2|Tunnel|AES-128-CBC|DH19|True|IPv4|File-Transfer
IPSEC-097-10,ipsec-097-10.pcap,train,synthetic_lab_ground_truth,26160,IKEv2,ESP,Tunnel,IPv4,AES-128-CBC,HMAC-SHA256-128,RSA-Signature,Diffie-Hellman,DH19,True,False,7200,True,True,True,0x35F3A0D0,0xB358D273,VoIP,UDP,IPv4,50,3689,310,22,288,0,210,39,0.08,65100,31417,33683,0.4826,10000.0,Medium,67,High,Critical,Replay protection disabled,0.924,0.781,IKEv2|Tunnel|AES-128-CBC|DH19|True|IPv4|VoIP
IPSEC-097-11,ipsec-097-11.pcap,train,synthetic_lab_ground_truth,26160,IKEv2,ESP,Tunnel,IPv4,AES-128-CBC,HMAC-SHA256-128,RSA-Signature,Diffie-Hellman,DH19,True,True,14400,False,True,False,0xC7592375,0xB635630F,ICMP,ICMP/ICMPv6,IPv4,50,251,99,9,90,0,98,28,0.39,9702,5914,3788,0.6097,2564.103,Low,92,Low,Informational,No major policy violations detected,0.9,0.871,IKEv2|Tunnel|AES-128-CBC|DH19|True|IPv4|ICMP
IPSEC-097-12,ipsec-097-12.pcap,train,synthetic_lab_ground_truth,26160,IKEv2,ESP,Tunnel,IPv4,AES-128-CBC,HMAC-SHA256-128,RSA-Signature,Diffie-Hellman,DH19,True,True,3600,False,True,False,0x5203F9F4,0x978102A6,Video,TCP/QUIC,IPv4,50,5864,1611,37,1574,0,510,117,0.27,821610,320208,501402,0.3897,3703.704,Medium,92,Low,Informational,No major policy violations detected,0.912,0.884,IKEv2|Tunnel|AES-128-CBC|DH19|True|IPv4|Video
IPSEC-097-13,ipsec-097-13.pcap,train,synthetic_lab_ground_truth,26160,IKEv2,ESP,Tunnel,IPv4,AES-128-CBC,HMAC-SHA256-128,RSA-Signature,Diffie-Hellman,DH19,True,True,14400,False,True,False,0x6E6628E5,0xB9780C46,Chat,TCP,IPv4,50,1043,363,18,345,1,281,67,0.35,102003,41110,60893,0.403,2857.143,Low,92,Low,Informational,No major policy violations detected,0.908,0.715,IKEv2|Tunnel|AES-128-CBC|DH19|True|IPv4|Chat
IPSEC-097-14,ipsec-097-14.pcap,train,synthetic_lab_ground_truth,26160,IKEv2,ESP,Tunnel,IPv4,AES-128-CBC,HMAC-SHA256-128,RSA-Signature,Diffie-Hellman,DH19,True,True,300,False,True,False,0x592A0E8A,0x2570E112,Web,TCP,IPv4,50,1794,728,29,699,4,688,212,0.41,500864,126989,373875,0.2535,2439.024,Low,92,Low,Informational,No major policy violations detected,0.934,0.763,IKEv2|Tunnel|AES-128-CBC|DH19|True|IPv4|Web
IPSEC-097-15,ipsec-097-15.pcap,validation,synthetic_lab_ground_truth,26160,IKEv2,ESP,Tunnel,IPv4,AES-128-CBC,HMAC-SHA256-128,RSA-Signature,Diffie-Hellman,DH19,True,True,3600,False,True,False,0x24BD349D,0x361703EC,Email,TCP,IPv4,50,540,648,24,624,0,425,127,1.2,275400,168764,106636,0.6128,833.333,Low,92,Low,Informational,No major policy violations detected,0.893,0.766,IKEv2|Tunnel|AES-128-CBC|DH19|True|IPv4|Email
IPSEC-097-16,ipsec-097-16.pcap,validation,synthetic_lab_ground_truth,26160,IKEv2,ESP,Tunnel,IPv4,AES-128-CBC,HMAC-SHA256-128,RSA-Signature,Diffie-Hellman,DH19,True,True,3600,False,True,False,0x9294E660,0xD1DE08A5,File-Transfer,TCP,IPv4,50,3987,1717,23,1694,0,806,143,0.43,1383902,839123,544779,0.6063,2325.581,Low,92,Low,Informational,No major policy violations detected,0.922,0.791,IKEv2|Tunnel|AES-128-CBC|DH19|True|IPv4|File-Transfer
IPSEC-097-17,ipsec-097-17.pcap,validation,synthetic_lab_ground_truth,26160,IKEv2,ESP,Tunnel,IPv4,AES-128-CBC,HMAC-SHA256-128,RSA-Signature,Diffie-Hellman,DH19,True,True,7200,False,True,False,0x34561AB7,0xCD2E3AAC,VoIP,UDP,IPv4,50,2729,241,44,197,1,219,67,0.09,52779,22369,30410,0.4238,10000.0,Medium,92,Low,Informational,No major policy violations detected,0.904,0.825,IKEv2|Tunnel|AES-128-CBC|DH19|True|IPv4|VoIP
IPSEC-097-18,ipsec-097-18.pcap,test,synthetic_lab_ground_truth,26160,IKEv2,ESP,Tunnel,IPv4,AES-128-CBC,HMAC-SHA256-128,RSA-Signature,Diffie-Hellman,DH19,True,True,14400,False,True,False,0xFAEB7F8F,0x199B7569,ICMP,ICMP/ICMPv6,IPv4,50,325,124,43,81,0,90,19,0.38,11160,5531,5629,0.4957,2631.579,Low,92,Low,Informational,No major policy violations detected,0.887,0.959,IKEv2|Tunnel|AES-128-CBC|DH19|True|IPv4|ICMP
IPSEC-097-19,ipsec-097-19.pcap,test,synthetic_lab_ground_truth,26160,IKEv2,ESP,Tunnel,IPv4,AES-128-CBC,HMAC-SHA256-128,RSA-Signature,Diffie-Hellman,DH19,True,True,28800,True,True,True,0xBD768E50,0x5DE6FB24,Video,TCP/QUIC,IPv4,50,5071,1262,16,1246,0,510,111,0.25,643620,319485,324135,0.4964,4000.0,Medium,92,Low,Informational,No major policy violations detected,0.919,0.859,IKEv2|Tunnel|AES-128-CBC|DH19|True|IPv4|Video
IPSEC-097-20,ipsec-097-20.pcap,test,synthetic_lab_ground_truth,26160,IKEv2,ESP,Tunnel,IPv4,AES-128-CBC,HMAC-SHA256-128,RSA-Signature,Diffie-Hellman,DH19,True,True,1800,False,True,False,0x950C79E6,0xCE437E28,Chat,TCP,IPv4,50,1181,319,27,292,0,276,60,0.27,88044,45971,42073,0.5221,3703.704,Low,92,Low,Informational,No major policy violations detected,0.875,0.743,IKEv2|Tunnel|AES-128-CBC|DH19|True|IPv4|Chat
IPSEC-098-01,ipsec-098-01.pcap,train,synthetic_lab_ground_truth,26160,IKEv2,ESP,Transport,IPv6,AES-128-CBC,HMAC-SHA256-128,RSA-Signature,Diffie-Hellman,DH20,True,True,3600,False,True,False,0xCAA4C12A,0x3ABB958F,Email,TCP,IPv6,50,531,639,17,622,0,369,72,1.2,235791,156062,79729,0.6619,833.333,Medium,92,Low,Informational,No major policy violations detected,0.861,0.711,IKEv2|Transport|AES-128-CBC|DH20|True|IPv6|Email
IPSEC-098-02,ipsec-098-02.pcap,train,synthetic_lab_ground_truth,26160,IKEv2,ESP,Transport,IPv6,AES-128-CBC,HMAC-SHA256-128,RSA-Signature,Diffie-Hellman,DH20,True,True,86400,True,True,True,0xF03F1F4B,0x20EDF015,File-Transfer,TCP,IPv6,50,2279,848,21,827,0,866,273,0.37,734368,477242,257126,0.6499,2702.703,Medium,92,Low,Informational,No major policy violations detected,0.903,0.776,IKEv2|Transport|AES-128-CBC|DH20|True|IPv6|File-Transfer
IPSEC-098-03,ipsec-098-03.pcap,train,synthetic_lab_ground_truth,26160,IKEv2,ESP,Transport,IPv6,AES-128-CBC,HMAC-SHA256-128,RSA-Signature,Diffie-Hellman,DH20,True,True,14400,False,True,False,0x73B0EDEB,0xC68DF92D,VoIP,UDP,IPv6,50,2685,270,42,228,2,229,39,0.1,61830,32060,29770,0.5185,10000.0,Medium,92,Low,Informational,No major policy violations detected,0.891,0.746,IKEv2|Transport|AES-128-CBC|DH20|True|IPv6|VoIP
IPSEC-098-04,ipsec-098-04.pcap,train,synthetic_lab_ground_truth,26160,IKEv2,ESP,Transport,IPv6,AES-128-CBC,HMAC-SHA256-128,RSA-Signature,Diffie-Hellman,DH20,True,True,86400,False,True,False,0x2BDC51C6,0x5267CE21,ICMP,ICMP/ICMPv6,IPv6,50,268,101,26,75,1,101,18,0.38,10201,5245,4956,0.5142,2631.579,Medium,92,Low,Informational,No major policy violations detected,0.872,0.896,IKEv2|Transport|AES-128-CBC|DH20|True|IPv6|ICMP
IPSEC-098-05,ipsec-098-05.pcap,train,synthetic_lab_ground_truth,26160,IKEv2,ESP,Transport,IPv6,AES-128-CBC,HMAC-SHA256-128,RSA-Signature,Diffie-Hellman,DH20,True,True,86400,True,True,True,0xA2306332,0x32EFF0F1,Video,TCP/QUIC,IPv6,50,3715,968,25,943,1,523,111,0.26,506264,197544,308720,0.3902,3846.154,Medium,92,Low,Informational,No major policy violations detected,0.926,0.893,IKEv2|Transport|AES-128-CBC|DH20|True|IPv6|Video
IPSEC-098-06,ipsec-098-06.pcap,train,synthetic_lab_ground_truth,26160,IKEv2,ESP,Transport,IPv6,AES-128-CBC,HMAC-SHA256-128,RSA-Signature,Diffie-Hellman,DH20,True,False,86400,True,True,True,0x8E413F62,0x2E8C7A2B,Chat,TCP,IPv6,50,1481,536,30,506,0,234,68,0.36,125424,61162,64262,0.4876,2777.778,Medium,67,High,Critical,Replay protection disabled,0.919,0.758,IKEv2|Transport|AES-128-CBC|DH20|True|IPv6|Chat
IPSEC-098-07,ipsec-098-07.pcap,train,synthetic_lab_ground_truth,26160,IKEv2,ESP,Transport,IPv6,AES-128-CBC,HMAC-SHA256-128,RSA-Signature,Diffie-Hellman,DH20,True,True,28800,False,True,False,0x7F103875,0xBCEA3F04,Web,TCP,IPv6,50,1838,799,8,791,0,627,242,0.43,500973,187038,313935,0.3733,2325.581,Medium,92,Low,Informational,No major policy violations detected,0.933,0.77,IKEv2|Transport|AES-128-CBC|DH20|True|IPv6|Web
IPSEC-098-08,ipsec-098-08.pcap,train,synthetic_lab_ground_truth,26160,IKEv2,ESP,Transport,IPv6,AES-128-CBC,HMAC-SHA256-128,RSA-Signature,Diffie-Hellman,DH20,True,True,7200,True,True,True,0x44162C0E,0x7183165A,Email,TCP,IPv6,50,482,655,32,623,0,510,195,1.36,334050,201120,132930,0.6021,735.294,Medium,92,Low,Informational,No major policy violations detected,0.889,0.725,IKEv2|Transport|AES-128-CBC|DH20|True|IPv6|Email
IPSEC-098-09,ipsec-098-09.pcap,train,synthetic_lab_ground_truth,26160,IKEv2,ESP,Transport,IPv6,AES-128-CBC,HMAC-SHA256-128,RSA-Signature,Diffie-Hellman,DH20,True,True,600,True,True,True,0x18770847,0x6368199D,File-Transfer,TCP,IPv6,50,4186,1674,11,1663,0,954,214,0.4,1596996,680157,916839,0.4259,2500.0,Medium,92,Low,Informational,No major policy violations detected,0.913,0.811,IKEv2|Transport|AES-128-CBC|DH20|True|IPv6|File-Transfer
IPSEC-098-10,ipsec-098-10.pcap,train,synthetic_lab_ground_truth,26160,IKEv2,ESP,Transport,IPv6,AES-128-CBC,HMAC-SHA256-128,RSA-Signature,Diffie-Hellman,DH20,True,True,7200,True,True,True,0x48C6FF41,0xB56485A1,VoIP,UDP,IPv6,50,2340,210,25,185,0,200,59,0.09,42000,22866,19134,0.5444,10000.0,Medium,92,Low,Informational,No major policy violations detected,0.866,0.735,IKEv2|Transport|AES-128-CBC|DH20|True|IPv6|VoIP
IPSEC-098-11,ipsec-098-11.pcap,train,synthetic_lab_ground_truth,26160,IKEv2,ESP,Transport,IPv6,AES-128-CBC,HMAC-SHA256-128,RSA-Signature,Diffie-Hellman,DH20,True,True,1800,False,True,False,0x1493F0CA,0x32DFDC3F,ICMP,ICMP/ICMPv6,IPv6,50,199,71,22,49,0,93,23,0.36,6603,4208,2395,0.6374,2777.778,Medium,92,Low,Informational,No major policy violations detected,0.906,0.917,IKEv2|Transport|AES-128-CBC|DH20|True|IPv6|ICMP
IPSEC-098-12,ipsec-098-12.pcap,train,synthetic_lab_ground_truth,26160,IKEv2,ESP,Transport,IPv6,AES-128-CBC,HMAC-SHA256-128,RSA-Signature,Diffie-Hellman,DH20,True,True,300,True,True,True,0x9D495DA1,0x20E73FBE,Video,TCP/QUIC,IPv6,50,4632,1225,35,1190,0,533,145,0.26,652925,290068,362857,0.4443,3846.154,Medium,92,Low,Informational,No major policy violations detected,0.895,0.792,IKEv2|Transport|AES-128-CBC|DH20|True|IPv6|Video
IPSEC-098-13,ipsec-098-13.pcap,train,synthetic_lab_ground_truth,26160,IKEv2,ESP,Transport,IPv6,AES-128-CBC,HMAC-SHA256-128,RSA-Signature,Diffie-Hellman,DH20,True,True,28800,True,True,True,0xEC4EB44F,0xBBE46AE6,Chat,TCP,IPv6,50,1056,332,29,303,2,307,125,0.31,101924,51361,50563,0.5039,3225.806,Medium,92,Low,Informational,No major policy violations detected,0.876,0.685,IKEv2|Transport|AES-128-CBC|DH20|True|IPv6|Chat
IPSEC-098-14,ipsec-098-14.pcap,train,synthetic_lab_ground_truth,26160,IKEv2,ESP,Transport,IPv6,AES-128-CBC,HMAC-SHA256-128,RSA-Signature,Diffie-Hellman,DH20,True,True,14400,False,True,False,0x3569374E,0x6D478D61,Web,TCP,IPv6,50,1702,834,42,792,1,533,134,0.49,444522,168866,275656,0.3799,2040.816,Medium,92,Low,Informational,No major policy violations detected,0.889,0.804,IKEv2|Transport|AES-128-CBC|DH20|True|IPv6|Web
IPSEC-098-15,ipsec-098-15.pcap,validation,synthetic_lab_ground_truth,26160,IKEv2,ESP,Transport,IPv6,AES-128-CBC,HMAC-SHA256-128,RSA-Signature,Diffie-Hellman,DH20,True,True,600,True,True,True,0xDCC27748,0xF831162F,Email,TCP,IPv6,50,526,626,24,602,0,401,118,1.19,251026,142695,108331,0.5684,840.336,Medium,92,Low,Informational,No major policy violations detected,0.906,0.769,IKEv2|Transport|AES-128-CBC|DH20|True|IPv6|Email
IPSEC-098-16,ipsec-098-16.pcap,validation,synthetic_lab_ground_truth,26160,IKEv2,ESP,Transport,IPv6,AES-128-CBC,HMAC-SHA256-128,RSA-Signature,Diffie-Hellman,DH20,True,True,7200,False,True,False,0x97560D27,0x65B522AE,File-Transfer,TCP,IPv6,50,4067,2091,33,2058,1,1243,278,0.51,2599113,1158725,1440388,0.4458,1960.784,Medium,92,Low,Informational,No major policy violations detected,0.881,0.807,IKEv2|Transport|AES-128-CBC|DH20|True|IPv6|File-Transfer
IPSEC-098-17,ipsec-098-17.pcap,validation,synthetic_lab_ground_truth,26160,IKEv2,ESP,Transport,IPv6,AES-128-CBC,HMAC-SHA256-128,RSA-Signature,Diffie-Hellman,DH20,True,True,600,False,True,False,0x6A3F99F7,0x1E7656FB,VoIP,UDP,IPv6,50,2045,158,30,128,2,254,48,0.08,40132,21260,18872,0.5298,10000.0,Medium,92,Low,Informational,No major policy violations detected,0.877,0.77,IKEv2|Transport|AES-128-CBC|DH20|True|IPv6|VoIP
IPSEC-098-18,ipsec-098-18.pcap,test,synthetic_lab_ground_truth,26160,IKEv2,ESP,Transport,IPv6,AES-128-CBC,HMAC-SHA256-128,RSA-Signature,Diffie-Hellman,DH20,True,True,14400,False,True,False,0x60A11B64,0xDE65680B,ICMP,ICMP/ICMPv6,IPv6,50,193,79,21,58,1,119,37,0.41,9401,5123,4278,0.5449,2439.024,Medium,92,Low,Informational,No major policy violations detected,0.866,0.865,IKEv2|Transport|AES-128-CBC|DH20|True|IPv6|ICMP
IPSEC-098-19,ipsec-098-19.pcap,test,synthetic_lab_ground_truth,26160,IKEv2,ESP,Transport,IPv6,AES-128-CBC,HMAC-SHA256-128,RSA-Signature,Diffie-Hellman,DH20,True,True,7200,False,True,False,0x62B6F51D,0x63793A8D,Video,TCP/QUIC,IPv6,50,5959,1576,18,1558,0,518,168,0.26,816368,222649,593719,0.2727,3846.154,Medium,92,Low,Informational,No major policy violations detected,0.887,0.831,IKEv2|Transport|AES-128-CBC|DH20|True|IPv6|Video
IPSEC-098-20,ipsec-098-20.pcap,test,synthetic_lab_ground_truth,26160,IKEv2,ESP,Transport,IPv6,AES-128-CBC,HMAC-SHA256-128,RSA-Signature,Diffie-Hellman,DH20,True,False,28800,True,True,True,0xE6CDDB9C,0xA01A625B,Chat,TCP,IPv6,50,949,331,38,293,2,226,35,0.35,74806,39714,35092,0.5309,2857.143,Medium,67,High,Critical,Replay protection disabled,0.92,0.717,IKEv2|Transport|AES-128-CBC|DH20|True|IPv6|Chat
IPSEC-099-01,ipsec-099-01.pcap,train,synthetic_lab_ground_truth,26160,IKEv1,ESP,Transport,IPv4,AES-128-GCM,AEAD-GCM,RSA-Signature,Diffie-Hellman,DH24,False,True,3600,True,True,True,0xE91A4E48,0xF2AB5D27,Email,TCP,IPv4,50,469,587,24,563,1,472,119,1.25,277064,144473,132591,0.5214,800.0,Medium,65,High,High,Legacy IKE version detected; Perfect Forward Secrecy disabled,0.851,0.702,IKEv1|Transport|AES-128-GCM|DH24|False|IPv4|Email
IPSEC-099-02,ipsec-099-02.pcap,train,synthetic_lab_ground_truth,26160,IKEv1,ESP,Transport,IPv4,AES-128-GCM,AEAD-GCM,RSA-Signature,Diffie-Hellman,DH24,False,True,28800,False,True,False,0xBDF6E617,0x4F4D06DF,File-Transfer,TCP,IPv4,50,4350,1823,33,1790,0,833,216,0.42,1518559,750442,768117,0.4942,2380.952,Medium,65,High,High,Legacy IKE version detected; Perfect Forward Secrecy disabled,0.778,0.796,IKEv1|Transport|AES-128-GCM|DH24|False|IPv4|File-Transfer
IPSEC-099-03,ipsec-099-03.pcap,train,synthetic_lab_ground_truth,26160,IKEv1,ESP,Transport,IPv4,AES-128-GCM,AEAD-GCM,RSA-Signature,Diffie-Hellman,DH24,False,True,86400,True,True,True,0x978D0EC0,0xE33621AA,VoIP,UDP,IPv4,50,2624,240,43,197,3,234,60,0.09,56160,30854,25306,0.5494,10000.0,Medium,65,High,High,Legacy IKE version detected; Perfect Forward Secrecy disabled,0.83,0.751,IKEv1|Transport|AES-128-GCM|DH24|False|IPv4|VoIP
IPSEC-099-04,ipsec-099-04.pcap,train,synthetic_lab_ground_truth,26160,IKEv1,ESP,Transport,IPv4,AES-128-GCM,AEAD-GCM,RSA-Signature,Diffie-Hellman,DH24,False,True,1800,True,True,True,0x291D0E48,0xDE8F3461,ICMP,ICMP/ICMPv6,IPv4,50,233,101,32,69,2,85,21,0.43,8585,4637,3948,0.5402,2325.581,Medium,65,High,High,Legacy IKE version detected; Perfect Forward Secrecy disabled,0.837,0.936,IKEv1|Transport|AES-128-GCM|DH24|False|IPv4|ICMP
IPSEC-099-05,ipsec-099-05.pcap,train,synthetic_lab_ground_truth,26160,IKEv1,ESP,Transport,IPv4,AES-128-GCM,AEAD-GCM,RSA-Signature,Diffie-Hellman,DH24,False,True,1800,False,True,False,0x3B53B876,0xA0863740,Video,TCP/QUIC,IPv4,50,4831,1382,18,1364,0,490,139,0.29,677180,145464,531716,0.2148,3448.276,Medium,65,High,High,Legacy IKE version detected; Perfect Forward Secrecy disabled,0.844,0.838,IKEv1|Transport|AES-128-GCM|DH24|False|IPv4|Video
IPSEC-099-06,ipsec-099-06.pcap,train,synthetic_lab_ground_truth,26160,IKEv1,ESP,Transport,IPv4,AES-128-GCM,AEAD-GCM,RSA-Signature,Diffie-Hellman,DH24,False,True,3600,True,True,True,0xAB07CF55,0xC26D9482,Chat,TCP,IPv4,50,774,290,22,268,0,271,63,0.37,78590,40558,38032,0.5161,2702.703,Medium,65,High,High,Legacy IKE version detected; Perfect Forward Secrecy disabled,0.817,0.7,IKEv1|Transport|AES-128-GCM|DH24|False|IPv4|Chat
IPSEC-099-07,ipsec-099-07.pcap,train,synthetic_lab_ground_truth,26160,IKEv1,ESP,Transport,IPv4,AES-128-GCM,AEAD-GCM,RSA-Signature,Diffie-Hellman,DH24,False,True,14400,False,True,False,0x7B36F081,0x2A6AEAB6,Web,TCP,IPv4,50,2337,962,42,920,0,611,105,0.41,587782,168314,419468,0.2864,2439.024,Medium,65,High,High,Legacy IKE version detected; Perfect Forward Secrecy disabled,0.853,0.834,IKEv1|Transport|AES-128-GCM|DH24|False|IPv4|Web
IPSEC-099-08,ipsec-099-08.pcap,train,synthetic_lab_ground_truth,26160,IKEv1,ESP,Transport,IPv4,AES-128-GCM,AEAD-GCM,RSA-Signature,Diffie-Hellman,DH24,False,True,7200,False,True,False,0x7AC93418,0xA4A01291,Email,TCP,IPv4,50,589,847,25,822,1,464,55,1.44,393008,182805,210203,0.4651,694.444,Medium,65,High,High,Legacy IKE version detected; Perfect Forward Secrecy disabled,0.867,0.722,IKEv1|Transport|AES-128-GCM|DH24|False|IPv4|Email
IPSEC-099-09,ipsec-099-09.pcap,train,synthetic_lab_ground_truth,26160,IKEv1,ESP,Transport,IPv4,AES-128-GCM,AEAD-GCM,RSA-Signature,Diffie-Hellman,DH24,False,True,172800,False,True,False,0x16358A37,0xCF8D49C3,File-Transfer,TCP,IPv4,50,2139,890,12,878,1,845,248,0.42,752050,343242,408808,0.4564,2380.952,Medium,57,High,High,Legacy IKE version detected; Perfect Forward Secrecy disabled; Long Security Association lifetime,0.786,0.844,IKEv1|Transport|AES-128-GCM|DH24|False|IPv4|File-Transfer
IPSEC-099-10,ipsec-099-10.pcap,train,synthetic_lab_ground_truth,26160,IKEv1,ESP,Transport,IPv4,AES-128-GCM,AEAD-GCM,RSA-Signature,Diffie-Hellman,DH24,False,False,14400,False,True,False,0xA5BD346F,0x27C1A9EE,VoIP,UDP,IPv4,50,2606,224,26,198,1,199,57,0.09,44576,24073,20503,0.54,10000.0,Medium,40,Critical,Critical,Legacy IKE version detected; Perfect Forward Secrecy disabled; Replay protection disabled,0.866,0.83,IKEv1|Transport|AES-128-GCM|DH24|False|IPv4|VoIP
IPSEC-099-11,ipsec-099-11.pcap,train,synthetic_lab_ground_truth,26160,IKEv1,ESP,Transport,IPv4,AES-128-GCM,AEAD-GCM,RSA-Signature,Diffie-Hellman,DH24,False,True,3600,True,True,True,0xF36C1070,0x6E6342D4,ICMP,ICMP/ICMPv6,IPv4,50,257,98,43,55,0,104,23,0.38,10192,4401,5791,0.4319,2631.579,Medium,65,High,High,Legacy IKE version detected; Perfect Forward Secrecy disabled,0.827,0.953,IKEv1|Transport|AES-128-GCM|DH24|False|IPv4|ICMP
IPSEC-099-12,ipsec-099-12.pcap,train,synthetic_lab_ground_truth,26160,IKEv1,ESP,Transport,IPv4,AES-128-GCM,AEAD-GCM,RSA-Signature,Diffie-Hellman,DH24,False,True,86400,False,True,False,0x4D6382F1,0x4D896844,Video,TCP/QUIC,IPv4,50,3077,721,22,699,1,482,108,0.23,347522,101436,246086,0.2919,4347.826,Medium,65,High,High,Legacy IKE version detected; Perfect Forward Secrecy disabled,0.838,0.812,IKEv1|Transport|AES-128-GCM|DH24|False|IPv4|Video
IPSEC-099-13,ipsec-099-13.pcap,train,synthetic_lab_ground_truth,26160,IKEv1,ESP,Transport,IPv4,AES-128-GCM,AEAD-GCM,RSA-Signature,Diffie-Hellman,DH24,False,True,3600,False,True,False,0xE1F6927E,0xA44E4DB5,Chat,TCP,IPv4,50,1296,450,14,436,1,253,91,0.35,113850,56344,57506,0.4949,2857.143,Medium,65,High,High,Legacy IKE version detected; Perfect Forward Secrecy disabled,0.806,0.768,IKEv1|Transport|AES-128-GCM|DH24|False|IPv4|Chat
IPSEC-099-14,ipsec-099-14.pcap,train,synthetic_lab_ground_truth,26160,IKEv1,ESP,Transport,IPv4,AES-128-GCM,AEAD-GCM,RSA-Signature,Diffie-Hellman,DH24,False,True,1800,False,True,False,0x7FB9ED27,0xC2D8AFA1,Web,TCP,IPv4,50,2255,990,13,977,0,474,142,0.44,469260,171471,297789,0.3654,2272.727,Medium,65,High,High,Legacy IKE version detected; Perfect Forward Secrecy disabled,0.771,0.829,IKEv1|Transport|AES-128-GCM|DH24|False|IPv4|Web
IPSEC-099-15,ipsec-099-15.pcap,validation,synthetic_lab_ground_truth,26160,IKEv1,ESP,Transport,IPv4,AES-128-GCM,AEAD-GCM,RSA-Signature,Diffie-Hellman,DH24,False,True,7200,True,True,True,0x366B68BC,0x7FC2B1E0,Email,TCP,IPv4,50,450,568,19,549,0,492,127,1.26,279456,146261,133195,0.5234,793.651,Medium,65,High,High,Legacy IKE version detected; Perfect Forward Secrecy disabled,0.776,0.745,IKEv1|Transport|AES-128-GCM|DH24|False|IPv4|Email
IPSEC-099-16,ipsec-099-16.pcap,validation,synthetic_lab_ground_truth,26160,IKEv1,ESP,Transport,IPv4,AES-128-GCM,AEAD-GCM,RSA-Signature,Diffie-Hellman,DH24,False,True,28800,False,True,False,0x4BFA7D2E,0x7BC4F689,File-Transfer,TCP,IPv4,50,3482,1839,19,1820,0,866,303,0.53,1592574,782513,810061,0.4914,1886.792,Medium,65,High,High,Legacy IKE version detected; Perfect Forward Secrecy disabled,0.8,0.832,IKEv1|Transport|AES-128-GCM|DH24|False|IPv4|File-Transfer
IPSEC-099-17,ipsec-099-17.pcap,validation,synthetic_lab_ground_truth,26160,IKEv1,ESP,Transport,IPv4,AES-128-GCM,AEAD-GCM,RSA-Signature,Diffie-Hellman,DH24,False,True,86400,True,True,True,0x55201BDB,0xD20C37AE,VoIP,UDP,IPv4,50,2699,247,19,228,0,266,98,0.09,65702,28954,36748,0.4407,10000.0,Medium,65,High,High,Legacy IKE version detected; Perfect Forward Secrecy disabled,0.809,0.802,IKEv1|Transport|AES-128-GCM|DH24|False|IPv4|VoIP
IPSEC-099-18,ipsec-099-18.pcap,test,synthetic_lab_ground_truth,26160,IKEv1,ESP,Transport,IPv4,AES-128-GCM,AEAD-GCM,RSA-Signature,Diffie-Hellman,DH24,False,True,3600,False,True,False,0x3240B9B4,0x8CAD66B0,ICMP,ICMP/ICMPv6,IPv4,50,233,88,17,71,2,90,19,0.38,7920,4355,3565,0.55,2631.579,Medium,65,High,High,Legacy IKE version detected; Perfect Forward Secrecy disabled,0.812,0.871,IKEv1|Transport|AES-128-GCM|DH24|False|IPv4|ICMP
IPSEC-099-19,ipsec-099-19.pcap,test,synthetic_lab_ground_truth,26160,IKEv1,ESP,Transport,IPv4,AES-128-GCM,AEAD-GCM,RSA-Signature,Diffie-Hellman,DH24,False,True,3600,False,True,False,0x75BE192C,0x79E784AE,Video,TCP/QUIC,IPv4,50,4258,1248,33,1215,2,458,102,0.29,571584,164914,406670,0.2885,3448.276,Medium,65,High,High,Legacy IKE version detected; Perfect Forward Secrecy disabled,0.861,0.847,IKEv1|Transport|AES-128-GCM|DH24|False|IPv4|Video
IPSEC-099-20,ipsec-099-20.pcap,test,synthetic_lab_ground_truth,26160,IKEv1,ESP,Transport,IPv4,AES-128-GCM,AEAD-GCM,RSA-Signature,Diffie-Hellman,DH24,False,True,7200,False,True,False,0xFEDBD86A,0xF66BA6EE,Chat,TCP,IPv4,50,1010,343,30,313,2,279,62,0.34,95697,39133,56564,0.4089,2941.176,Medium,65,High,High,Legacy IKE version detected; Perfect Forward Secrecy disabled,0.794,0.733,IKEv1|Transport|AES-128-GCM|DH24|False|IPv4|Chat
IPSEC-100-01,ipsec-100-01.pcap,train,synthetic_lab_ground_truth,26160,IKEv1,ESP,Transport,IPv4,AES-128-GCM,AEAD-GCM,PSK,Diffie-Hellman,DH24,True,True,86400,True,True,True,0x6DEFF588,0x89514DFA,Email,TCP,IPv4,50,443,550,41,509,0,515,156,1.24,283250,79951,203299,0.2823,806.452,Medium,75,Medium,High,Legacy IKE version detected,0.848,0.662,IKEv1|Transport|AES-128-GCM|DH24|True|IPv4|Email
IPSEC-100-02,ipsec-100-02.pcap,train,synthetic_lab_ground_truth,26160,IKEv1,ESP,Transport,IPv4,AES-128-GCM,AEAD-GCM,PSK,Diffie-Hellman,DH24,True,True,28800,False,True,False,0x5E2D3216,0x5EEF4E84,File-Transfer,TCP,IPv4,50,3659,1483,12,1471,0,831,63,0.41,1232373,548018,684355,0.4447,2439.024,Medium,75,Medium,High,Legacy IKE version detected,0.791,0.853,IKEv1|Transport|AES-128-GCM|DH24|True|IPv4|File-Transfer
IPSEC-100-03,ipsec-100-03.pcap,train,synthetic_lab_ground_truth,26160,IKEv1,ESP,Transport,IPv4,AES-128-GCM,AEAD-GCM,PSK,Diffie-Hellman,DH24,True,True,1800,False,True,False,0xA5C1D62C,0x16F51BFC,VoIP,UDP,IPv4,50,3255,280,11,269,1,168,45,0.09,47040,24283,22757,0.5162,10000.0,Medium,75,Medium,High,Legacy IKE version detected,0.835,0.78,IKEv1|Transport|AES-128-GCM|DH24|True|IPv4|VoIP
IPSEC-100-04,ipsec-100-04.pcap,train,synthetic_lab_ground_truth,26160,IKEv1,ESP,Transport,IPv4,AES-128-GCM,AEAD-GCM,PSK,Diffie-Hellman,DH24,True,True,7200,False,True,False,0xF43A82D1,0xB07BD9FA,ICMP,ICMP/ICMPv6,IPv4,50,309,129,28,101,0,91,20,0.42,11739,6856,4883,0.5841,2380.952,Medium,75,Medium,High,Legacy IKE version detected,0.849,0.909,IKEv1|Transport|AES-128-GCM|DH24|True|IPv4|ICMP
IPSEC-100-05,ipsec-100-05.pcap,train,synthetic_lab_ground_truth,26160,IKEv1,ESP,Transport,IPv4,AES-128-GCM,AEAD-GCM,PSK,Diffie-Hellman,DH24,True,False,3600,False,True,False,0x923C63A9,0x9DA5D5EE,Video,TCP/QUIC,IPv4,50,3047,707,37,670,1,484,126,0.23,342188,124006,218182,0.3624,4347.826,Medium,50,High,Critical,Legacy IKE version detected; Replay protection disabled,0.789,0.838,IKEv1|Transport|AES-128-GCM|DH24|True|IPv4|Video
IPSEC-100-06,ipsec-100-06.pcap,train,synthetic_lab_ground_truth,26160,IKEv1,ESP,Transport,IPv4,AES-128-GCM,AEAD-GCM,PSK,Diffie-Hellman,DH24,True,True,28800,True,True,True,0xD6A821F3,0xE5A728B3,Chat,TCP,IPv4,50,1329,398,9,389,0,315,71,0.3,125370,38463,86907,0.3068,3333.333,Medium,75,Medium,High,Legacy IKE version detected,0.831,0.733,IKEv1|Transport|AES-128-GCM|DH24|True|IPv4|Chat
IPSEC-100-07,ipsec-100-07.pcap,train,synthetic_lab_ground_truth,26160,IKEv1,ESP,Transport,IPv4,AES-128-GCM,AEAD-GCM,PSK,Diffie-Hellman,DH24,True,True,300,True,True,True,0x99B787F0,0xB3D43428,Web,TCP,IPv4,50,2009,796,40,756,0,651,91,0.4,518196,243744,274452,0.4704,2500.0,Medium,75,Medium,High,Legacy IKE version detected,0.809,0.807,IKEv1|Transport|AES-128-GCM|DH24|True|IPv4|Web
IPSEC-100-08,ipsec-100-08.pcap,train,synthetic_lab_ground_truth,26160,IKEv1,ESP,Transport,IPv4,AES-128-GCM,AEAD-GCM,PSK,Diffie-Hellman,DH24,True,True,1800,True,True,True,0x2B728E29,0x52470EEC,Email,TCP,IPv4,50,881,1193,20,1173,0,460,85,1.35,548780,255914,292866,0.4663,740.741,Medium,75,Medium,High,Legacy IKE version detected,0.801,0.696,IKEv1|Transport|AES-128-GCM|DH24|True|IPv4|Email
IPSEC-100-09,ipsec-100-09.pcap,train,synthetic_lab_ground_truth,26160,IKEv1,ESP,Transport,IPv4,AES-128-GCM,AEAD-GCM,PSK,Diffie-Hellman,DH24,True,False,14400,False,True,False,0x214F38B4,0xB5528CF4,File-Transfer,TCP,IPv4,50,2375,1266,40,1226,2,939,215,0.53,1188774,559530,629244,0.4707,1886.792,Medium,50,High,Critical,Legacy IKE version detected; Replay protection disabled,0.885,0.772,IKEv1|Transport|AES-128-GCM|DH24|True|IPv4|File-Transfer
IPSEC-100-10,ipsec-100-10.pcap,train,synthetic_lab_ground_truth,26160,IKEv1,ESP,Transport,IPv4,AES-128-GCM,AEAD-GCM,PSK,Diffie-Hellman,DH24,True,True,28800,False,True,False,0xD619E705,0xA106D106,VoIP,UDP,IPv4,50,2670,231,22,209,2,186,25,0.09,42966,23302,19664,0.5423,10000.0,Medium,75,Medium,High,Legacy IKE version detected,0.801,0.808,IKEv1|Transport|AES-128-GCM|DH24|True|IPv4|VoIP
IPSEC-100-11,ipsec-100-11.pcap,train,synthetic_lab_ground_truth,26160,IKEv1,ESP,Transport,IPv4,AES-128-GCM,AEAD-GCM,PSK,Diffie-Hellman,DH24,True,True,86400,False,True,False,0x18E7BE8A,0x9A2FB670,ICMP,ICMP/ICMPv6,IPv4,50,276,111,30,81,0,106,26,0.4,11766,5929,5837,0.504,2500.0,Medium,75,Medium,High,Legacy IKE version detected,0.777,0.968,IKEv1|Transport|AES-128-GCM|DH24|True|IPv4|ICMP
IPSEC-100-12,ipsec-100-12.pcap,train,synthetic_lab_ground_truth,26160,IKEv1,ESP,Transport,IPv4,AES-128-GCM,AEAD-GCM,PSK,Diffie-Hellman,DH24,True,True,600,False,True,False,0xAF16EDD5,0xA18055EC,Video,TCP/QUIC,IPv4,50,4504,1153,18,1135,1,554,79,0.26,638762,197617,441145,0.3094,3846.154,Medium,75,Medium,High,Legacy IKE version detected,0.821,0.798,IKEv1|Transport|AES-128-GCM|DH24|True|IPv4|Video
IPSEC-100-13,ipsec-100-13.pcap,train,synthetic_lab_ground_truth,26160,IKEv1,ESP,Transport,IPv4,AES-128-GCM,AEAD-GCM,PSK,Diffie-Hellman,DH24,True,True,14400,True,True,True,0xFDC2B9BA,0xFF5424B7,Chat,TCP,IPv4,50,1314,485,35,450,2,221,38,0.37,107185,61390,45795,0.5728,2702.703,Medium,75,Medium,High,Legacy IKE version detected,0.811,0.672,IKEv1|Transport|AES-128-GCM|DH24|True|IPv4|Chat
IPSEC-100-14,ipsec-100-14.pcap,train,synthetic_lab_ground_truth,26160,IKEv1,ESP,Transport,IPv4,AES-128-GCM,AEAD-GCM,PSK,Diffie-Hellman,DH24,True,True,28800,False,True,False,0x47641E37,0xE0E87672,Web,TCP,IPv4,50,1387,673,40,633,0,633,187,0.49,426009,86568,339441,0.2032,2040.816,Medium,75,Medium,High,Legacy IKE version detected,0.859,0.757,IKEv1|Transport|AES-128-GCM|DH24|True|IPv4|Web
IPSEC-100-15,ipsec-100-15.pcap,validation,synthetic_lab_ground_truth,26160,IKEv1,ESP,Transport,IPv4,AES-128-GCM,AEAD-GCM,PSK,Diffie-Hellman,DH24,True,True,7200,False,True,False,0x8561ADC0,0x9A90DDEA,Email,TCP,IPv4,50,545,640,15,625,2,485,111,1.17,310400,97364,213036,0.3137,854.701,Medium,75,Medium,High,Legacy IKE version detected,0.829,0.747,IKEv1|Transport|AES-128-GCM|DH24|True|IPv4|Email
IPSEC-100-16,ipsec-100-16.pcap,validation,synthetic_lab_ground_truth,26160,IKEv1,ESP,Transport,IPv4,AES-128-GCM,AEAD-GCM,PSK,Diffie-Hellman,DH24,True,True,86400,False,True,False,0x99EB5FB9,0x24D3262C,File-Transfer,TCP,IPv4,50,2481,1276,33,1243,2,800,203,0.51,1020800,368938,651862,0.3614,1960.784,Medium,75,Medium,High,Legacy IKE version detected,0.861,0.845,IKEv1|Transport|AES-128-GCM|DH24|True|IPv4|File-Transfer
IPSEC-100-17,ipsec-100-17.pcap,validation,synthetic_lab_ground_truth,26160,IKEv1,ESP,Transport,IPv4,AES-128-GCM,AEAD-GCM,PSK,Diffie-Hellman,DH24,True,True,3600,False,True,False,0x3DB669CE,0xE7E88A94,VoIP,UDP,IPv4,50,2859,230,44,186,0,228,60,0.08,52440,35046,17394,0.6683,10000.0,Medium,75,Medium,High,Legacy IKE version detected,0.793,0.831,IKEv1|Transport|AES-128-GCM|DH24|True|IPv4|VoIP
IPSEC-100-18,ipsec-100-18.pcap,test,synthetic_lab_ground_truth,26160,IKEv1,ESP,Transport,IPv4,AES-128-GCM,AEAD-GCM,PSK,Diffie-Hellman,DH24,True,True,1800,True,True,True,0xA91E02F6,0x435628A0,ICMP,ICMP/ICMPv6,IPv4,50,188,78,23,55,1,103,8,0.41,8034,3873,4161,0.4822,2439.024,Medium,75,Medium,High,Legacy IKE version detected,0.788,0.869,IKEv1|Transport|AES-128-GCM|DH24|True|IPv4|ICMP
IPSEC-100-19,ipsec-100-19.pcap,test,synthetic_lab_ground_truth,26160,IKEv1,ESP,Transport,IPv4,AES-128-GCM,AEAD-GCM,PSK,Diffie-Hellman,DH24,True,True,14400,False,True,False,0x47D8DEAA,0x6D903E49,Video,TCP/QUIC,IPv4,50,4307,1030,25,1005,1,530,132,0.24,545900,141055,404845,0.2584,4166.667,Medium,75,Medium,High,Legacy IKE version detected,0.839,0.782,IKEv1|Transport|AES-128-GCM|DH24|True|IPv4|Video
IPSEC-100-20,ipsec-100-20.pcap,test,synthetic_lab_ground_truth,26160,IKEv1,ESP,Transport,IPv4,AES-128-GCM,AEAD-GCM,PSK,Diffie-Hellman,DH24,True,True,3600,True,True,True,0xD45AD408,0x140A154F,Chat,TCP,IPv4,50,764,234,44,190,3,260,67,0.31,60840,28092,32748,0.4617,3225.806,Medium,75,Medium,High,Legacy IKE version detected,0.884,0.716,IKEv1|Transport|AES-128-GCM|DH24|True|IPv4|Chat
